[03:32:21] POOL START wave=s3crn runid=20260927-033219-2062 restart=0 pid=2062 winpid=54664 head=108a0adf55acdb5743cd70a347fc7810fbcefe24 src=2a36d14ad942 ext=ea7002772ad1 harness=outputs/_cl_obs_crn.py dirty_tracked=0 queue=outputs/_cl_s3_crn_queue.txt maxpar=5 minfree_kb=3500000
[03:32:22] ENV 3.10.11 mesa 1.2.1  prereg_sha256=729d98c97b8d48f8 queue_sha256=79136da5ecc86baf
[03:32:22] SHIPPED BASE_STATION_MODE=3 BASE_STATION_RETURN_MECHANISM=2 BASE_STATION_DEPOTS=9 BASE_STATION_SPAWN_SPLIT=2 UAV_RETURN_TO_BASE_RESERVE=0.0 BASE_STATION_RETURN_MARGIN=39.23 BASE_STATION_DOCK_FIX=2 BASE_STATION_RETURN_STALL_LIMIT=3 BASE_STATION_WAYPOINT_FIX=1 ROUTE_BLOCK_STALE_CLEAR=1 VICTIM_SEARCHER_HAZARD_RETREAT_RANGE=99 BASE_STATION_FIREPROOF=1 BASE_STATION_FIREPROOF_DRY_RUN=0 VICTIM_SEARCHER_HAZARD_GATE_BOUNDS_FIX=1 FF_FIREFIGHT_EXTINGUISH=1 FF_FIREFIGHT_FIREBREAK=1 FF_FIREFIGHT_ENGAGED_RETREAT_RANGE=1 FF_FIREFIGHT_MISSION_GATE=0 FF_FIREFIGHT_DRY_RUN=0 FF_EXIT_LEG_MODE=0 FF_EXIT_LEG_HOLD=0 FF_EXIT_LEG_SERVED=0 ff_exit_leg_mode()=0 ff_exit_leg_hold()=False ff_exit_leg_served()=0
[03:32:23] SHIPPED-CONTROL head=6160438
BASE_STATION_MODE=3 BASE_STATION_RETURN_MECHANISM=2 BASE_STATION_DEPOTS=9 BASE_STATION_SPAWN_SPLIT=2 UAV_RETURN_TO_BASE_RESERVE=0.0 BASE_STATION_RETURN_MARGIN=39.23 BASE_STATION_DOCK_FIX=2 BASE_STATION_RETURN_STALL_LIMIT=3 BASE_STATION_WAYPOINT_FIX=1 ROUTE_BLOCK_STALE_CLEAR=1 VICTIM_SEARCHER_HAZARD_RETREAT_RANGE=99 BASE_STATION_FIREPROOF=1 BASE_STATION_FIREPROOF_DRY_RUN=0 VICTIM_SEARCHER_HAZARD_GATE_BOUNDS_FIX=1 FF_FIREFIGHT_EXTINGUISH=1 FF_FIREFIGHT_FIREBREAK=1 FF_FIREFIGHT_ENGAGED_RETREAT_RANGE=1 FF_FIREFIGHT_MISSION_GATE=0 FF_FIREFIGHT_DRY_RUN=0 FF_EXIT_LEG_MODE=ABSENT FF_EXIT_LEG_HOLD=ABSENT FF_EXIT_LEG_SERVED=ABSENT ff_exit_leg_mode()=ABSENT ff_exit_leg_hold()=ABSENT ff_exit_leg_served()=ABSENT
[03:32:24] VALIDATE total=238 valid=0 invalid=0 missing=238
[03:32:24] START STATE wave=s3crn total=238 valid=0 pending=238 live_orphans_this_wave=2 sims_boxwide=2 free_kb=15970088
[03:32:25] HEARTBEAT pid=2183 every 60s -> outputs/_cl_s3_crn_wave.log ; state file outputs/_cl_s3_crn_state.txt ; sentinel outputs/_cl_s3_crn_hb_20260927-033219-2062.stop
[03:32:26] LAUNCH clKC_east_half_1506055301 running=1 free_kb=15943260 sims_boxwide=2 attempt=1 src=2a36d14ad942 ext=ea7002772ad1 head=108a0adf55acdb5743cd70a347fc7810fbcefe24
[03:32:39] LAUNCH clKC_east_half_1999015533 running=2 free_kb=13372460 sims_boxwide=4 attempt=1 src=2a36d14ad942 ext=ea7002772ad1 head=108a0adf55acdb5743cd70a347fc7810fbcefe24
[03:32:52] LAUNCH clKC_east_half_2095654154 running=3 free_kb=11529320 sims_boxwide=6 attempt=1 src=2a36d14ad942 ext=ea7002772ad1 head=108a0adf55acdb5743cd70a347fc7810fbcefe24
[03:33:05] LAUNCH clKC_east_half_824498143 running=4 free_kb=8955416 sims_boxwide=8 attempt=1 src=2a36d14ad942 ext=ea7002772ad1 head=108a0adf55acdb5743cd70a347fc7810fbcefe24
[03:33:19] LAUNCH clKC_east_half_1468405687 running=5 free_kb=6298972 sims_boxwide=10 attempt=1 src=2a36d14ad942 ext=ea7002772ad1 head=108a0adf55acdb5743cd70a347fc7810fbcefe24
[03:33:25] .. alive runid=20260927-033219-2062 event_age=6s | wave=s3crn total=238 valid=0 running=5 pending=233 launched=5 failed=0 gaveup=0 forkfail=0 free_kb=6298972 sims_boxwide=10 last_event_age=0s last_event_epoch=1790472799
[03:34:25] .. alive runid=20260927-033219-2062 event_age=66s | wave=s3crn total=238 valid=0 running=5 pending=233 launched=5 failed=0 gaveup=0 forkfail=0 free_kb=6298972 sims_boxwide=10 last_event_age=0s last_event_epoch=1790472799
[03:35:25] .. alive runid=20260927-033219-2062 event_age=126s | wave=s3crn total=238 valid=0 running=5 pending=233 launched=5 failed=0 gaveup=0 forkfail=0 free_kb=6298972 sims_boxwide=10 last_event_age=0s last_event_epoch=1790472799
[03:36:25] .. alive runid=20260927-033219-2062 event_age=186s | wave=s3crn total=238 valid=0 running=5 pending=233 launched=5 failed=0 gaveup=0 forkfail=0 free_kb=6298972 sims_boxwide=10 last_event_age=0s last_event_epoch=1790472799
[03:37:25] .. alive runid=20260927-033219-2062 event_age=246s | wave=s3crn total=238 valid=0 running=5 pending=233 launched=5 failed=0 gaveup=0 forkfail=0 free_kb=6298972 sims_boxwide=10 last_event_age=0s last_event_epoch=1790472799
[03:38:25] .. alive runid=20260927-033219-2062 event_age=306s | wave=s3crn total=238 valid=0 running=5 pending=233 launched=5 failed=0 gaveup=0 forkfail=0 free_kb=6298972 sims_boxwide=10 last_event_age=0s last_event_epoch=1790472799
[03:39:25] .. alive runid=20260927-033219-2062 event_age=366s | wave=s3crn total=238 valid=0 running=5 pending=233 launched=5 failed=0 gaveup=0 forkfail=0 free_kb=6298972 sims_boxwide=10 last_event_age=0s last_event_epoch=1790472799
[03:40:25] .. alive runid=20260927-033219-2062 event_age=426s | wave=s3crn total=238 valid=0 running=5 pending=233 launched=5 failed=0 gaveup=0 forkfail=0 free_kb=6298972 sims_boxwide=10 last_event_age=0s last_event_epoch=1790472799
[03:41:25] .. alive runid=20260927-033219-2062 event_age=486s | wave=s3crn total=238 valid=0 running=5 pending=233 launched=5 failed=0 gaveup=0 forkfail=0 free_kb=6298972 sims_boxwide=10 last_event_age=0s last_event_epoch=1790472799
[03:42:25] .. alive runid=20260927-033219-2062 event_age=546s | wave=s3crn total=238 valid=0 running=5 pending=233 launched=5 failed=0 gaveup=0 forkfail=0 free_kb=6298972 sims_boxwide=10 last_event_age=0s last_event_epoch=1790472799
[03:43:25] .. alive runid=20260927-033219-2062 event_age=606s | wave=s3crn total=238 valid=0 running=5 pending=233 launched=5 failed=0 gaveup=0 forkfail=0 free_kb=6298972 sims_boxwide=10 last_event_age=0s last_event_epoch=1790472799
[03:44:26] .. alive runid=20260927-033219-2062 event_age=667s | wave=s3crn total=238 valid=0 running=5 pending=233 launched=5 failed=0 gaveup=0 forkfail=0 free_kb=6298972 sims_boxwide=10 last_event_age=0s last_event_epoch=1790472799
[03:45:26] .. alive runid=20260927-033219-2062 event_age=727s | wave=s3crn total=238 valid=0 running=5 pending=233 launched=5 failed=0 gaveup=0 forkfail=0 free_kb=6298972 sims_boxwide=10 last_event_age=0s last_event_epoch=1790472799
[03:46:26] .. alive runid=20260927-033219-2062 event_age=787s | wave=s3crn total=238 valid=0 running=5 pending=233 launched=5 failed=0 gaveup=0 forkfail=0 free_kb=6298972 sims_boxwide=10 last_event_age=0s last_event_epoch=1790472799
[03:47:26] .. alive runid=20260927-033219-2062 event_age=847s | wave=s3crn total=238 valid=0 running=5 pending=233 launched=5 failed=0 gaveup=0 forkfail=0 free_kb=6298972 sims_boxwide=10 last_event_age=0s last_event_epoch=1790472799
[03:48:26] .. alive runid=20260927-033219-2062 event_age=907s | wave=s3crn total=238 valid=0 running=5 pending=233 launched=5 failed=0 gaveup=0 forkfail=0 free_kb=6298972 sims_boxwide=10 last_event_age=0s last_event_epoch=1790472799
[03:48:41] DONE clKC_east_half_1999015533 rc=0 961s clKC east/half seed=1999015533 rescued=3 dead=1 unreachable=0 never_detected=0 ff_deaths=0 terminal=150 completions=3 recycles=3 removals=3 returns=3 wall=959s [valid 1/238] src=2a36d14ad942 ext=ea7002772ad1 head=108a0adf55acdb5743cd70a347fc7810fbcefe24
[03:48:42] LAUNCH clKC_east_half_731846821 running=5 free_kb=4318488 sims_boxwide=11 attempt=1 src=2a36d14ad942 ext=ea7002772ad1 head=108a0adf55acdb5743cd70a347fc7810fbcefe24
[03:49:25] DONE clKC_east_half_1468405687 rc=0 966s clKC east/half seed=1468405687 rescued=4 dead=0 unreachable=0 never_detected=0 ff_deaths=0 terminal=126 completions=4 recycles=4 removals=4 returns=4 wall=964s [valid 2/238] src=2a36d14ad942 ext=ea7002772ad1 head=108a0adf55acdb5743cd70a347fc7810fbcefe24
[03:49:26] .. alive runid=20260927-033219-2062 event_age=1s | wave=s3crn total=238 valid=2 running=4 pending=232 launched=6 failed=0 gaveup=0 forkfail=0 free_kb=4249660 sims_boxwide=11 last_event_age=1s last_event_epoch=1790473765
[03:49:27] LAUNCH clKC_east_half_1301429659 running=5 free_kb=4249660 sims_boxwide=11 attempt=1 src=2a36d14ad942 ext=ea7002772ad1 head=108a0adf55acdb5743cd70a347fc7810fbcefe24
[03:49:58] DONE clKC_east_half_1506055301 rc=0 1051s clKC east/half seed=1506055301 rescued=3 dead=1 unreachable=0 never_detected=0 ff_deaths=0 terminal=150 completions=3 recycles=3 removals=3 returns=3 wall=1050s [valid 3/238] src=2a36d14ad942 ext=ea7002772ad1 head=108a0adf55acdb5743cd70a347fc7810fbcefe24
[03:49:59] LAUNCH clKC_east_half_53258209 running=5 free_kb=4312200 sims_boxwide=11 attempt=1 src=2a36d14ad942 ext=ea7002772ad1 head=108a0adf55acdb5743cd70a347fc7810fbcefe24
[03:50:12] DONE clKC_east_half_824498143 rc=0 1026s clKC east/half seed=824498143 rescued=3 dead=1 unreachable=0 never_detected=0 ff_deaths=0 terminal=139 completions=3 recycles=3 removals=3 returns=3 wall=1023s [valid 4/238] src=2a36d14ad942 ext=ea7002772ad1 head=108a0adf55acdb5743cd70a347fc7810fbcefe24
[03:50:13] LAUNCH clKC_east_half_1341701987 running=5 free_kb=4335768 sims_boxwide=11 attempt=1 src=2a36d14ad942 ext=ea7002772ad1 head=108a0adf55acdb5743cd70a347fc7810fbcefe24
[03:50:26] .. alive runid=20260927-033219-2062 event_age=13s | wave=s3crn total=238 valid=4 running=5 pending=229 launched=9 failed=0 gaveup=0 forkfail=0 free_kb=4335768 sims_boxwide=11 last_event_age=0s last_event_epoch=1790473813
[03:51:26] .. alive runid=20260927-033219-2062 event_age=73s | wave=s3crn total=238 valid=4 running=5 pending=229 launched=9 failed=0 gaveup=0 forkfail=0 free_kb=4335768 sims_boxwide=11 last_event_age=0s last_event_epoch=1790473813
[03:52:00] DONE clKC_east_half_2095654154 rc=0 1147s clKC east/half seed=2095654154 rescued=2 dead=2 unreachable=0 never_detected=0 ff_deaths=0 terminal=193 completions=2 recycles=2 removals=2 returns=2 wall=1145s [valid 5/238] src=2a36d14ad942 ext=ea7002772ad1 head=108a0adf55acdb5743cd70a347fc7810fbcefe24
[03:52:01] LAUNCH clKC_east_half_264075293 running=5 free_kb=4419876 sims_boxwide=11 attempt=1 src=2a36d14ad942 ext=ea7002772ad1 head=108a0adf55acdb5743cd70a347fc7810fbcefe24
[03:52:26] .. alive runid=20260927-033219-2062 event_age=25s | wave=s3crn total=238 valid=5 running=5 pending=228 launched=10 failed=0 gaveup=0 forkfail=0 free_kb=4419876 sims_boxwide=11 last_event_age=0s last_event_epoch=1790473921
[03:53:26] .. alive runid=20260927-033219-2062 event_age=85s | wave=s3crn total=238 valid=5 running=5 pending=228 launched=10 failed=0 gaveup=0 forkfail=0 free_kb=4419876 sims_boxwide=11 last_event_age=0s last_event_epoch=1790473921
[03:54:26] .. alive runid=20260927-033219-2062 event_age=145s | wave=s3crn total=238 valid=5 running=5 pending=228 launched=10 failed=0 gaveup=0 forkfail=0 free_kb=4419876 sims_boxwide=11 last_event_age=0s last_event_epoch=1790473921
[03:55:27] .. alive runid=20260927-033219-2062 event_age=206s | wave=s3crn total=238 valid=5 running=5 pending=228 launched=10 failed=0 gaveup=0 forkfail=0 free_kb=4419876 sims_boxwide=11 last_event_age=0s last_event_epoch=1790473921
[03:56:27] .. alive runid=20260927-033219-2062 event_age=266s | wave=s3crn total=238 valid=5 running=5 pending=228 launched=10 failed=0 gaveup=0 forkfail=0 free_kb=4419876 sims_boxwide=11 last_event_age=0s last_event_epoch=1790473921
[03:57:27] .. alive runid=20260927-033219-2062 event_age=326s | wave=s3crn total=238 valid=5 running=5 pending=228 launched=10 failed=0 gaveup=0 forkfail=0 free_kb=4419876 sims_boxwide=11 last_event_age=0s last_event_epoch=1790473921
[03:58:27] .. alive runid=20260927-033219-2062 event_age=386s | wave=s3crn total=238 valid=5 running=5 pending=228 launched=10 failed=0 gaveup=0 forkfail=0 free_kb=4419876 sims_boxwide=11 last_event_age=0s last_event_epoch=1790473921
[03:59:27] .. alive runid=20260927-033219-2062 event_age=446s | wave=s3crn total=238 valid=5 running=5 pending=228 launched=10 failed=0 gaveup=0 forkfail=0 free_kb=4419876 sims_boxwide=11 last_event_age=0s last_event_epoch=1790473921
[04:00:27] .. alive runid=20260927-033219-2062 event_age=506s | wave=s3crn total=238 valid=5 running=5 pending=228 launched=10 failed=0 gaveup=0 forkfail=0 free_kb=4419876 sims_boxwide=11 last_event_age=0s last_event_epoch=1790473921
[04:01:27] .. alive runid=20260927-033219-2062 event_age=566s | wave=s3crn total=238 valid=5 running=5 pending=228 launched=10 failed=0 gaveup=0 forkfail=0 free_kb=4419876 sims_boxwide=11 last_event_age=0s last_event_epoch=1790473921
[04:02:27] .. alive runid=20260927-033219-2062 event_age=626s | wave=s3crn total=238 valid=5 running=5 pending=228 launched=10 failed=0 gaveup=0 forkfail=0 free_kb=4419876 sims_boxwide=11 last_event_age=0s last_event_epoch=1790473921
[04:03:27] .. alive runid=20260927-033219-2062 event_age=686s | wave=s3crn total=238 valid=5 running=5 pending=228 launched=10 failed=0 gaveup=0 forkfail=0 free_kb=4419876 sims_boxwide=11 last_event_age=0s last_event_epoch=1790473921
[04:04:27] .. alive runid=20260927-033219-2062 event_age=746s | wave=s3crn total=238 valid=5 running=5 pending=228 launched=10 failed=0 gaveup=0 forkfail=0 free_kb=4419876 sims_boxwide=11 last_event_age=0s last_event_epoch=1790473921
[04:04:43] DONE clKC_east_half_1301429659 rc=0 916s clKC east/half seed=1301429659 rescued=3 dead=1 unreachable=0 never_detected=0 ff_deaths=0 terminal=116 completions=3 recycles=3 removals=3 returns=3 wall=914s [valid 6/238] src=2a36d14ad942 ext=ea7002772ad1 head=108a0adf55acdb5743cd70a347fc7810fbcefe24
[04:04:44] LAUNCH clKC_east_half_2091896221 running=5 free_kb=4123572 sims_boxwide=11 attempt=1 src=2a36d14ad942 ext=ea7002772ad1 head=108a0adf55acdb5743cd70a347fc7810fbcefe24
[04:05:27] .. alive runid=20260927-033219-2062 event_age=43s | wave=s3crn total=238 valid=6 running=5 pending=227 launched=11 failed=0 gaveup=0 forkfail=0 free_kb=4123572 sims_boxwide=11 last_event_age=0s last_event_epoch=1790474684
[04:06:10] DONE clKC_east_half_1341701987 rc=0 956s clKC east/half seed=1341701987 rescued=4 dead=0 unreachable=0 never_detected=0 ff_deaths=0 terminal=127 completions=4 recycles=4 removals=4 returns=4 wall=954s [valid 7/238] src=2a36d14ad942 ext=ea7002772ad1 head=108a0adf55acdb5743cd70a347fc7810fbcefe24
[04:06:11] LAUNCH clKC_east_half_21892117 running=5 free_kb=4273332 sims_boxwide=11 attempt=1 src=2a36d14ad942 ext=ea7002772ad1 head=108a0adf55acdb5743cd70a347fc7810fbcefe24
[04:06:28] .. alive runid=20260927-033219-2062 event_age=17s | wave=s3crn total=238 valid=7 running=5 pending=226 launched=12 failed=0 gaveup=0 forkfail=0 free_kb=4273332 sims_boxwide=11 last_event_age=0s last_event_epoch=1790474771
[04:07:08] DONE clKC_east_half_264075293 rc=0 907s clKC east/half seed=264075293 rescued=3 dead=1 unreachable=0 never_detected=0 ff_deaths=0 terminal=97 completions=3 recycles=3 removals=3 returns=3 wall=905s [valid 8/238] src=2a36d14ad942 ext=ea7002772ad1 head=108a0adf55acdb5743cd70a347fc7810fbcefe24
[04:07:10] LAUNCH clKC_east_half_1717500098 running=5 free_kb=4322884 sims_boxwide=11 attempt=1 src=2a36d14ad942 ext=ea7002772ad1 head=108a0adf55acdb5743cd70a347fc7810fbcefe24
[04:07:28] .. alive runid=20260927-033219-2062 event_age=18s | wave=s3crn total=238 valid=8 running=5 pending=225 launched=13 failed=0 gaveup=0 forkfail=0 free_kb=4322884 sims_boxwide=11 last_event_age=0s last_event_epoch=1790474830
[04:08:28] .. alive runid=20260927-033219-2062 event_age=78s | wave=s3crn total=238 valid=8 running=5 pending=225 launched=13 failed=0 gaveup=0 forkfail=0 free_kb=4322884 sims_boxwide=11 last_event_age=0s last_event_epoch=1790474830
[04:08:47] DONE clKC_east_half_731846821 rc=0 1204s clKC east/half seed=731846821 rescued=3 dead=1 unreachable=0 never_detected=0 ff_deaths=0 terminal=222 completions=3 recycles=3 removals=3 returns=3 wall=1202s [valid 9/238] src=2a36d14ad942 ext=ea7002772ad1 head=108a0adf55acdb5743cd70a347fc7810fbcefe24
[04:08:48] LAUNCH clKC_south_half_1386492524 running=5 free_kb=4322344 sims_boxwide=11 attempt=1 src=2a36d14ad942 ext=ea7002772ad1 head=108a0adf55acdb5743cd70a347fc7810fbcefe24
[04:09:28] .. alive runid=20260927-033219-2062 event_age=40s | wave=s3crn total=238 valid=9 running=5 pending=224 launched=14 failed=0 gaveup=0 forkfail=0 free_kb=4322344 sims_boxwide=11 last_event_age=0s last_event_epoch=1790474928
[04:10:28] .. alive runid=20260927-033219-2062 event_age=100s | wave=s3crn total=238 valid=9 running=5 pending=224 launched=14 failed=0 gaveup=0 forkfail=0 free_kb=4322344 sims_boxwide=11 last_event_age=0s last_event_epoch=1790474928
[04:11:28] .. alive runid=20260927-033219-2062 event_age=160s | wave=s3crn total=238 valid=9 running=5 pending=224 launched=14 failed=0 gaveup=0 forkfail=0 free_kb=4322344 sims_boxwide=11 last_event_age=0s last_event_epoch=1790474928
[04:11:40] DONE clKC_east_half_53258209 rc=0 1300s clKC east/half seed=53258209 rescued=3 dead=1 unreachable=0 never_detected=0 ff_deaths=1 terminal=214 completions=3 recycles=3 removals=3 returns=3 wall=1298s [valid 10/238] src=2a36d14ad942 ext=ea7002772ad1 head=108a0adf55acdb5743cd70a347fc7810fbcefe24
[04:11:41] LAUNCH clKC_south_half_481765503 running=5 free_kb=4322188 sims_boxwide=11 attempt=1 src=2a36d14ad942 ext=ea7002772ad1 head=108a0adf55acdb5743cd70a347fc7810fbcefe24
[04:12:28] .. alive runid=20260927-033219-2062 event_age=47s | wave=s3crn total=238 valid=10 running=5 pending=223 launched=15 failed=0 gaveup=0 forkfail=0 free_kb=4322188 sims_boxwide=11 last_event_age=0s last_event_epoch=1790475101
[04:13:28] .. alive runid=20260927-033219-2062 event_age=107s | wave=s3crn total=238 valid=10 running=5 pending=223 launched=15 failed=0 gaveup=0 forkfail=0 free_kb=4322188 sims_boxwide=11 last_event_age=0s last_event_epoch=1790475101
[04:14:28] .. alive runid=20260927-033219-2062 event_age=167s | wave=s3crn total=238 valid=10 running=5 pending=223 launched=15 failed=0 gaveup=0 forkfail=0 free_kb=4322188 sims_boxwide=11 last_event_age=0s last_event_epoch=1790475101
[04:15:28] .. alive runid=20260927-033219-2062 event_age=227s | wave=s3crn total=238 valid=10 running=5 pending=223 launched=15 failed=0 gaveup=0 forkfail=0 free_kb=4322188 sims_boxwide=11 last_event_age=0s last_event_epoch=1790475101
[04:16:28] .. alive runid=20260927-033219-2062 event_age=287s | wave=s3crn total=238 valid=10 running=5 pending=223 launched=15 failed=0 gaveup=0 forkfail=0 free_kb=4322188 sims_boxwide=11 last_event_age=0s last_event_epoch=1790475101
[04:17:29] .. alive runid=20260927-033219-2062 event_age=348s | wave=s3crn total=238 valid=10 running=5 pending=223 launched=15 failed=0 gaveup=0 forkfail=0 free_kb=4322188 sims_boxwide=11 last_event_age=0s last_event_epoch=1790475101
[04:18:29] .. alive runid=20260927-033219-2062 event_age=408s | wave=s3crn total=238 valid=10 running=5 pending=223 launched=15 failed=0 gaveup=0 forkfail=0 free_kb=4322188 sims_boxwide=11 last_event_age=0s last_event_epoch=1790475101
[04:19:17] DONE clKC_south_half_1386492524 rc=0 628s clKC south/half seed=1386492524 rescued=3 dead=1 unreachable=0 never_detected=0 ff_deaths=0 terminal=87 completions=3 recycles=3 removals=3 returns=3 wall=626s [valid 11/238] src=2a36d14ad942 ext=ea7002772ad1 head=108a0adf55acdb5743cd70a347fc7810fbcefe24
[04:19:18] LAUNCH clKC_south_half_1415738618 running=5 free_kb=4178732 sims_boxwide=11 attempt=1 src=2a36d14ad942 ext=ea7002772ad1 head=108a0adf55acdb5743cd70a347fc7810fbcefe24
[04:19:29] .. alive runid=20260927-033219-2062 event_age=11s | wave=s3crn total=238 valid=11 running=5 pending=222 launched=16 failed=0 gaveup=0 forkfail=0 free_kb=4178732 sims_boxwide=11 last_event_age=0s last_event_epoch=1790475558
[04:19:31] DONE clKC_east_half_2091896221 rc=0 886s clKC east/half seed=2091896221 rescued=3 dead=1 unreachable=0 never_detected=0 ff_deaths=0 terminal=96 completions=3 recycles=3 removals=3 returns=3 wall=878s [valid 12/238] src=2a36d14ad942 ext=ea7002772ad1 head=108a0adf55acdb5743cd70a347fc7810fbcefe24
[04:19:32] LAUNCH clKC_south_half_1218089274 running=5 free_kb=4146092 sims_boxwide=11 attempt=1 src=2a36d14ad942 ext=ea7002772ad1 head=108a0adf55acdb5743cd70a347fc7810fbcefe24
[04:20:13] DONE clKC_south_half_481765503 rc=0 511s clKC south/half seed=481765503 rescued=4 dead=0 unreachable=0 never_detected=0 ff_deaths=0 terminal=106 completions=4 recycles=4 removals=4 returns=4 wall=509s [valid 13/238] src=2a36d14ad942 ext=ea7002772ad1 head=108a0adf55acdb5743cd70a347fc7810fbcefe24
[04:20:14] LAUNCH clKC_south_half_2084799913 running=5 free_kb=4190204 sims_boxwide=11 attempt=1 src=2a36d14ad942 ext=ea7002772ad1 head=108a0adf55acdb5743cd70a347fc7810fbcefe24
[04:20:29] .. alive runid=20260927-033219-2062 event_age=15s | wave=s3crn total=238 valid=13 running=5 pending=220 launched=18 failed=0 gaveup=0 forkfail=0 free_kb=4190204 sims_boxwide=11 last_event_age=0s last_event_epoch=1790475614
[04:21:29] .. alive runid=20260927-033219-2062 event_age=75s | wave=s3crn total=238 valid=13 running=5 pending=220 launched=18 failed=0 gaveup=0 forkfail=0 free_kb=4190204 sims_boxwide=11 last_event_age=0s last_event_epoch=1790475614
[04:22:29] .. alive runid=20260927-033219-2062 event_age=135s | wave=s3crn total=238 valid=13 running=5 pending=220 launched=18 failed=0 gaveup=0 forkfail=0 free_kb=4190204 sims_boxwide=11 last_event_age=0s last_event_epoch=1790475614
[04:22:59] DONE clKC_east_half_1717500098 rc=0 948s clKC east/half seed=1717500098 rescued=4 dead=0 unreachable=0 never_detected=0 ff_deaths=0 terminal=125 completions=4 recycles=4 removals=4 returns=4 wall=947s [valid 14/238] src=2a36d14ad942 ext=ea7002772ad1 head=108a0adf55acdb5743cd70a347fc7810fbcefe24
[04:23:00] LAUNCH clKC_south_half_1335705976 running=5 free_kb=5163040 sims_boxwide=11 attempt=1 src=2a36d14ad942 ext=ea7002772ad1 head=108a0adf55acdb5743cd70a347fc7810fbcefe24
[04:23:29] .. alive runid=20260927-033219-2062 event_age=29s | wave=s3crn total=238 valid=14 running=5 pending=219 launched=19 failed=0 gaveup=0 forkfail=0 free_kb=5163040 sims_boxwide=11 last_event_age=0s last_event_epoch=1790475780
[04:24:29] .. alive runid=20260927-033219-2062 event_age=89s | wave=s3crn total=238 valid=14 running=5 pending=219 launched=19 failed=0 gaveup=0 forkfail=0 free_kb=5163040 sims_boxwide=11 last_event_age=0s last_event_epoch=1790475780
[04:25:29] .. alive runid=20260927-033219-2062 event_age=149s | wave=s3crn total=238 valid=14 running=5 pending=219 launched=19 failed=0 gaveup=0 forkfail=0 free_kb=5163040 sims_boxwide=11 last_event_age=0s last_event_epoch=1790475780
[04:26:29] .. alive runid=20260927-033219-2062 event_age=209s | wave=s3crn total=238 valid=14 running=5 pending=219 launched=19 failed=0 gaveup=0 forkfail=0 free_kb=5163040 sims_boxwide=11 last_event_age=0s last_event_epoch=1790475780
[04:27:29] .. alive runid=20260927-033219-2062 event_age=269s | wave=s3crn total=238 valid=14 running=5 pending=219 launched=19 failed=0 gaveup=0 forkfail=0 free_kb=5163040 sims_boxwide=11 last_event_age=0s last_event_epoch=1790475780
[04:28:30] .. alive runid=20260927-033219-2062 event_age=330s | wave=s3crn total=238 valid=14 running=5 pending=219 launched=19 failed=0 gaveup=0 forkfail=0 free_kb=5163040 sims_boxwide=11 last_event_age=0s last_event_epoch=1790475780
[04:28:46] DONE clKC_south_half_1415738618 rc=0 568s clKC south/half seed=1415738618 rescued=4 dead=0 unreachable=0 never_detected=0 ff_deaths=0 terminal=114 completions=4 recycles=4 removals=4 returns=4 wall=566s [valid 15/238] src=2a36d14ad942 ext=ea7002772ad1 head=108a0adf55acdb5743cd70a347fc7810fbcefe24
[04:28:48] LAUNCH clKC_south_half_588279432 running=5 free_kb=4298124 sims_boxwide=11 attempt=1 src=2a36d14ad942 ext=ea7002772ad1 head=108a0adf55acdb5743cd70a347fc7810fbcefe24
[04:29:30] .. alive runid=20260927-033219-2062 event_age=42s | wave=s3crn total=238 valid=15 running=5 pending=218 launched=20 failed=0 gaveup=0 forkfail=0 free_kb=4298124 sims_boxwide=11 last_event_age=0s last_event_epoch=1790476128
[04:29:54] DONE clKC_south_half_1218089274 rc=0 621s clKC south/half seed=1218089274 rescued=2 dead=2 unreachable=0 never_detected=0 ff_deaths=0 terminal=90 completions=2 recycles=2 removals=2 returns=2 wall=619s [valid 16/238] src=2a36d14ad942 ext=ea7002772ad1 head=108a0adf55acdb5743cd70a347fc7810fbcefe24
[04:29:55] LAUNCH clKC_south_half_1887778617 running=5 free_kb=4170204 sims_boxwide=11 attempt=1 src=2a36d14ad942 ext=ea7002772ad1 head=108a0adf55acdb5743cd70a347fc7810fbcefe24
[04:30:22] DONE clKC_south_half_2084799913 rc=0 608s clKC south/half seed=2084799913 rescued=3 dead=1 unreachable=0 never_detected=0 ff_deaths=0 terminal=180 completions=3 recycles=3 removals=3 returns=3 wall=606s [valid 17/238] src=2a36d14ad942 ext=ea7002772ad1 head=108a0adf55acdb5743cd70a347fc7810fbcefe24
[04:30:24] LAUNCH clKC_south_half_2128361047 running=5 free_kb=4224152 sims_boxwide=11 attempt=1 src=2a36d14ad942 ext=ea7002772ad1 head=108a0adf55acdb5743cd70a347fc7810fbcefe24
[04:30:30] .. alive runid=20260927-033219-2062 event_age=6s | wave=s3crn total=238 valid=17 running=5 pending=216 launched=22 failed=0 gaveup=0 forkfail=0 free_kb=4224152 sims_boxwide=11 last_event_age=0s last_event_epoch=1790476224
[04:31:15] DONE clKC_east_half_21892117 rc=0 1503s clKC east/half seed=21892117 rescued=4 dead=0 unreachable=0 never_detected=0 ff_deaths=0 terminal=263 completions=4 recycles=4 removals=4 returns=4 wall=1501s [valid 18/238] src=2a36d14ad942 ext=ea7002772ad1 head=108a0adf55acdb5743cd70a347fc7810fbcefe24
[04:31:17] LAUNCH clKC_south_half_684332673 running=5 free_kb=4215540 sims_boxwide=11 attempt=1 src=2a36d14ad942 ext=ea7002772ad1 head=108a0adf55acdb5743cd70a347fc7810fbcefe24
[04:31:30] .. alive runid=20260927-033219-2062 event_age=13s | wave=s3crn total=238 valid=18 running=5 pending=215 launched=23 failed=0 gaveup=0 forkfail=0 free_kb=4215540 sims_boxwide=11 last_event_age=0s last_event_epoch=1790476277
[04:32:30] .. alive runid=20260927-033219-2062 event_age=73s | wave=s3crn total=238 valid=18 running=5 pending=215 launched=23 failed=0 gaveup=0 forkfail=0 free_kb=4215540 sims_boxwide=11 last_event_age=0s last_event_epoch=1790476277
[04:32:46] DONE clKC_south_half_1335705976 rc=0 585s clKC south/half seed=1335705976 rescued=3 dead=1 unreachable=0 never_detected=0 ff_deaths=1 terminal=150 completions=3 recycles=3 removals=3 returns=3 wall=583s [valid 19/238] src=2a36d14ad942 ext=ea7002772ad1 head=108a0adf55acdb5743cd70a347fc7810fbcefe24
[04:32:47] LAUNCH clKC_south_half_1320165480 running=5 free_kb=4188504 sims_boxwide=11 attempt=1 src=2a36d14ad942 ext=ea7002772ad1 head=108a0adf55acdb5743cd70a347fc7810fbcefe24
[04:33:30] .. alive runid=20260927-033219-2062 event_age=43s | wave=s3crn total=238 valid=19 running=5 pending=214 launched=24 failed=0 gaveup=0 forkfail=0 free_kb=4188504 sims_boxwide=11 last_event_age=0s last_event_epoch=1790476367
[04:34:30] .. alive runid=20260927-033219-2062 event_age=103s | wave=s3crn total=238 valid=19 running=5 pending=214 launched=24 failed=0 gaveup=0 forkfail=0 free_kb=4188504 sims_boxwide=11 last_event_age=0s last_event_epoch=1790476367
[04:35:30] .. alive runid=20260927-033219-2062 event_age=163s | wave=s3crn total=238 valid=19 running=5 pending=214 launched=24 failed=0 gaveup=0 forkfail=0 free_kb=4188504 sims_boxwide=11 last_event_age=0s last_event_epoch=1790476367
[04:36:30] .. alive runid=20260927-033219-2062 event_age=223s | wave=s3crn total=238 valid=19 running=5 pending=214 launched=24 failed=0 gaveup=0 forkfail=0 free_kb=4188504 sims_boxwide=11 last_event_age=0s last_event_epoch=1790476367
[04:37:30] .. alive runid=20260927-033219-2062 event_age=283s | wave=s3crn total=238 valid=19 running=5 pending=214 launched=24 failed=0 gaveup=0 forkfail=0 free_kb=4188504 sims_boxwide=11 last_event_age=0s last_event_epoch=1790476367
[04:38:03] DONE clKC_south_half_588279432 rc=0 554s clKC south/half seed=588279432 rescued=4 dead=0 unreachable=0 never_detected=0 ff_deaths=0 terminal=131 completions=4 recycles=4 removals=4 returns=4 wall=552s [valid 20/238] src=2a36d14ad942 ext=ea7002772ad1 head=108a0adf55acdb5743cd70a347fc7810fbcefe24
[04:38:04] LAUNCH clKC_south_half_751617716 running=5 free_kb=4173368 sims_boxwide=11 attempt=1 src=2a36d14ad942 ext=ea7002772ad1 head=108a0adf55acdb5743cd70a347fc7810fbcefe24
[04:38:30] .. alive runid=20260927-033219-2062 event_age=26s | wave=s3crn total=238 valid=20 running=5 pending=213 launched=25 failed=0 gaveup=0 forkfail=0 free_kb=4173368 sims_boxwide=11 last_event_age=0s last_event_epoch=1790476684
[04:38:59] DONE clKC_south_half_2128361047 rc=0 514s clKC south/half seed=2128361047 rescued=3 dead=0 unreachable=1 never_detected=0 ff_deaths=1 terminal=167 completions=3 recycles=3 removals=3 returns=3 wall=513s [valid 21/238] src=2a36d14ad942 ext=ea7002772ad1 head=108a0adf55acdb5743cd70a347fc7810fbcefe24
[04:39:00] LAUNCH clKC_south_half_422588777 running=5 free_kb=4221696 sims_boxwide=11 attempt=1 src=2a36d14ad942 ext=ea7002772ad1 head=108a0adf55acdb5743cd70a347fc7810fbcefe24
[04:39:31] .. alive runid=20260927-033219-2062 event_age=31s | wave=s3crn total=238 valid=21 running=5 pending=212 launched=26 failed=0 gaveup=0 forkfail=0 free_kb=4221696 sims_boxwide=11 last_event_age=0s last_event_epoch=1790476740
[04:40:31] .. alive runid=20260927-033219-2062 event_age=91s | wave=s3crn total=238 valid=21 running=5 pending=212 launched=26 failed=0 gaveup=0 forkfail=0 free_kb=4221696 sims_boxwide=11 last_event_age=0s last_event_epoch=1790476740
[04:41:31] .. alive runid=20260927-033219-2062 event_age=151s | wave=s3crn total=238 valid=21 running=5 pending=212 launched=26 failed=0 gaveup=0 forkfail=0 free_kb=4221696 sims_boxwide=11 last_event_age=0s last_event_epoch=1790476740
[04:42:27] DONE clKC_south_half_1887778617 rc=0 752s clKC south/half seed=1887778617 rescued=2 dead=1 unreachable=1 never_detected=0 ff_deaths=2 terminal=245 completions=2 recycles=2 removals=2 returns=2 wall=750s [valid 22/238] src=2a36d14ad942 ext=ea7002772ad1 head=108a0adf55acdb5743cd70a347fc7810fbcefe24
[04:42:29] LAUNCH clKC_east_def_6554204 running=5 free_kb=4184912 sims_boxwide=11 attempt=1 src=2a36d14ad942 ext=ea7002772ad1 head=108a0adf55acdb5743cd70a347fc7810fbcefe24
[04:42:31] .. alive runid=20260927-033219-2062 event_age=2s | wave=s3crn total=238 valid=22 running=5 pending=211 launched=27 failed=0 gaveup=0 forkfail=0 free_kb=4184912 sims_boxwide=11 last_event_age=0s last_event_epoch=1790476949
[04:42:41] DONE clKC_south_half_684332673 rc=0 684s clKC south/half seed=684332673 rescued=3 dead=0 unreachable=1 never_detected=0 ff_deaths=2 terminal=189 completions=3 recycles=3 removals=3 returns=3 wall=673s [valid 23/238] src=2a36d14ad942 ext=ea7002772ad1 head=108a0adf55acdb5743cd70a347fc7810fbcefe24
[04:42:43] LAUNCH clKC_east_def_1325753362 running=5 free_kb=4216804 sims_boxwide=11 attempt=1 src=2a36d14ad942 ext=ea7002772ad1 head=108a0adf55acdb5743cd70a347fc7810fbcefe24
[04:43:11] DONE clKC_south_half_1320165480 rc=0 623s clKC south/half seed=1320165480 rescued=3 dead=1 unreachable=0 never_detected=0 ff_deaths=0 terminal=223 completions=3 recycles=3 removals=3 returns=3 wall=621s [valid 24/238] src=2a36d14ad942 ext=ea7002772ad1 head=108a0adf55acdb5743cd70a347fc7810fbcefe24
[04:43:12] LAUNCH clKC_east_def_265702576 running=5 free_kb=4279280 sims_boxwide=11 attempt=1 src=2a36d14ad942 ext=ea7002772ad1 head=108a0adf55acdb5743cd70a347fc7810fbcefe24
[04:43:31] .. alive runid=20260927-033219-2062 event_age=19s | wave=s3crn total=238 valid=24 running=5 pending=209 launched=29 failed=0 gaveup=0 forkfail=0 free_kb=4279280 sims_boxwide=11 last_event_age=0s last_event_epoch=1790476992
[04:44:31] .. alive runid=20260927-033219-2062 event_age=79s | wave=s3crn total=238 valid=24 running=5 pending=209 launched=29 failed=0 gaveup=0 forkfail=0 free_kb=4279280 sims_boxwide=11 last_event_age=0s last_event_epoch=1790476992
[04:45:31] .. alive runid=20260927-033219-2062 event_age=139s | wave=s3crn total=238 valid=24 running=5 pending=209 launched=29 failed=0 gaveup=0 forkfail=0 free_kb=4279280 sims_boxwide=11 last_event_age=0s last_event_epoch=1790476992
[04:46:31] .. alive runid=20260927-033219-2062 event_age=199s | wave=s3crn total=238 valid=24 running=5 pending=209 launched=29 failed=0 gaveup=0 forkfail=0 free_kb=4279280 sims_boxwide=11 last_event_age=0s last_event_epoch=1790476992
[04:46:51] DONE clKC_south_half_422588777 rc=0 471s clKC south/half seed=422588777 rescued=4 dead=0 unreachable=0 never_detected=0 ff_deaths=0 terminal=100 completions=4 recycles=4 removals=4 returns=4 wall=469s [valid 25/238] src=2a36d14ad942 ext=ea7002772ad1 head=108a0adf55acdb5743cd70a347fc7810fbcefe24
[04:46:53] LAUNCH clKC_east_def_1686457565 running=5 free_kb=4068692 sims_boxwide=11 attempt=1 src=2a36d14ad942 ext=ea7002772ad1 head=108a0adf55acdb5743cd70a347fc7810fbcefe24
[04:47:31] .. alive runid=20260927-033219-2062 event_age=38s | wave=s3crn total=238 valid=25 running=5 pending=208 launched=30 failed=0 gaveup=0 forkfail=0 free_kb=4068692 sims_boxwide=11 last_event_age=0s last_event_epoch=1790477213
[04:48:31] .. alive runid=20260927-033219-2062 event_age=98s | wave=s3crn total=238 valid=25 running=5 pending=208 launched=30 failed=0 gaveup=0 forkfail=0 free_kb=4068692 sims_boxwide=11 last_event_age=0s last_event_epoch=1790477213
[04:49:17] DONE clKC_south_half_751617716 rc=0 672s clKC south/half seed=751617716 rescued=3 dead=1 unreachable=0 never_detected=0 ff_deaths=1 terminal=187 completions=3 recycles=3 removals=3 returns=3 wall=671s [valid 26/238] src=2a36d14ad942 ext=ea7002772ad1 head=108a0adf55acdb5743cd70a347fc7810fbcefe24
[04:49:18] LAUNCH clKC_east_half_111 running=5 free_kb=5196036 sims_boxwide=11 attempt=1 src=2a36d14ad942 ext=ea7002772ad1 head=108a0adf55acdb5743cd70a347fc7810fbcefe24
[04:49:31] .. alive runid=20260927-033219-2062 event_age=13s | wave=s3crn total=238 valid=26 running=5 pending=207 launched=31 failed=0 gaveup=0 forkfail=0 free_kb=5196036 sims_boxwide=11 last_event_age=0s last_event_epoch=1790477358
[04:50:31] .. alive runid=20260927-033219-2062 event_age=73s | wave=s3crn total=238 valid=26 running=5 pending=207 launched=31 failed=0 gaveup=0 forkfail=0 free_kb=5196036 sims_boxwide=11 last_event_age=0s last_event_epoch=1790477358
[04:50:43] DONE clKC_east_def_6554204 rc=0 493s clKC east/default seed=6554204 rescued=3 dead=0 unreachable=1 never_detected=1 ff_deaths=0 terminal=210 completions=3 recycles=3 removals=3 returns=3 wall=492s [valid 27/238] src=2a36d14ad942 ext=ea7002772ad1 head=108a0adf55acdb5743cd70a347fc7810fbcefe24
[04:50:44] LAUNCH clKC_east_half_222 running=5 free_kb=5054888 sims_boxwide=11 attempt=1 src=2a36d14ad942 ext=ea7002772ad1 head=108a0adf55acdb5743cd70a347fc7810fbcefe24
[04:51:32] .. alive runid=20260927-033219-2062 event_age=48s | wave=s3crn total=238 valid=27 running=5 pending=206 launched=32 failed=0 gaveup=0 forkfail=0 free_kb=5054888 sims_boxwide=11 last_event_age=0s last_event_epoch=1790477444
[04:52:18] DONE clKC_east_def_265702576 rc=0 545s clKC east/default seed=265702576 rescued=2 dead=2 unreachable=0 never_detected=0 ff_deaths=0 terminal=132 completions=2 recycles=2 removals=2 returns=2 wall=543s [valid 28/238] src=2a36d14ad942 ext=ea7002772ad1 head=108a0adf55acdb5743cd70a347fc7810fbcefe24
[04:52:19] LAUNCH clKC_east_half_333 running=5 free_kb=5192908 sims_boxwide=11 attempt=1 src=2a36d14ad942 ext=ea7002772ad1 head=108a0adf55acdb5743cd70a347fc7810fbcefe24
[04:52:32] .. alive runid=20260927-033219-2062 event_age=13s | wave=s3crn total=238 valid=28 running=5 pending=205 launched=33 failed=0 gaveup=0 forkfail=0 free_kb=5192908 sims_boxwide=11 last_event_age=0s last_event_epoch=1790477539
[04:53:32] .. alive runid=20260927-033219-2062 event_age=73s | wave=s3crn total=238 valid=28 running=5 pending=205 launched=33 failed=0 gaveup=0 forkfail=0 free_kb=5192908 sims_boxwide=11 last_event_age=0s last_event_epoch=1790477539
[04:53:38] DONE clKC_east_def_1325753362 rc=0 655s clKC east/default seed=1325753362 rescued=2 dead=2 unreachable=0 never_detected=0 ff_deaths=0 terminal=219 completions=2 recycles=2 removals=2 returns=2 wall=653s [valid 29/238] src=2a36d14ad942 ext=ea7002772ad1 head=108a0adf55acdb5743cd70a347fc7810fbcefe24
[04:53:40] LAUNCH clKC_east_half_444 running=5 free_kb=5181560 sims_boxwide=11 attempt=1 src=2a36d14ad942 ext=ea7002772ad1 head=108a0adf55acdb5743cd70a347fc7810fbcefe24
[04:54:32] .. alive runid=20260927-033219-2062 event_age=52s | wave=s3crn total=238 valid=29 running=5 pending=204 launched=34 failed=0 gaveup=0 forkfail=0 free_kb=5181560 sims_boxwide=11 last_event_age=0s last_event_epoch=1790477620
[04:55:32] .. alive runid=20260927-033219-2062 event_age=112s | wave=s3crn total=238 valid=29 running=5 pending=204 launched=34 failed=0 gaveup=0 forkfail=0 free_kb=5181560 sims_boxwide=11 last_event_age=0s last_event_epoch=1790477620
[04:56:11] DONE clKC_east_def_1686457565 rc=0 557s clKC east/default seed=1686457565 rescued=4 dead=0 unreachable=0 never_detected=0 ff_deaths=0 terminal=220 completions=4 recycles=4 removals=4 returns=4 wall=556s [valid 30/238] src=2a36d14ad942 ext=ea7002772ad1 head=108a0adf55acdb5743cd70a347fc7810fbcefe24
[04:56:12] LAUNCH clKC_east_half_606 running=5 free_kb=5200052 sims_boxwide=11 attempt=1 src=2a36d14ad942 ext=ea7002772ad1 head=108a0adf55acdb5743cd70a347fc7810fbcefe24
[04:56:32] .. alive runid=20260927-033219-2062 event_age=20s | wave=s3crn total=238 valid=30 running=5 pending=203 launched=35 failed=0 gaveup=0 forkfail=0 free_kb=5200052 sims_boxwide=11 last_event_age=0s last_event_epoch=1790477772
[04:57:32] .. alive runid=20260927-033219-2062 event_age=80s | wave=s3crn total=238 valid=30 running=5 pending=203 launched=35 failed=0 gaveup=0 forkfail=0 free_kb=5200052 sims_boxwide=11 last_event_age=0s last_event_epoch=1790477772
[04:58:32] .. alive runid=20260927-033219-2062 event_age=140s | wave=s3crn total=238 valid=30 running=5 pending=203 launched=35 failed=0 gaveup=0 forkfail=0 free_kb=5200052 sims_boxwide=11 last_event_age=0s last_event_epoch=1790477772
[04:59:32] .. alive runid=20260927-033219-2062 event_age=200s | wave=s3crn total=238 valid=30 running=5 pending=203 launched=35 failed=0 gaveup=0 forkfail=0 free_kb=5200052 sims_boxwide=11 last_event_age=0s last_event_epoch=1790477772
[05:00:32] .. alive runid=20260927-033219-2062 event_age=260s | wave=s3crn total=238 valid=30 running=5 pending=203 launched=35 failed=0 gaveup=0 forkfail=0 free_kb=5200052 sims_boxwide=11 last_event_age=0s last_event_epoch=1790477772
[05:01:32] .. alive runid=20260927-033219-2062 event_age=320s | wave=s3crn total=238 valid=30 running=5 pending=203 launched=35 failed=0 gaveup=0 forkfail=0 free_kb=5200052 sims_boxwide=11 last_event_age=0s last_event_epoch=1790477772
[05:02:33] .. alive runid=20260927-033219-2062 event_age=381s | wave=s3crn total=238 valid=30 running=5 pending=203 launched=35 failed=0 gaveup=0 forkfail=0 free_kb=5200052 sims_boxwide=11 last_event_age=0s last_event_epoch=1790477772
[05:03:33] .. alive runid=20260927-033219-2062 event_age=441s | wave=s3crn total=238 valid=30 running=5 pending=203 launched=35 failed=0 gaveup=0 forkfail=0 free_kb=5200052 sims_boxwide=11 last_event_age=0s last_event_epoch=1790477772
[05:04:33] .. alive runid=20260927-033219-2062 event_age=501s | wave=s3crn total=238 valid=30 running=5 pending=203 launched=35 failed=0 gaveup=0 forkfail=0 free_kb=5200052 sims_boxwide=11 last_event_age=0s last_event_epoch=1790477772
[05:05:33] .. alive runid=20260927-033219-2062 event_age=561s | wave=s3crn total=238 valid=30 running=5 pending=203 launched=35 failed=0 gaveup=0 forkfail=0 free_kb=5200052 sims_boxwide=11 last_event_age=0s last_event_epoch=1790477772
[05:06:33] .. alive runid=20260927-033219-2062 event_age=621s | wave=s3crn total=238 valid=30 running=5 pending=203 launched=35 failed=0 gaveup=0 forkfail=0 free_kb=5200052 sims_boxwide=11 last_event_age=0s last_event_epoch=1790477772
[05:06:55] DONE clKC_east_half_111 rc=0 1057s clKC east/half seed=111 rescued=4 dead=0 unreachable=0 never_detected=0 ff_deaths=0 terminal=174 completions=4 recycles=4 removals=4 returns=4 wall=1054s [valid 31/238] src=2a36d14ad942 ext=ea7002772ad1 head=108a0adf55acdb5743cd70a347fc7810fbcefe24
[05:06:57] LAUNCH clKC_east_half_808 running=5 free_kb=5130312 sims_boxwide=11 attempt=1 src=2a36d14ad942 ext=ea7002772ad1 head=108a0adf55acdb5743cd70a347fc7810fbcefe24
[05:07:33] .. alive runid=20260927-033219-2062 event_age=36s | wave=s3crn total=238 valid=31 running=5 pending=202 launched=36 failed=0 gaveup=0 forkfail=0 free_kb=5130312 sims_boxwide=11 last_event_age=0s last_event_epoch=1790478417
[05:07:38] DONE clKC_east_half_222 rc=0 1014s clKC east/half seed=222 rescued=4 dead=0 unreachable=0 never_detected=0 ff_deaths=0 terminal=163 completions=4 recycles=4 removals=4 returns=4 wall=1012s [valid 32/238] src=2a36d14ad942 ext=ea7002772ad1 head=108a0adf55acdb5743cd70a347fc7810fbcefe24
[05:07:40] LAUNCH clKC_east_half_909 running=5 free_kb=5145092 sims_boxwide=11 attempt=1 src=2a36d14ad942 ext=ea7002772ad1 head=108a0adf55acdb5743cd70a347fc7810fbcefe24
[05:08:33] .. alive runid=20260927-033219-2062 event_age=53s | wave=s3crn total=238 valid=32 running=5 pending=201 launched=37 failed=0 gaveup=0 forkfail=0 free_kb=5145092 sims_boxwide=11 last_event_age=0s last_event_epoch=1790478460
[05:09:33] .. alive runid=20260927-033219-2062 event_age=113s | wave=s3crn total=238 valid=32 running=5 pending=201 launched=37 failed=0 gaveup=0 forkfail=0 free_kb=5145092 sims_boxwide=11 last_event_age=0s last_event_epoch=1790478460
[05:10:24] DONE clKC_east_half_333 rc=0 1084s clKC east/half seed=333 rescued=4 dead=0 unreachable=0 never_detected=0 ff_deaths=0 terminal=172 completions=4 recycles=4 removals=4 returns=4 wall=1082s [valid 33/238] src=2a36d14ad942 ext=ea7002772ad1 head=108a0adf55acdb5743cd70a347fc7810fbcefe24
[05:10:25] LAUNCH clKE2_east_half_2070841104 running=5 free_kb=5848036 sims_boxwide=11 attempt=1 src=2a36d14ad942 ext=ea7002772ad1 head=108a0adf55acdb5743cd70a347fc7810fbcefe24
[05:10:33] .. alive runid=20260927-033219-2062 event_age=8s | wave=s3crn total=238 valid=33 running=5 pending=200 launched=38 failed=0 gaveup=0 forkfail=0 free_kb=5848036 sims_boxwide=11 last_event_age=0s last_event_epoch=1790478625
[05:11:13] DONE clKC_east_half_444 rc=0 1052s clKC east/half seed=444 rescued=2 dead=2 unreachable=0 never_detected=0 ff_deaths=1 terminal=165 completions=2 recycles=2 removals=2 returns=2 wall=1051s [valid 34/238] src=2a36d14ad942 ext=ea7002772ad1 head=108a0adf55acdb5743cd70a347fc7810fbcefe24
[05:11:14] LAUNCH clKE2_east_half_1147610331 running=5 free_kb=5905844 sims_boxwide=10 attempt=1 src=2a36d14ad942 ext=ea7002772ad1 head=108a0adf55acdb5743cd70a347fc7810fbcefe24
[05:11:33] .. alive runid=20260927-033219-2062 event_age=19s | wave=s3crn total=238 valid=34 running=5 pending=199 launched=39 failed=0 gaveup=0 forkfail=0 free_kb=5905844 sims_boxwide=10 last_event_age=0s last_event_epoch=1790478674
[05:12:33] .. alive runid=20260927-033219-2062 event_age=79s | wave=s3crn total=238 valid=34 running=5 pending=199 launched=39 failed=0 gaveup=0 forkfail=0 free_kb=5905844 sims_boxwide=10 last_event_age=0s last_event_epoch=1790478674
[05:13:34] .. alive runid=20260927-033219-2062 event_age=140s | wave=s3crn total=238 valid=34 running=5 pending=199 launched=39 failed=0 gaveup=0 forkfail=0 free_kb=5905844 sims_boxwide=10 last_event_age=0s last_event_epoch=1790478674
[05:14:34] .. alive runid=20260927-033219-2062 event_age=200s | wave=s3crn total=238 valid=34 running=5 pending=199 launched=39 failed=0 gaveup=0 forkfail=0 free_kb=5905844 sims_boxwide=10 last_event_age=0s last_event_epoch=1790478674
[05:15:34] .. alive runid=20260927-033219-2062 event_age=260s | wave=s3crn total=238 valid=34 running=5 pending=199 launched=39 failed=0 gaveup=0 forkfail=0 free_kb=5905844 sims_boxwide=10 last_event_age=0s last_event_epoch=1790478674
[05:16:34] .. alive runid=20260927-033219-2062 event_age=320s | wave=s3crn total=238 valid=34 running=5 pending=199 launched=39 failed=0 gaveup=0 forkfail=0 free_kb=5905844 sims_boxwide=10 last_event_age=0s last_event_epoch=1790478674
[05:17:13] DONE clKC_east_half_606 rc=0 1260s clKC east/half seed=606 rescued=4 dead=0 unreachable=0 never_detected=0 ff_deaths=0 terminal=220 completions=4 recycles=4 removals=4 returns=4 wall=1258s [valid 35/238] src=2a36d14ad942 ext=ea7002772ad1 head=108a0adf55acdb5743cd70a347fc7810fbcefe24
[05:17:14] LAUNCH clKE2_east_half_1291443119 running=5 free_kb=6085420 sims_boxwide=9 attempt=1 src=2a36d14ad942 ext=ea7002772ad1 head=108a0adf55acdb5743cd70a347fc7810fbcefe24
[05:17:34] .. alive runid=20260927-033219-2062 event_age=20s | wave=s3crn total=238 valid=35 running=5 pending=198 launched=40 failed=0 gaveup=0 forkfail=0 free_kb=6085420 sims_boxwide=9 last_event_age=0s last_event_epoch=1790479034
[05:18:34] .. alive runid=20260927-033219-2062 event_age=80s | wave=s3crn total=238 valid=35 running=5 pending=198 launched=40 failed=0 gaveup=0 forkfail=0 free_kb=6085420 sims_boxwide=9 last_event_age=0s last_event_epoch=1790479034
[05:19:34] .. alive runid=20260927-033219-2062 event_age=140s | wave=s3crn total=238 valid=35 running=5 pending=198 launched=40 failed=0 gaveup=0 forkfail=0 free_kb=6085420 sims_boxwide=9 last_event_age=0s last_event_epoch=1790479034
[05:20:34] .. alive runid=20260927-033219-2062 event_age=200s | wave=s3crn total=238 valid=35 running=5 pending=198 launched=40 failed=0 gaveup=0 forkfail=0 free_kb=6085420 sims_boxwide=9 last_event_age=0s last_event_epoch=1790479034
[05:20:58] DONE clKC_east_half_808 rc=0 840s clKC east/half seed=808 rescued=3 dead=1 unreachable=0 never_detected=0 ff_deaths=0 terminal=99 completions=3 recycles=3 removals=3 returns=3 wall=839s [valid 36/238] src=2a36d14ad942 ext=ea7002772ad1 head=108a0adf55acdb5743cd70a347fc7810fbcefe24
[05:20:59] LAUNCH clKE2_east_half_1433805104 running=5 free_kb=6060744 sims_boxwide=9 attempt=1 src=2a36d14ad942 ext=ea7002772ad1 head=108a0adf55acdb5743cd70a347fc7810fbcefe24
[05:21:34] .. alive runid=20260927-033219-2062 event_age=35s | wave=s3crn total=238 valid=36 running=5 pending=197 launched=41 failed=0 gaveup=0 forkfail=0 free_kb=6060744 sims_boxwide=9 last_event_age=0s last_event_epoch=1790479259
[05:22:34] .. alive runid=20260927-033219-2062 event_age=95s | wave=s3crn total=238 valid=36 running=5 pending=197 launched=41 failed=0 gaveup=0 forkfail=0 free_kb=6060744 sims_boxwide=9 last_event_age=0s last_event_epoch=1790479259
[05:23:34] .. alive runid=20260927-033219-2062 event_age=155s | wave=s3crn total=238 valid=36 running=5 pending=197 launched=41 failed=0 gaveup=0 forkfail=0 free_kb=6060744 sims_boxwide=9 last_event_age=0s last_event_epoch=1790479259
[05:24:34] .. alive runid=20260927-033219-2062 event_age=215s | wave=s3crn total=238 valid=36 running=5 pending=197 launched=41 failed=0 gaveup=0 forkfail=0 free_kb=6060744 sims_boxwide=9 last_event_age=0s last_event_epoch=1790479259
[05:25:27] DONE clKE2_east_half_2070841104 rc=0 901s clKE2 east/half seed=2070841104 rescued=4 dead=0 unreachable=0 never_detected=0 ff_deaths=0 terminal=126 completions=4 recycles=4 removals=4 returns=4 wall=899s [valid 37/238] src=2a36d14ad942 ext=ea7002772ad1 head=108a0adf55acdb5743cd70a347fc7810fbcefe24
[05:25:28] LAUNCH clKE2_east_half_1636723358 running=5 free_kb=6021868 sims_boxwide=9 attempt=1 src=2a36d14ad942 ext=ea7002772ad1 head=108a0adf55acdb5743cd70a347fc7810fbcefe24
[05:25:35] .. alive runid=20260927-033219-2062 event_age=7s | wave=s3crn total=238 valid=37 running=5 pending=196 launched=42 failed=0 gaveup=0 forkfail=0 free_kb=6021868 sims_boxwide=9 last_event_age=0s last_event_epoch=1790479528
[05:26:09] DONE clKE2_east_half_1147610331 rc=0 894s clKE2 east/half seed=1147610331 rescued=2 dead=2 unreachable=0 never_detected=0 ff_deaths=0 terminal=111 completions=2 recycles=2 removals=2 returns=2 wall=892s [valid 38/238] src=2a36d14ad942 ext=ea7002772ad1 head=108a0adf55acdb5743cd70a347fc7810fbcefe24
[05:26:10] LAUNCH clKE2_east_half_1252362635 running=5 free_kb=6039168 sims_boxwide=9 attempt=1 src=2a36d14ad942 ext=ea7002772ad1 head=108a0adf55acdb5743cd70a347fc7810fbcefe24
[05:26:35] .. alive runid=20260927-033219-2062 event_age=25s | wave=s3crn total=238 valid=38 running=5 pending=195 launched=43 failed=0 gaveup=0 forkfail=0 free_kb=6039168 sims_boxwide=9 last_event_age=0s last_event_epoch=1790479570
[05:27:35] .. alive runid=20260927-033219-2062 event_age=85s | wave=s3crn total=238 valid=38 running=5 pending=195 launched=43 failed=0 gaveup=0 forkfail=0 free_kb=6039168 sims_boxwide=9 last_event_age=0s last_event_epoch=1790479570
[05:28:35] .. alive runid=20260927-033219-2062 event_age=145s | wave=s3crn total=238 valid=38 running=5 pending=195 launched=43 failed=0 gaveup=0 forkfail=0 free_kb=6039168 sims_boxwide=9 last_event_age=0s last_event_epoch=1790479570
[05:29:35] .. alive runid=20260927-033219-2062 event_age=205s | wave=s3crn total=238 valid=38 running=5 pending=195 launched=43 failed=0 gaveup=0 forkfail=0 free_kb=6039168 sims_boxwide=9 last_event_age=0s last_event_epoch=1790479570
[05:30:35] .. alive runid=20260927-033219-2062 event_age=265s | wave=s3crn total=238 valid=38 running=5 pending=195 launched=43 failed=0 gaveup=0 forkfail=0 free_kb=6039168 sims_boxwide=9 last_event_age=0s last_event_epoch=1790479570
[05:31:28] DONE clKC_east_half_909 rc=0 1427s clKC east/half seed=909 rescued=4 dead=0 unreachable=0 never_detected=0 ff_deaths=1 terminal=256 completions=4 recycles=4 removals=4 returns=4 wall=1426s [valid 39/238] src=2a36d14ad942 ext=ea7002772ad1 head=108a0adf55acdb5743cd70a347fc7810fbcefe24
[05:31:29] LAUNCH clKE2_east_half_294124329 running=5 free_kb=5854780 sims_boxwide=9 attempt=1 src=2a36d14ad942 ext=ea7002772ad1 head=108a0adf55acdb5743cd70a347fc7810fbcefe24
[05:31:35] .. alive runid=20260927-033219-2062 event_age=6s | wave=s3crn total=238 valid=39 running=5 pending=194 launched=44 failed=0 gaveup=0 forkfail=0 free_kb=5854780 sims_boxwide=9 last_event_age=0s last_event_epoch=1790479889
[05:32:35] .. alive runid=20260927-033219-2062 event_age=66s | wave=s3crn total=238 valid=39 running=5 pending=194 launched=44 failed=0 gaveup=0 forkfail=0 free_kb=5854780 sims_boxwide=9 last_event_age=0s last_event_epoch=1790479889
[05:33:35] .. alive runid=20260927-033219-2062 event_age=126s | wave=s3crn total=238 valid=39 running=5 pending=194 launched=44 failed=0 gaveup=0 forkfail=0 free_kb=5854780 sims_boxwide=9 last_event_age=0s last_event_epoch=1790479889
[05:34:35] .. alive runid=20260927-033219-2062 event_age=186s | wave=s3crn total=238 valid=39 running=5 pending=194 launched=44 failed=0 gaveup=0 forkfail=0 free_kb=5854780 sims_boxwide=9 last_event_age=0s last_event_epoch=1790479889
[05:35:35] .. alive runid=20260927-033219-2062 event_age=246s | wave=s3crn total=238 valid=39 running=5 pending=194 launched=44 failed=0 gaveup=0 forkfail=0 free_kb=5854780 sims_boxwide=9 last_event_age=0s last_event_epoch=1790479889
[05:35:41] DONE clKE2_east_half_1433805104 rc=0 881s clKE2 east/half seed=1433805104 rescued=3 dead=1 unreachable=0 never_detected=0 ff_deaths=0 terminal=99 completions=3 recycles=3 removals=3 returns=3 wall=880s [valid 40/238] src=2a36d14ad942 ext=ea7002772ad1 head=108a0adf55acdb5743cd70a347fc7810fbcefe24
[05:35:42] LAUNCH clKE2_east_half_1723100518 running=5 free_kb=6029032 sims_boxwide=7 attempt=1 src=2a36d14ad942 ext=ea7002772ad1 head=108a0adf55acdb5743cd70a347fc7810fbcefe24
[05:36:36] .. alive runid=20260927-033219-2062 event_age=54s | wave=s3crn total=238 valid=40 running=5 pending=193 launched=45 failed=0 gaveup=0 forkfail=0 free_kb=6029032 sims_boxwide=7 last_event_age=0s last_event_epoch=1790480142
[05:37:10] DONE clKE2_east_half_1291443119 rc=0 1195s clKE2 east/half seed=1291443119 rescued=3 dead=0 unreachable=1 never_detected=1 ff_deaths=0 terminal=210 completions=3 recycles=3 removals=3 returns=3 wall=1193s [valid 41/238] src=2a36d14ad942 ext=ea7002772ad1 head=108a0adf55acdb5743cd70a347fc7810fbcefe24
[05:37:11] LAUNCH clKE2_east_half_1532569567 running=5 free_kb=6084300 sims_boxwide=7 attempt=1 src=2a36d14ad942 ext=ea7002772ad1 head=108a0adf55acdb5743cd70a347fc7810fbcefe24
[05:37:36] .. alive runid=20260927-033219-2062 event_age=25s | wave=s3crn total=238 valid=41 running=5 pending=192 launched=46 failed=0 gaveup=0 forkfail=0 free_kb=6084300 sims_boxwide=7 last_event_age=0s last_event_epoch=1790480231
[05:38:36] .. alive runid=20260927-033219-2062 event_age=85s | wave=s3crn total=238 valid=41 running=5 pending=192 launched=46 failed=0 gaveup=0 forkfail=0 free_kb=6084300 sims_boxwide=7 last_event_age=0s last_event_epoch=1790480231
[05:39:36] .. alive runid=20260927-033219-2062 event_age=145s | wave=s3crn total=238 valid=41 running=5 pending=192 launched=46 failed=0 gaveup=0 forkfail=0 free_kb=6084300 sims_boxwide=7 last_event_age=0s last_event_epoch=1790480231
[05:40:36] .. alive runid=20260927-033219-2062 event_age=205s | wave=s3crn total=238 valid=41 running=5 pending=192 launched=46 failed=0 gaveup=0 forkfail=0 free_kb=6084300 sims_boxwide=7 last_event_age=0s last_event_epoch=1790480231
[05:41:36] .. alive runid=20260927-033219-2062 event_age=265s | wave=s3crn total=238 valid=41 running=5 pending=192 launched=46 failed=0 gaveup=0 forkfail=0 free_kb=6084300 sims_boxwide=7 last_event_age=0s last_event_epoch=1790480231
[05:42:31] DONE clKE2_east_half_1252362635 rc=0 981s clKE2 east/half seed=1252362635 rescued=3 dead=1 unreachable=0 never_detected=0 ff_deaths=0 terminal=131 completions=3 recycles=3 removals=3 returns=3 wall=979s [valid 42/238] src=2a36d14ad942 ext=ea7002772ad1 head=108a0adf55acdb5743cd70a347fc7810fbcefe24
[05:42:33] LAUNCH clKE2_east_half_498896028 running=5 free_kb=6247312 sims_boxwide=5 attempt=1 src=2a36d14ad942 ext=ea7002772ad1 head=108a0adf55acdb5743cd70a347fc7810fbcefe24
[05:42:36] .. alive runid=20260927-033219-2062 event_age=3s | wave=s3crn total=238 valid=42 running=5 pending=191 launched=47 failed=0 gaveup=0 forkfail=0 free_kb=6247312 sims_boxwide=5 last_event_age=0s last_event_epoch=1790480553
[05:42:45] DONE clKE2_east_half_1636723358 rc=0 1037s clKE2 east/half seed=1636723358 rescued=3 dead=1 unreachable=0 never_detected=0 ff_deaths=1 terminal=145 completions=3 recycles=3 removals=3 returns=3 wall=1022s [valid 43/238] src=2a36d14ad942 ext=ea7002772ad1 head=108a0adf55acdb5743cd70a347fc7810fbcefe24
[05:42:47] LAUNCH clKE2_east_half_1401495347 running=5 free_kb=6255788 sims_boxwide=5 attempt=1 src=2a36d14ad942 ext=ea7002772ad1 head=108a0adf55acdb5743cd70a347fc7810fbcefe24
[05:43:36] .. alive runid=20260927-033219-2062 event_age=49s | wave=s3crn total=238 valid=43 running=5 pending=190 launched=48 failed=0 gaveup=0 forkfail=0 free_kb=6255788 sims_boxwide=5 last_event_age=0s last_event_epoch=1790480567
[05:44:36] .. alive runid=20260927-033219-2062 event_age=109s | wave=s3crn total=238 valid=43 running=5 pending=190 launched=48 failed=0 gaveup=0 forkfail=0 free_kb=6255788 sims_boxwide=5 last_event_age=0s last_event_epoch=1790480567
[05:45:36] .. alive runid=20260927-033219-2062 event_age=169s | wave=s3crn total=238 valid=43 running=5 pending=190 launched=48 failed=0 gaveup=0 forkfail=0 free_kb=6255788 sims_boxwide=5 last_event_age=0s last_event_epoch=1790480567
[05:46:33] DONE clKE2_east_half_294124329 rc=0 903s clKE2 east/half seed=294124329 rescued=4 dead=0 unreachable=0 never_detected=0 ff_deaths=0 terminal=132 completions=4 recycles=4 removals=4 returns=4 wall=901s [valid 44/238] src=2a36d14ad942 ext=ea7002772ad1 head=108a0adf55acdb5743cd70a347fc7810fbcefe24
[05:46:35] LAUNCH clKE2_east_half_133894353 running=5 free_kb=7074116 sims_boxwide=5 attempt=1 src=2a36d14ad942 ext=ea7002772ad1 head=108a0adf55acdb5743cd70a347fc7810fbcefe24
[05:46:37] .. alive runid=20260927-033219-2062 event_age=2s | wave=s3crn total=238 valid=44 running=5 pending=189 launched=49 failed=0 gaveup=0 forkfail=0 free_kb=7074116 sims_boxwide=5 last_event_age=0s last_event_epoch=1790480795
[05:47:37] .. alive runid=20260927-033219-2062 event_age=62s | wave=s3crn total=238 valid=44 running=5 pending=189 launched=49 failed=0 gaveup=0 forkfail=0 free_kb=7074116 sims_boxwide=5 last_event_age=0s last_event_epoch=1790480795
[05:48:37] .. alive runid=20260927-033219-2062 event_age=122s | wave=s3crn total=238 valid=44 running=5 pending=189 launched=49 failed=0 gaveup=0 forkfail=0 free_kb=7074116 sims_boxwide=5 last_event_age=0s last_event_epoch=1790480795
[05:49:37] .. alive runid=20260927-033219-2062 event_age=182s | wave=s3crn total=238 valid=44 running=5 pending=189 launched=49 failed=0 gaveup=0 forkfail=0 free_kb=7074116 sims_boxwide=5 last_event_age=0s last_event_epoch=1790480795
[05:50:37] .. alive runid=20260927-033219-2062 event_age=242s | wave=s3crn total=238 valid=44 running=5 pending=189 launched=49 failed=0 gaveup=0 forkfail=0 free_kb=7074116 sims_boxwide=5 last_event_age=0s last_event_epoch=1790480795
[05:51:37] .. alive runid=20260927-033219-2062 event_age=302s | wave=s3crn total=238 valid=44 running=5 pending=189 launched=49 failed=0 gaveup=0 forkfail=0 free_kb=7074116 sims_boxwide=5 last_event_age=0s last_event_epoch=1790480795
[05:52:28] DONE clKE2_east_half_1532569567 rc=0 916s clKE2 east/half seed=1532569567 rescued=3 dead=1 unreachable=0 never_detected=0 ff_deaths=0 terminal=94 completions=3 recycles=3 removals=3 returns=3 wall=914s [valid 45/238] src=2a36d14ad942 ext=ea7002772ad1 head=108a0adf55acdb5743cd70a347fc7810fbcefe24
[05:52:29] LAUNCH clKE2_east_half_1788979460 running=5 free_kb=6246580 sims_boxwide=5 attempt=1 src=2a36d14ad942 ext=ea7002772ad1 head=108a0adf55acdb5743cd70a347fc7810fbcefe24
[05:52:37] .. alive runid=20260927-033219-2062 event_age=8s | wave=s3crn total=238 valid=45 running=5 pending=188 launched=50 failed=0 gaveup=0 forkfail=0 free_kb=6246580 sims_boxwide=5 last_event_age=0s last_event_epoch=1790481149
[05:53:37] .. alive runid=20260927-033219-2062 event_age=68s | wave=s3crn total=238 valid=45 running=5 pending=188 launched=50 failed=0 gaveup=0 forkfail=0 free_kb=6246580 sims_boxwide=5 last_event_age=0s last_event_epoch=1790481149
[05:54:37] .. alive runid=20260927-033219-2062 event_age=128s | wave=s3crn total=238 valid=45 running=5 pending=188 launched=50 failed=0 gaveup=0 forkfail=0 free_kb=6246580 sims_boxwide=5 last_event_age=0s last_event_epoch=1790481149
[05:55:14] DONE clKE2_east_half_1723100518 rc=0 1171s clKE2 east/half seed=1723100518 rescued=2 dead=2 unreachable=0 never_detected=0 ff_deaths=0 terminal=162 completions=2 recycles=2 removals=2 returns=2 wall=1169s [valid 46/238] src=2a36d14ad942 ext=ea7002772ad1 head=108a0adf55acdb5743cd70a347fc7810fbcefe24
[05:55:15] LAUNCH clKE2_south_half_1486866530 running=5 free_kb=6188464 sims_boxwide=5 attempt=1 src=2a36d14ad942 ext=ea7002772ad1 head=108a0adf55acdb5743cd70a347fc7810fbcefe24
[05:55:37] .. alive runid=20260927-033219-2062 event_age=22s | wave=s3crn total=238 valid=46 running=5 pending=187 launched=51 failed=0 gaveup=0 forkfail=0 free_kb=6188464 sims_boxwide=5 last_event_age=0s last_event_epoch=1790481315
[05:56:37] .. alive runid=20260927-033219-2062 event_age=82s | wave=s3crn total=238 valid=46 running=5 pending=187 launched=51 failed=0 gaveup=0 forkfail=0 free_kb=6188464 sims_boxwide=5 last_event_age=0s last_event_epoch=1790481315
[05:57:38] .. alive runid=20260927-033219-2062 event_age=143s | wave=s3crn total=238 valid=46 running=5 pending=187 launched=51 failed=0 gaveup=0 forkfail=0 free_kb=6188464 sims_boxwide=5 last_event_age=0s last_event_epoch=1790481315
[05:58:38] .. alive runid=20260927-033219-2062 event_age=203s | wave=s3crn total=238 valid=46 running=5 pending=187 launched=51 failed=0 gaveup=0 forkfail=0 free_kb=6188464 sims_boxwide=5 last_event_age=0s last_event_epoch=1790481315
[05:59:38] .. alive runid=20260927-033219-2062 event_age=263s | wave=s3crn total=238 valid=46 running=5 pending=187 launched=51 failed=0 gaveup=0 forkfail=0 free_kb=6188464 sims_boxwide=5 last_event_age=0s last_event_epoch=1790481315
[06:00:38] .. alive runid=20260927-033219-2062 event_age=323s | wave=s3crn total=238 valid=46 running=5 pending=187 launched=51 failed=0 gaveup=0 forkfail=0 free_kb=6188464 sims_boxwide=5 last_event_age=0s last_event_epoch=1790481315
[06:00:54] DONE clKE2_east_half_1401495347 rc=0 1087s clKE2 east/half seed=1401495347 rescued=2 dead=2 unreachable=0 never_detected=0 ff_deaths=0 terminal=198 completions=2 recycles=2 removals=2 returns=2 wall=1085s [valid 47/238] src=2a36d14ad942 ext=ea7002772ad1 head=108a0adf55acdb5743cd70a347fc7810fbcefe24
[06:00:56] LAUNCH clKE2_south_half_536769381 running=5 free_kb=7949732 sims_boxwide=4 attempt=1 src=2a36d14ad942 ext=ea7002772ad1 head=108a0adf55acdb5743cd70a347fc7810fbcefe24
[06:01:38] .. alive runid=20260927-033219-2062 event_age=42s | wave=s3crn total=238 valid=47 running=5 pending=186 launched=52 failed=0 gaveup=0 forkfail=0 free_kb=7949732 sims_boxwide=4 last_event_age=0s last_event_epoch=1790481656
[06:02:38] .. alive runid=20260927-033219-2062 event_age=102s | wave=s3crn total=238 valid=47 running=5 pending=186 launched=52 failed=0 gaveup=0 forkfail=0 free_kb=7949732 sims_boxwide=4 last_event_age=0s last_event_epoch=1790481656
[06:03:38] .. alive runid=20260927-033219-2062 event_age=162s | wave=s3crn total=238 valid=47 running=5 pending=186 launched=52 failed=0 gaveup=0 forkfail=0 free_kb=7949732 sims_boxwide=4 last_event_age=0s last_event_epoch=1790481656
[06:04:38] .. alive runid=20260927-033219-2062 event_age=222s | wave=s3crn total=238 valid=47 running=5 pending=186 launched=52 failed=0 gaveup=0 forkfail=0 free_kb=7949732 sims_boxwide=4 last_event_age=0s last_event_epoch=1790481656
[06:05:38] .. alive runid=20260927-033219-2062 event_age=282s | wave=s3crn total=238 valid=47 running=5 pending=186 launched=52 failed=0 gaveup=0 forkfail=0 free_kb=7949732 sims_boxwide=4 last_event_age=0s last_event_epoch=1790481656
[06:06:14] DONE clKE2_south_half_1486866530 rc=0 659s clKE2 south/half seed=1486866530 rescued=3 dead=1 unreachable=0 never_detected=0 ff_deaths=0 terminal=204 completions=3 recycles=3 removals=3 returns=3 wall=657s [valid 48/238] src=2a36d14ad942 ext=ea7002772ad1 head=108a0adf55acdb5743cd70a347fc7810fbcefe24
[06:06:16] LAUNCH clKE2_south_half_791464433 running=5 free_kb=7973048 sims_boxwide=4 attempt=1 src=2a36d14ad942 ext=ea7002772ad1 head=108a0adf55acdb5743cd70a347fc7810fbcefe24
[06:06:36] DONE clKE2_east_half_1788979460 rc=0 846s clKE2 east/half seed=1788979460 rescued=3 dead=1 unreachable=0 never_detected=0 ff_deaths=0 terminal=93 completions=3 recycles=3 removals=3 returns=3 wall=844s [valid 49/238] src=2a36d14ad942 ext=ea7002772ad1 head=108a0adf55acdb5743cd70a347fc7810fbcefe24
[06:06:37] LAUNCH clKE2_south_half_706299103 running=5 free_kb=8034488 sims_boxwide=4 attempt=1 src=2a36d14ad942 ext=ea7002772ad1 head=108a0adf55acdb5743cd70a347fc7810fbcefe24
[06:06:38] .. alive runid=20260927-033219-2062 event_age=1s | wave=s3crn total=238 valid=49 running=5 pending=184 launched=54 failed=0 gaveup=0 forkfail=0 free_kb=8034488 sims_boxwide=4 last_event_age=0s last_event_epoch=1790481997
[06:06:50] DONE clKE2_east_half_498896028 rc=0 1456s clKE2 east/half seed=498896028 rescued=4 dead=0 unreachable=0 never_detected=0 ff_deaths=0 terminal=265 completions=4 recycles=4 removals=4 returns=4 wall=1444s [valid 50/238] src=2a36d14ad942 ext=ea7002772ad1 head=108a0adf55acdb5743cd70a347fc7810fbcefe24
[06:06:51] LAUNCH clKE2_south_half_1364948962 running=5 free_kb=8050632 sims_boxwide=4 attempt=1 src=2a36d14ad942 ext=ea7002772ad1 head=108a0adf55acdb5743cd70a347fc7810fbcefe24
[06:07:04] DONE clKE2_east_half_133894353 rc=0 1228s clKE2 east/half seed=133894353 rescued=4 dead=0 unreachable=0 never_detected=0 ff_deaths=0 terminal=215 completions=4 recycles=4 removals=4 returns=4 wall=1215s [valid 51/238] src=2a36d14ad942 ext=ea7002772ad1 head=108a0adf55acdb5743cd70a347fc7810fbcefe24
[06:07:05] LAUNCH clKE2_south_half_937041678 running=5 free_kb=8088100 sims_boxwide=4 attempt=1 src=2a36d14ad942 ext=ea7002772ad1 head=108a0adf55acdb5743cd70a347fc7810fbcefe24
[06:07:38] .. alive runid=20260927-033219-2062 event_age=33s | wave=s3crn total=238 valid=51 running=5 pending=182 launched=56 failed=0 gaveup=0 forkfail=0 free_kb=8088100 sims_boxwide=4 last_event_age=0s last_event_epoch=1790482025
[06:08:39] .. alive runid=20260927-033219-2062 event_age=94s | wave=s3crn total=238 valid=51 running=5 pending=182 launched=56 failed=0 gaveup=0 forkfail=0 free_kb=8088100 sims_boxwide=4 last_event_age=0s last_event_epoch=1790482025
[06:08:41] DONE clKE2_south_half_536769381 rc=0 464s clKE2 south/half seed=536769381 rescued=4 dead=0 unreachable=0 never_detected=0 ff_deaths=0 terminal=113 completions=4 recycles=4 removals=4 returns=4 wall=463s [valid 52/238] src=2a36d14ad942 ext=ea7002772ad1 head=108a0adf55acdb5743cd70a347fc7810fbcefe24
[06:08:42] LAUNCH clKE2_south_half_954838929 running=5 free_kb=8123456 sims_boxwide=4 attempt=1 src=2a36d14ad942 ext=ea7002772ad1 head=108a0adf55acdb5743cd70a347fc7810fbcefe24
[06:09:39] .. alive runid=20260927-033219-2062 event_age=57s | wave=s3crn total=238 valid=52 running=5 pending=181 launched=57 failed=0 gaveup=0 forkfail=0 free_kb=8123456 sims_boxwide=4 last_event_age=0s last_event_epoch=1790482122
[06:10:39] .. alive runid=20260927-033219-2062 event_age=117s | wave=s3crn total=238 valid=52 running=5 pending=181 launched=57 failed=0 gaveup=0 forkfail=0 free_kb=8123456 sims_boxwide=4 last_event_age=0s last_event_epoch=1790482122
[06:11:39] .. alive runid=20260927-033219-2062 event_age=177s | wave=s3crn total=238 valid=52 running=5 pending=181 launched=57 failed=0 gaveup=0 forkfail=0 free_kb=8123456 sims_boxwide=4 last_event_age=0s last_event_epoch=1790482122
[06:12:39] .. alive runid=20260927-033219-2062 event_age=237s | wave=s3crn total=238 valid=52 running=5 pending=181 launched=57 failed=0 gaveup=0 forkfail=0 free_kb=8123456 sims_boxwide=4 last_event_age=0s last_event_epoch=1790482122
[06:13:39] .. alive runid=20260927-033219-2062 event_age=297s | wave=s3crn total=238 valid=52 running=5 pending=181 launched=57 failed=0 gaveup=0 forkfail=0 free_kb=8123456 sims_boxwide=4 last_event_age=0s last_event_epoch=1790482122
[06:14:39] .. alive runid=20260927-033219-2062 event_age=357s | wave=s3crn total=238 valid=52 running=5 pending=181 launched=57 failed=0 gaveup=0 forkfail=0 free_kb=8123456 sims_boxwide=4 last_event_age=0s last_event_epoch=1790482122
[06:15:39] .. alive runid=20260927-033219-2062 event_age=417s | wave=s3crn total=238 valid=52 running=5 pending=181 launched=57 failed=0 gaveup=0 forkfail=0 free_kb=8123456 sims_boxwide=4 last_event_age=0s last_event_epoch=1790482122
[06:16:32] DONE clKE2_south_half_1364948962 rc=0 580s clKE2 south/half seed=1364948962 rescued=4 dead=0 unreachable=0 never_detected=0 ff_deaths=0 terminal=149 completions=4 recycles=4 removals=4 returns=4 wall=578s [valid 53/238] src=2a36d14ad942 ext=ea7002772ad1 head=108a0adf55acdb5743cd70a347fc7810fbcefe24
[06:16:33] LAUNCH clKE2_south_half_139925734 running=5 free_kb=8032140 sims_boxwide=4 attempt=1 src=2a36d14ad942 ext=ea7002772ad1 head=108a0adf55acdb5743cd70a347fc7810fbcefe24
[06:16:39] .. alive runid=20260927-033219-2062 event_age=6s | wave=s3crn total=238 valid=53 running=5 pending=180 launched=58 failed=0 gaveup=0 forkfail=0 free_kb=8032140 sims_boxwide=4 last_event_age=0s last_event_epoch=1790482593
[06:16:46] DONE clKE2_south_half_706299103 rc=0 608s clKE2 south/half seed=706299103 rescued=4 dead=0 unreachable=0 never_detected=0 ff_deaths=1 terminal=172 completions=4 recycles=4 removals=4 returns=4 wall=595s [valid 54/238] src=2a36d14ad942 ext=ea7002772ad1 head=108a0adf55acdb5743cd70a347fc7810fbcefe24
[06:16:47] LAUNCH clKE2_south_half_1624156665 running=5 free_kb=8094872 sims_boxwide=4 attempt=1 src=2a36d14ad942 ext=ea7002772ad1 head=108a0adf55acdb5743cd70a347fc7810fbcefe24
[06:17:03] DONE clKE2_south_half_937041678 rc=0 598s clKE2 south/half seed=937041678 rescued=4 dead=0 unreachable=0 never_detected=0 ff_deaths=1 terminal=173 completions=4 recycles=4 removals=4 returns=4 wall=596s [valid 55/238] src=2a36d14ad942 ext=ea7002772ad1 head=108a0adf55acdb5743cd70a347fc7810fbcefe24
[06:17:05] LAUNCH clKE2_south_half_285242396 running=5 free_kb=8056356 sims_boxwide=4 attempt=1 src=2a36d14ad942 ext=ea7002772ad1 head=108a0adf55acdb5743cd70a347fc7810fbcefe24
[06:17:39] .. alive runid=20260927-033219-2062 event_age=34s | wave=s3crn total=238 valid=55 running=5 pending=178 launched=60 failed=0 gaveup=0 forkfail=0 free_kb=8056356 sims_boxwide=4 last_event_age=0s last_event_epoch=1790482625
[06:18:12] DONE clKE2_south_half_791464433 rc=0 715s clKE2 south/half seed=791464433 rescued=4 dead=0 unreachable=0 never_detected=0 ff_deaths=1 terminal=265 completions=4 recycles=4 removals=4 returns=4 wall=713s [valid 56/238] src=2a36d14ad942 ext=ea7002772ad1 head=108a0adf55acdb5743cd70a347fc7810fbcefe24
[06:18:13] LAUNCH clKE2_south_half_573250932 running=5 free_kb=8139880 sims_boxwide=4 attempt=1 src=2a36d14ad942 ext=ea7002772ad1 head=108a0adf55acdb5743cd70a347fc7810fbcefe24
[06:18:26] DONE clKE2_south_half_954838929 rc=0 583s clKE2 south/half seed=954838929 rescued=3 dead=1 unreachable=0 never_detected=0 ff_deaths=0 terminal=95 completions=3 recycles=3 removals=3 returns=3 wall=569s [valid 57/238] src=2a36d14ad942 ext=ea7002772ad1 head=108a0adf55acdb5743cd70a347fc7810fbcefe24
[06:18:27] LAUNCH clKE2_south_half_1048395951 running=5 free_kb=8162192 sims_boxwide=4 attempt=1 src=2a36d14ad942 ext=ea7002772ad1 head=108a0adf55acdb5743cd70a347fc7810fbcefe24
[06:18:39] .. alive runid=20260927-033219-2062 event_age=12s | wave=s3crn total=238 valid=57 running=5 pending=176 launched=62 failed=0 gaveup=0 forkfail=0 free_kb=8162192 sims_boxwide=4 last_event_age=0s last_event_epoch=1790482707
[06:19:40] .. alive runid=20260927-033219-2062 event_age=73s | wave=s3crn total=238 valid=57 running=5 pending=176 launched=62 failed=0 gaveup=0 forkfail=0 free_kb=8162192 sims_boxwide=4 last_event_age=0s last_event_epoch=1790482707
[06:20:40] .. alive runid=20260927-033219-2062 event_age=133s | wave=s3crn total=238 valid=57 running=5 pending=176 launched=62 failed=0 gaveup=0 forkfail=0 free_kb=8162192 sims_boxwide=4 last_event_age=0s last_event_epoch=1790482707
[06:21:40] .. alive runid=20260927-033219-2062 event_age=193s | wave=s3crn total=238 valid=57 running=5 pending=176 launched=62 failed=0 gaveup=0 forkfail=0 free_kb=8162192 sims_boxwide=4 last_event_age=0s last_event_epoch=1790482707
[06:22:40] .. alive runid=20260927-033219-2062 event_age=253s | wave=s3crn total=238 valid=57 running=5 pending=176 launched=62 failed=0 gaveup=0 forkfail=0 free_kb=8162192 sims_boxwide=4 last_event_age=0s last_event_epoch=1790482707
[06:23:40] .. alive runid=20260927-033219-2062 event_age=313s | wave=s3crn total=238 valid=57 running=5 pending=176 launched=62 failed=0 gaveup=0 forkfail=0 free_kb=8162192 sims_boxwide=4 last_event_age=0s last_event_epoch=1790482707
[06:24:40] .. alive runid=20260927-033219-2062 event_age=373s | wave=s3crn total=238 valid=57 running=5 pending=176 launched=62 failed=0 gaveup=0 forkfail=0 free_kb=8162192 sims_boxwide=4 last_event_age=0s last_event_epoch=1790482707
[06:25:10] DONE clKE2_south_half_1624156665 rc=0 503s clKE2 south/half seed=1624156665 rescued=4 dead=0 unreachable=0 never_detected=0 ff_deaths=0 terminal=134 completions=4 recycles=4 removals=4 returns=4 wall=501s [valid 58/238] src=2a36d14ad942 ext=ea7002772ad1 head=108a0adf55acdb5743cd70a347fc7810fbcefe24
[06:25:12] LAUNCH clKE2_south_half_903347495 running=5 free_kb=8866144 sims_boxwide=4 attempt=1 src=2a36d14ad942 ext=ea7002772ad1 head=108a0adf55acdb5743cd70a347fc7810fbcefe24
[06:25:40] .. alive runid=20260927-033219-2062 event_age=28s | wave=s3crn total=238 valid=58 running=5 pending=175 launched=63 failed=0 gaveup=0 forkfail=0 free_kb=8866144 sims_boxwide=4 last_event_age=0s last_event_epoch=1790483112
[06:26:40] .. alive runid=20260927-033219-2062 event_age=88s | wave=s3crn total=238 valid=58 running=5 pending=175 launched=63 failed=0 gaveup=0 forkfail=0 free_kb=8866144 sims_boxwide=4 last_event_age=0s last_event_epoch=1790483112
[06:27:10] DONE clKE2_south_half_285242396 rc=0 604s clKE2 south/half seed=285242396 rescued=4 dead=0 unreachable=0 never_detected=0 ff_deaths=0 terminal=246 completions=4 recycles=4 removals=4 returns=4 wall=603s [valid 59/238] src=2a36d14ad942 ext=ea7002772ad1 head=108a0adf55acdb5743cd70a347fc7810fbcefe24
[06:27:11] LAUNCH clKE2_east_def_2038269169 running=5 free_kb=8130712 sims_boxwide=4 attempt=1 src=2a36d14ad942 ext=ea7002772ad1 head=108a0adf55acdb5743cd70a347fc7810fbcefe24
[06:27:40] .. alive runid=20260927-033219-2062 event_age=29s | wave=s3crn total=238 valid=59 running=5 pending=174 launched=64 failed=0 gaveup=0 forkfail=0 free_kb=8130712 sims_boxwide=4 last_event_age=0s last_event_epoch=1790483231
[06:27:48] DONE clKE2_south_half_139925734 rc=0 674s clKE2 south/half seed=139925734 rescued=3 dead=1 unreachable=0 never_detected=0 ff_deaths=0 terminal=100 completions=3 recycles=3 removals=3 returns=3 wall=672s [valid 60/238] src=2a36d14ad942 ext=ea7002772ad1 head=108a0adf55acdb5743cd70a347fc7810fbcefe24
[06:27:49] LAUNCH clKE2_east_def_1749069988 running=5 free_kb=8122900 sims_boxwide=4 attempt=1 src=2a36d14ad942 ext=ea7002772ad1 head=108a0adf55acdb5743cd70a347fc7810fbcefe24
[06:28:06] DONE clKE2_south_half_573250932 rc=0 592s clKE2 south/half seed=573250932 rescued=4 dead=0 unreachable=0 never_detected=0 ff_deaths=0 terminal=229 completions=4 recycles=4 removals=4 returns=4 wall=590s [valid 61/238] src=2a36d14ad942 ext=ea7002772ad1 head=108a0adf55acdb5743cd70a347fc7810fbcefe24
[06:28:07] LAUNCH clKE2_east_def_1420331661 running=5 free_kb=8169528 sims_boxwide=4 attempt=1 src=2a36d14ad942 ext=ea7002772ad1 head=108a0adf55acdb5743cd70a347fc7810fbcefe24
[06:28:40] .. alive runid=20260927-033219-2062 event_age=33s | wave=s3crn total=238 valid=61 running=5 pending=172 launched=66 failed=0 gaveup=0 forkfail=0 free_kb=8169528 sims_boxwide=4 last_event_age=0s last_event_epoch=1790483287
[06:29:40] .. alive runid=20260927-033219-2062 event_age=93s | wave=s3crn total=238 valid=61 running=5 pending=172 launched=66 failed=0 gaveup=0 forkfail=0 free_kb=8169528 sims_boxwide=4 last_event_age=0s last_event_epoch=1790483287
[06:30:40] .. alive runid=20260927-033219-2062 event_age=153s | wave=s3crn total=238 valid=61 running=5 pending=172 launched=66 failed=0 gaveup=0 forkfail=0 free_kb=8169528 sims_boxwide=4 last_event_age=0s last_event_epoch=1790483287
[06:30:49] DONE clKE2_south_half_1048395951 rc=0 741s clKE2 south/half seed=1048395951 rescued=3 dead=1 unreachable=0 never_detected=0 ff_deaths=1 terminal=198 completions=3 recycles=3 removals=3 returns=3 wall=739s [valid 62/238] src=2a36d14ad942 ext=ea7002772ad1 head=108a0adf55acdb5743cd70a347fc7810fbcefe24
[06:30:50] LAUNCH clKE2_east_def_1480870832 running=5 free_kb=7778504 sims_boxwide=4 attempt=1 src=2a36d14ad942 ext=ea7002772ad1 head=108a0adf55acdb5743cd70a347fc7810fbcefe24
[06:31:41] .. alive runid=20260927-033219-2062 event_age=51s | wave=s3crn total=238 valid=62 running=5 pending=171 launched=67 failed=0 gaveup=0 forkfail=0 free_kb=7778504 sims_boxwide=4 last_event_age=0s last_event_epoch=1790483450
[06:32:41] .. alive runid=20260927-033219-2062 event_age=111s | wave=s3crn total=238 valid=62 running=5 pending=171 launched=67 failed=0 gaveup=0 forkfail=0 free_kb=7778504 sims_boxwide=4 last_event_age=0s last_event_epoch=1790483450
[06:33:25] DONE clKE2_south_half_903347495 rc=0 492s clKE2 south/half seed=903347495 rescued=4 dead=0 unreachable=0 never_detected=0 ff_deaths=0 terminal=149 completions=4 recycles=4 removals=4 returns=4 wall=490s [valid 63/238] src=2a36d14ad942 ext=ea7002772ad1 head=108a0adf55acdb5743cd70a347fc7810fbcefe24
[06:33:26] LAUNCH clKE2_east_half_1506055301 running=5 free_kb=7914644 sims_boxwide=4 attempt=1 src=2a36d14ad942 ext=ea7002772ad1 head=108a0adf55acdb5743cd70a347fc7810fbcefe24
[06:33:41] .. alive runid=20260927-033219-2062 event_age=15s | wave=s3crn total=238 valid=63 running=5 pending=170 launched=68 failed=0 gaveup=0 forkfail=0 free_kb=7914644 sims_boxwide=4 last_event_age=0s last_event_epoch=1790483606
[06:34:41] .. alive runid=20260927-033219-2062 event_age=75s | wave=s3crn total=238 valid=63 running=5 pending=170 launched=68 failed=0 gaveup=0 forkfail=0 free_kb=7914644 sims_boxwide=4 last_event_age=0s last_event_epoch=1790483606
[06:35:41] .. alive runid=20260927-033219-2062 event_age=135s | wave=s3crn total=238 valid=63 running=5 pending=170 launched=68 failed=0 gaveup=0 forkfail=0 free_kb=7914644 sims_boxwide=4 last_event_age=0s last_event_epoch=1790483606
[06:36:28] DONE clKE2_east_def_2038269169 rc=0 557s clKE2 east/default seed=2038269169 rescued=4 dead=0 unreachable=0 never_detected=0 ff_deaths=0 terminal=283 completions=4 recycles=4 removals=4 returns=4 wall=554s [valid 64/238] src=2a36d14ad942 ext=ea7002772ad1 head=108a0adf55acdb5743cd70a347fc7810fbcefe24
[06:36:30] LAUNCH clKE2_east_half_1999015533 running=5 free_kb=8018740 sims_boxwide=4 attempt=1 src=2a36d14ad942 ext=ea7002772ad1 head=108a0adf55acdb5743cd70a347fc7810fbcefe24
[06:36:41] .. alive runid=20260927-033219-2062 event_age=11s | wave=s3crn total=238 valid=64 running=5 pending=169 launched=69 failed=0 gaveup=0 forkfail=0 free_kb=8018740 sims_boxwide=4 last_event_age=0s last_event_epoch=1790483790
[06:37:23] DONE clKE2_east_def_1749069988 rc=0 574s clKE2 east/default seed=1749069988 rescued=3 dead=1 unreachable=0 never_detected=0 ff_deaths=0 terminal=268 completions=3 recycles=3 removals=3 returns=3 wall=571s [valid 65/238] src=2a36d14ad942 ext=ea7002772ad1 head=108a0adf55acdb5743cd70a347fc7810fbcefe24
[06:37:25] LAUNCH clKE2_east_half_2095654154 running=5 free_kb=8010796 sims_boxwide=4 attempt=1 src=2a36d14ad942 ext=ea7002772ad1 head=108a0adf55acdb5743cd70a347fc7810fbcefe24
[06:37:38] DONE clKE2_east_def_1420331661 rc=0 570s clKE2 east/default seed=1420331661 rescued=4 dead=0 unreachable=0 never_detected=0 ff_deaths=0 terminal=186 completions=4 recycles=4 removals=4 returns=4 wall=569s [valid 66/238] src=2a36d14ad942 ext=ea7002772ad1 head=108a0adf55acdb5743cd70a347fc7810fbcefe24
[06:37:39] LAUNCH clKE2_east_half_824498143 running=5 free_kb=8059704 sims_boxwide=4 attempt=1 src=2a36d14ad942 ext=ea7002772ad1 head=108a0adf55acdb5743cd70a347fc7810fbcefe24
[06:37:41] .. alive runid=20260927-033219-2062 event_age=2s | wave=s3crn total=238 valid=66 running=5 pending=167 launched=71 failed=0 gaveup=0 forkfail=0 free_kb=8059704 sims_boxwide=4 last_event_age=0s last_event_epoch=1790483859
[06:38:41] .. alive runid=20260927-033219-2062 event_age=62s | wave=s3crn total=238 valid=66 running=5 pending=167 launched=71 failed=0 gaveup=0 forkfail=0 free_kb=8059704 sims_boxwide=4 last_event_age=0s last_event_epoch=1790483859
[06:39:41] .. alive runid=20260927-033219-2062 event_age=122s | wave=s3crn total=238 valid=66 running=5 pending=167 launched=71 failed=0 gaveup=0 forkfail=0 free_kb=8059704 sims_boxwide=4 last_event_age=0s last_event_epoch=1790483859
[06:40:41] .. alive runid=20260927-033219-2062 event_age=182s | wave=s3crn total=238 valid=66 running=5 pending=167 launched=71 failed=0 gaveup=0 forkfail=0 free_kb=8059704 sims_boxwide=4 last_event_age=0s last_event_epoch=1790483859
[06:41:24] DONE clKE2_east_def_1480870832 rc=0 633s clKE2 east/default seed=1480870832 rescued=2 dead=2 unreachable=0 never_detected=0 ff_deaths=0 terminal=229 completions=2 recycles=2 removals=2 returns=2 wall=631s [valid 67/238] src=2a36d14ad942 ext=ea7002772ad1 head=108a0adf55acdb5743cd70a347fc7810fbcefe24
[06:41:25] LAUNCH clKE2_east_half_1468405687 running=5 free_kb=8104876 sims_boxwide=4 attempt=1 src=2a36d14ad942 ext=ea7002772ad1 head=108a0adf55acdb5743cd70a347fc7810fbcefe24
[06:41:41] .. alive runid=20260927-033219-2062 event_age=16s | wave=s3crn total=238 valid=67 running=5 pending=166 launched=72 failed=0 gaveup=0 forkfail=0 free_kb=8104876 sims_boxwide=4 last_event_age=0s last_event_epoch=1790484085
[06:42:42] .. alive runid=20260927-033219-2062 event_age=77s | wave=s3crn total=238 valid=67 running=5 pending=166 launched=72 failed=0 gaveup=0 forkfail=0 free_kb=8104876 sims_boxwide=4 last_event_age=0s last_event_epoch=1790484085
[06:43:42] .. alive runid=20260927-033219-2062 event_age=137s | wave=s3crn total=238 valid=67 running=5 pending=166 launched=72 failed=0 gaveup=0 forkfail=0 free_kb=8104876 sims_boxwide=4 last_event_age=0s last_event_epoch=1790484085
[06:44:42] .. alive runid=20260927-033219-2062 event_age=197s | wave=s3crn total=238 valid=67 running=5 pending=166 launched=72 failed=0 gaveup=0 forkfail=0 free_kb=8104876 sims_boxwide=4 last_event_age=0s last_event_epoch=1790484085
[06:45:42] .. alive runid=20260927-033219-2062 event_age=257s | wave=s3crn total=238 valid=67 running=5 pending=166 launched=72 failed=0 gaveup=0 forkfail=0 free_kb=8104876 sims_boxwide=4 last_event_age=0s last_event_epoch=1790484085
[06:46:42] .. alive runid=20260927-033219-2062 event_age=317s | wave=s3crn total=238 valid=67 running=5 pending=166 launched=72 failed=0 gaveup=0 forkfail=0 free_kb=8104876 sims_boxwide=4 last_event_age=0s last_event_epoch=1790484085
[06:47:42] .. alive runid=20260927-033219-2062 event_age=377s | wave=s3crn total=238 valid=67 running=5 pending=166 launched=72 failed=0 gaveup=0 forkfail=0 free_kb=8104876 sims_boxwide=4 last_event_age=0s last_event_epoch=1790484085
[06:48:42] .. alive runid=20260927-033219-2062 event_age=437s | wave=s3crn total=238 valid=67 running=5 pending=166 launched=72 failed=0 gaveup=0 forkfail=0 free_kb=8104876 sims_boxwide=4 last_event_age=0s last_event_epoch=1790484085
[06:49:42] .. alive runid=20260927-033219-2062 event_age=497s | wave=s3crn total=238 valid=67 running=5 pending=166 launched=72 failed=0 gaveup=0 forkfail=0 free_kb=8104876 sims_boxwide=4 last_event_age=0s last_event_epoch=1790484085
[06:50:42] .. alive runid=20260927-033219-2062 event_age=557s | wave=s3crn total=238 valid=67 running=5 pending=166 launched=72 failed=0 gaveup=0 forkfail=0 free_kb=8104876 sims_boxwide=4 last_event_age=0s last_event_epoch=1790484085
[06:51:42] .. alive runid=20260927-033219-2062 event_age=617s | wave=s3crn total=238 valid=67 running=5 pending=166 launched=72 failed=0 gaveup=0 forkfail=0 free_kb=8104876 sims_boxwide=4 last_event_age=0s last_event_epoch=1790484085
[06:51:44] DONE clKE2_east_half_1999015533 rc=0 913s clKE2 east/half seed=1999015533 rescued=3 dead=1 unreachable=0 never_detected=0 ff_deaths=0 terminal=150 completions=3 recycles=3 removals=3 returns=3 wall=912s [valid 68/238] src=2a36d14ad942 ext=ea7002772ad1 head=108a0adf55acdb5743cd70a347fc7810fbcefe24
[06:51:45] LAUNCH clKE2_east_half_731846821 running=5 free_kb=8031484 sims_boxwide=4 attempt=1 src=2a36d14ad942 ext=ea7002772ad1 head=108a0adf55acdb5743cd70a347fc7810fbcefe24
[06:52:42] .. alive runid=20260927-033219-2062 event_age=57s | wave=s3crn total=238 valid=68 running=5 pending=165 launched=73 failed=0 gaveup=0 forkfail=0 free_kb=8031484 sims_boxwide=4 last_event_age=0s last_event_epoch=1790484705
[06:53:43] .. alive runid=20260927-033219-2062 event_age=117s | wave=s3crn total=238 valid=68 running=5 pending=165 launched=73 failed=0 gaveup=0 forkfail=0 free_kb=8031484 sims_boxwide=4 last_event_age=0s last_event_epoch=1790484705
[06:53:46] DONE clKE2_east_half_824498143 rc=0 966s clKE2 east/half seed=824498143 rescued=3 dead=1 unreachable=0 never_detected=0 ff_deaths=0 terminal=139 completions=3 recycles=3 removals=3 returns=3 wall=964s [valid 69/238] src=2a36d14ad942 ext=ea7002772ad1 head=108a0adf55acdb5743cd70a347fc7810fbcefe24
[06:53:47] LAUNCH clKE2_east_half_1301429659 running=5 free_kb=8058736 sims_boxwide=4 attempt=1 src=2a36d14ad942 ext=ea7002772ad1 head=108a0adf55acdb5743cd70a347fc7810fbcefe24
[06:54:20] DONE clKE2_east_half_1506055301 rc=0 1253s clKE2 east/half seed=1506055301 rescued=3 dead=1 unreachable=0 never_detected=0 ff_deaths=0 terminal=150 completions=3 recycles=3 removals=3 returns=3 wall=1251s [valid 70/238] src=2a36d14ad942 ext=ea7002772ad1 head=108a0adf55acdb5743cd70a347fc7810fbcefe24
[06:54:21] LAUNCH clKE2_east_half_53258209 running=5 free_kb=8071636 sims_boxwide=4 attempt=1 src=2a36d14ad942 ext=ea7002772ad1 head=108a0adf55acdb5743cd70a347fc7810fbcefe24
[06:54:43] .. alive runid=20260927-033219-2062 event_age=22s | wave=s3crn total=238 valid=70 running=5 pending=163 launched=75 failed=0 gaveup=0 forkfail=0 free_kb=8071636 sims_boxwide=4 last_event_age=0s last_event_epoch=1790484861
[06:55:30] DONE clKE2_east_half_2095654154 rc=0 1084s clKE2 east/half seed=2095654154 rescued=2 dead=2 unreachable=0 never_detected=0 ff_deaths=0 terminal=193 completions=2 recycles=2 removals=2 returns=2 wall=1083s [valid 71/238] src=2a36d14ad942 ext=ea7002772ad1 head=108a0adf55acdb5743cd70a347fc7810fbcefe24
[06:55:31] LAUNCH clKE2_east_half_1341701987 running=5 free_kb=8072696 sims_boxwide=4 attempt=1 src=2a36d14ad942 ext=ea7002772ad1 head=108a0adf55acdb5743cd70a347fc7810fbcefe24
[06:55:43] .. alive runid=20260927-033219-2062 event_age=12s | wave=s3crn total=238 valid=71 running=5 pending=162 launched=76 failed=0 gaveup=0 forkfail=0 free_kb=8072696 sims_boxwide=4 last_event_age=0s last_event_epoch=1790484931
[06:56:36] DONE clKE2_east_half_1468405687 rc=0 911s clKE2 east/half seed=1468405687 rescued=4 dead=0 unreachable=0 never_detected=0 ff_deaths=0 terminal=126 completions=4 recycles=4 removals=4 returns=4 wall=909s [valid 72/238] src=2a36d14ad942 ext=ea7002772ad1 head=108a0adf55acdb5743cd70a347fc7810fbcefe24
[06:56:37] LAUNCH clKE2_east_half_264075293 running=5 free_kb=8131808 sims_boxwide=4 attempt=1 src=2a36d14ad942 ext=ea7002772ad1 head=108a0adf55acdb5743cd70a347fc7810fbcefe24
[06:56:43] .. alive runid=20260927-033219-2062 event_age=6s | wave=s3crn total=238 valid=72 running=5 pending=161 launched=77 failed=0 gaveup=0 forkfail=0 free_kb=8131808 sims_boxwide=4 last_event_age=0s last_event_epoch=1790484997
[06:57:43] .. alive runid=20260927-033219-2062 event_age=66s | wave=s3crn total=238 valid=72 running=5 pending=161 launched=77 failed=0 gaveup=0 forkfail=0 free_kb=8131808 sims_boxwide=4 last_event_age=0s last_event_epoch=1790484997
[06:58:43] .. alive runid=20260927-033219-2062 event_age=126s | wave=s3crn total=238 valid=72 running=5 pending=161 launched=77 failed=0 gaveup=0 forkfail=0 free_kb=8131808 sims_boxwide=4 last_event_age=0s last_event_epoch=1790484997
[06:59:43] .. alive runid=20260927-033219-2062 event_age=186s | wave=s3crn total=238 valid=72 running=5 pending=161 launched=77 failed=0 gaveup=0 forkfail=0 free_kb=8131808 sims_boxwide=4 last_event_age=0s last_event_epoch=1790484997
[07:00:43] .. alive runid=20260927-033219-2062 event_age=246s | wave=s3crn total=238 valid=72 running=5 pending=161 launched=77 failed=0 gaveup=0 forkfail=0 free_kb=8131808 sims_boxwide=4 last_event_age=0s last_event_epoch=1790484997
[07:01:43] .. alive runid=20260927-033219-2062 event_age=306s | wave=s3crn total=238 valid=72 running=5 pending=161 launched=77 failed=0 gaveup=0 forkfail=0 free_kb=8131808 sims_boxwide=4 last_event_age=0s last_event_epoch=1790484997
[07:02:43] .. alive runid=20260927-033219-2062 event_age=366s | wave=s3crn total=238 valid=72 running=5 pending=161 launched=77 failed=0 gaveup=0 forkfail=0 free_kb=8131808 sims_boxwide=4 last_event_age=0s last_event_epoch=1790484997
[07:03:43] .. alive runid=20260927-033219-2062 event_age=426s | wave=s3crn total=238 valid=72 running=5 pending=161 launched=77 failed=0 gaveup=0 forkfail=0 free_kb=8131808 sims_boxwide=4 last_event_age=0s last_event_epoch=1790484997
[07:04:43] .. alive runid=20260927-033219-2062 event_age=486s | wave=s3crn total=238 valid=72 running=5 pending=161 launched=77 failed=0 gaveup=0 forkfail=0 free_kb=8131808 sims_boxwide=4 last_event_age=0s last_event_epoch=1790484997
[07:05:44] .. alive runid=20260927-033219-2062 event_age=547s | wave=s3crn total=238 valid=72 running=5 pending=161 launched=77 failed=0 gaveup=0 forkfail=0 free_kb=8131808 sims_boxwide=4 last_event_age=0s last_event_epoch=1790484997
[07:06:44] .. alive runid=20260927-033219-2062 event_age=607s | wave=s3crn total=238 valid=72 running=5 pending=161 launched=77 failed=0 gaveup=0 forkfail=0 free_kb=8131808 sims_boxwide=4 last_event_age=0s last_event_epoch=1790484997
[07:07:44] .. alive runid=20260927-033219-2062 event_age=667s | wave=s3crn total=238 valid=72 running=5 pending=161 launched=77 failed=0 gaveup=0 forkfail=0 free_kb=8131808 sims_boxwide=4 last_event_age=0s last_event_epoch=1790484997
[07:08:13] DONE clKE2_east_half_1301429659 rc=0 865s clKE2 east/half seed=1301429659 rescued=3 dead=1 unreachable=0 never_detected=0 ff_deaths=0 terminal=116 completions=3 recycles=3 removals=3 returns=3 wall=863s [valid 73/238] src=2a36d14ad942 ext=ea7002772ad1 head=108a0adf55acdb5743cd70a347fc7810fbcefe24
[07:08:14] LAUNCH clKE2_east_half_2091896221 running=5 free_kb=7997396 sims_boxwide=4 attempt=1 src=2a36d14ad942 ext=ea7002772ad1 head=108a0adf55acdb5743cd70a347fc7810fbcefe24
[07:08:44] .. alive runid=20260927-033219-2062 event_age=30s | wave=s3crn total=238 valid=73 running=5 pending=160 launched=78 failed=0 gaveup=0 forkfail=0 free_kb=7997396 sims_boxwide=4 last_event_age=0s last_event_epoch=1790485694
[07:09:44] .. alive runid=20260927-033219-2062 event_age=90s | wave=s3crn total=238 valid=73 running=5 pending=160 launched=78 failed=0 gaveup=0 forkfail=0 free_kb=7997396 sims_boxwide=4 last_event_age=0s last_event_epoch=1790485694
[07:10:44] .. alive runid=20260927-033219-2062 event_age=150s | wave=s3crn total=238 valid=73 running=5 pending=160 launched=78 failed=0 gaveup=0 forkfail=0 free_kb=7997396 sims_boxwide=4 last_event_age=0s last_event_epoch=1790485694
[07:10:50] DONE clKE2_east_half_731846821 rc=0 1144s clKE2 east/half seed=731846821 rescued=3 dead=1 unreachable=0 never_detected=0 ff_deaths=0 terminal=222 completions=3 recycles=3 removals=3 returns=3 wall=1142s [valid 74/238] src=2a36d14ad942 ext=ea7002772ad1 head=108a0adf55acdb5743cd70a347fc7810fbcefe24
[07:10:51] LAUNCH clKE2_east_half_21892117 running=5 free_kb=7973860 sims_boxwide=4 attempt=1 src=2a36d14ad942 ext=ea7002772ad1 head=108a0adf55acdb5743cd70a347fc7810fbcefe24
[07:11:04] DONE clKE2_east_half_1341701987 rc=0 932s clKE2 east/half seed=1341701987 rescued=4 dead=0 unreachable=0 never_detected=0 ff_deaths=0 terminal=127 completions=4 recycles=4 removals=4 returns=4 wall=923s [valid 75/238] src=2a36d14ad942 ext=ea7002772ad1 head=108a0adf55acdb5743cd70a347fc7810fbcefe24
[07:11:05] DONE clKE2_east_half_264075293 rc=0 867s clKE2 east/half seed=264075293 rescued=3 dead=1 unreachable=0 never_detected=0 ff_deaths=0 terminal=97 completions=3 recycles=3 removals=3 returns=3 wall=857s [valid 76/238] src=2a36d14ad942 ext=ea7002772ad1 head=108a0adf55acdb5743cd70a347fc7810fbcefe24
[07:11:06] LAUNCH clKE2_east_half_1717500098 running=4 free_kb=8950032 sims_boxwide=3 attempt=1 src=2a36d14ad942 ext=ea7002772ad1 head=108a0adf55acdb5743cd70a347fc7810fbcefe24
[07:11:19] LAUNCH clKE2_south_half_1386492524 running=5 free_kb=8067136 sims_boxwide=4 attempt=1 src=2a36d14ad942 ext=ea7002772ad1 head=108a0adf55acdb5743cd70a347fc7810fbcefe24
[07:11:44] .. alive runid=20260927-033219-2062 event_age=25s | wave=s3crn total=238 valid=76 running=5 pending=157 launched=81 failed=0 gaveup=0 forkfail=0 free_kb=8067136 sims_boxwide=4 last_event_age=0s last_event_epoch=1790485879
[07:12:44] .. alive runid=20260927-033219-2062 event_age=85s | wave=s3crn total=238 valid=76 running=5 pending=157 launched=81 failed=0 gaveup=0 forkfail=0 free_kb=8067136 sims_boxwide=4 last_event_age=0s last_event_epoch=1790485879
[07:13:44] .. alive runid=20260927-033219-2062 event_age=145s | wave=s3crn total=238 valid=76 running=5 pending=157 launched=81 failed=0 gaveup=0 forkfail=0 free_kb=8067136 sims_boxwide=4 last_event_age=0s last_event_epoch=1790485879
[07:14:32] DONE clKE2_east_half_53258209 rc=0 1210s clKE2 east/half seed=53258209 rescued=4 dead=0 unreachable=0 never_detected=0 ff_deaths=0 terminal=214 completions=4 recycles=4 removals=4 returns=4 wall=1208s [valid 77/238] src=2a36d14ad942 ext=ea7002772ad1 head=108a0adf55acdb5743cd70a347fc7810fbcefe24
[07:14:33] LAUNCH clKE2_south_half_481765503 running=5 free_kb=8004120 sims_boxwide=4 attempt=1 src=2a36d14ad942 ext=ea7002772ad1 head=108a0adf55acdb5743cd70a347fc7810fbcefe24
[07:14:44] .. alive runid=20260927-033219-2062 event_age=11s | wave=s3crn total=238 valid=77 running=5 pending=156 launched=82 failed=0 gaveup=0 forkfail=0 free_kb=8004120 sims_boxwide=4 last_event_age=0s last_event_epoch=1790486073
[07:15:44] .. alive runid=20260927-033219-2062 event_age=71s | wave=s3crn total=238 valid=77 running=5 pending=156 launched=82 failed=0 gaveup=0 forkfail=0 free_kb=8004120 sims_boxwide=4 last_event_age=0s last_event_epoch=1790486073
[07:16:45] .. alive runid=20260927-033219-2062 event_age=132s | wave=s3crn total=238 valid=77 running=5 pending=156 launched=82 failed=0 gaveup=0 forkfail=0 free_kb=8004120 sims_boxwide=4 last_event_age=0s last_event_epoch=1790486073
[07:17:45] .. alive runid=20260927-033219-2062 event_age=192s | wave=s3crn total=238 valid=77 running=5 pending=156 launched=82 failed=0 gaveup=0 forkfail=0 free_kb=8004120 sims_boxwide=4 last_event_age=0s last_event_epoch=1790486073
[07:18:45] .. alive runid=20260927-033219-2062 event_age=252s | wave=s3crn total=238 valid=77 running=5 pending=156 launched=82 failed=0 gaveup=0 forkfail=0 free_kb=8004120 sims_boxwide=4 last_event_age=0s last_event_epoch=1790486073
[07:19:45] .. alive runid=20260927-033219-2062 event_age=312s | wave=s3crn total=238 valid=77 running=5 pending=156 launched=82 failed=0 gaveup=0 forkfail=0 free_kb=8004120 sims_boxwide=4 last_event_age=0s last_event_epoch=1790486073
[07:20:45] .. alive runid=20260927-033219-2062 event_age=372s | wave=s3crn total=238 valid=77 running=5 pending=156 launched=82 failed=0 gaveup=0 forkfail=0 free_kb=8004120 sims_boxwide=4 last_event_age=0s last_event_epoch=1790486073
[07:21:20] DONE clKE2_south_half_1386492524 rc=0 601s clKE2 south/half seed=1386492524 rescued=3 dead=1 unreachable=0 never_detected=0 ff_deaths=0 terminal=87 completions=3 recycles=3 removals=3 returns=3 wall=599s [valid 78/238] src=2a36d14ad942 ext=ea7002772ad1 head=108a0adf55acdb5743cd70a347fc7810fbcefe24
[07:21:22] LAUNCH clKE2_south_half_1415738618 running=5 free_kb=8034748 sims_boxwide=4 attempt=1 src=2a36d14ad942 ext=ea7002772ad1 head=108a0adf55acdb5743cd70a347fc7810fbcefe24
[07:21:45] .. alive runid=20260927-033219-2062 event_age=23s | wave=s3crn total=238 valid=78 running=5 pending=155 launched=83 failed=0 gaveup=0 forkfail=0 free_kb=8034748 sims_boxwide=4 last_event_age=0s last_event_epoch=1790486482
[07:22:07] DONE clKE2_east_half_2091896221 rc=0 832s clKE2 east/half seed=2091896221 rescued=3 dead=1 unreachable=0 never_detected=0 ff_deaths=0 terminal=96 completions=3 recycles=3 removals=3 returns=3 wall=830s [valid 79/238] src=2a36d14ad942 ext=ea7002772ad1 head=108a0adf55acdb5743cd70a347fc7810fbcefe24
[07:22:08] LAUNCH clKE2_south_half_1218089274 running=5 free_kb=8061988 sims_boxwide=4 attempt=1 src=2a36d14ad942 ext=ea7002772ad1 head=108a0adf55acdb5743cd70a347fc7810fbcefe24
[07:22:42] DONE clKE2_south_half_481765503 rc=0 489s clKE2 south/half seed=481765503 rescued=4 dead=0 unreachable=0 never_detected=0 ff_deaths=0 terminal=106 completions=4 recycles=4 removals=4 returns=4 wall=487s [valid 80/238] src=2a36d14ad942 ext=ea7002772ad1 head=108a0adf55acdb5743cd70a347fc7810fbcefe24
[07:22:44] LAUNCH clKE2_south_half_2084799913 running=5 free_kb=8154036 sims_boxwide=4 attempt=1 src=2a36d14ad942 ext=ea7002772ad1 head=108a0adf55acdb5743cd70a347fc7810fbcefe24
[07:22:45] .. alive runid=20260927-033219-2062 event_age=1s | wave=s3crn total=238 valid=80 running=5 pending=153 launched=85 failed=0 gaveup=0 forkfail=0 free_kb=8154036 sims_boxwide=4 last_event_age=0s last_event_epoch=1790486564
[07:23:45] .. alive runid=20260927-033219-2062 event_age=61s | wave=s3crn total=238 valid=80 running=5 pending=153 launched=85 failed=0 gaveup=0 forkfail=0 free_kb=8154036 sims_boxwide=4 last_event_age=0s last_event_epoch=1790486564
[07:24:45] .. alive runid=20260927-033219-2062 event_age=121s | wave=s3crn total=238 valid=80 running=5 pending=153 launched=85 failed=0 gaveup=0 forkfail=0 free_kb=8154036 sims_boxwide=4 last_event_age=0s last_event_epoch=1790486564
[07:25:45] .. alive runid=20260927-033219-2062 event_age=181s | wave=s3crn total=238 valid=80 running=5 pending=153 launched=85 failed=0 gaveup=0 forkfail=0 free_kb=8154036 sims_boxwide=4 last_event_age=0s last_event_epoch=1790486564
[07:26:10] DONE clKE2_east_half_1717500098 rc=0 903s clKE2 east/half seed=1717500098 rescued=4 dead=0 unreachable=0 never_detected=0 ff_deaths=0 terminal=125 completions=4 recycles=4 removals=4 returns=4 wall=901s [valid 81/238] src=2a36d14ad942 ext=ea7002772ad1 head=108a0adf55acdb5743cd70a347fc7810fbcefe24
[07:26:11] LAUNCH clKE2_south_half_1335705976 running=5 free_kb=8025872 sims_boxwide=4 attempt=1 src=2a36d14ad942 ext=ea7002772ad1 head=108a0adf55acdb5743cd70a347fc7810fbcefe24
[07:26:45] .. alive runid=20260927-033219-2062 event_age=34s | wave=s3crn total=238 valid=81 running=5 pending=152 launched=86 failed=0 gaveup=0 forkfail=0 free_kb=8025872 sims_boxwide=4 last_event_age=0s last_event_epoch=1790486771
[07:27:46] .. alive runid=20260927-033219-2062 event_age=95s | wave=s3crn total=238 valid=81 running=5 pending=152 launched=86 failed=0 gaveup=0 forkfail=0 free_kb=8025872 sims_boxwide=4 last_event_age=0s last_event_epoch=1790486771
[07:28:46] .. alive runid=20260927-033219-2062 event_age=155s | wave=s3crn total=238 valid=81 running=5 pending=152 launched=86 failed=0 gaveup=0 forkfail=0 free_kb=8025872 sims_boxwide=4 last_event_age=0s last_event_epoch=1790486771
[07:29:46] .. alive runid=20260927-033219-2062 event_age=215s | wave=s3crn total=238 valid=81 running=5 pending=152 launched=86 failed=0 gaveup=0 forkfail=0 free_kb=8025872 sims_boxwide=4 last_event_age=0s last_event_epoch=1790486771
[07:30:25] DONE clKE2_south_half_1415738618 rc=0 542s clKE2 south/half seed=1415738618 rescued=4 dead=0 unreachable=0 never_detected=0 ff_deaths=0 terminal=114 completions=4 recycles=4 removals=4 returns=4 wall=540s [valid 82/238] src=2a36d14ad942 ext=ea7002772ad1 head=108a0adf55acdb5743cd70a347fc7810fbcefe24
[07:30:26] LAUNCH clKE2_south_half_588279432 running=5 free_kb=7956260 sims_boxwide=4 attempt=1 src=2a36d14ad942 ext=ea7002772ad1 head=108a0adf55acdb5743cd70a347fc7810fbcefe24
[07:30:46] .. alive runid=20260927-033219-2062 event_age=20s | wave=s3crn total=238 valid=82 running=5 pending=151 launched=87 failed=0 gaveup=0 forkfail=0 free_kb=7956260 sims_boxwide=4 last_event_age=0s last_event_epoch=1790487026
[07:31:46] .. alive runid=20260927-033219-2062 event_age=80s | wave=s3crn total=238 valid=82 running=5 pending=151 launched=87 failed=0 gaveup=0 forkfail=0 free_kb=7956260 sims_boxwide=4 last_event_age=0s last_event_epoch=1790487026
[07:31:59] DONE clKE2_south_half_1218089274 rc=0 590s clKE2 south/half seed=1218089274 rescued=2 dead=2 unreachable=0 never_detected=0 ff_deaths=0 terminal=90 completions=2 recycles=2 removals=2 returns=2 wall=588s [valid 83/238] src=2a36d14ad942 ext=ea7002772ad1 head=108a0adf55acdb5743cd70a347fc7810fbcefe24
[07:32:00] LAUNCH clKE2_south_half_1887778617 running=5 free_kb=7861504 sims_boxwide=4 attempt=1 src=2a36d14ad942 ext=ea7002772ad1 head=108a0adf55acdb5743cd70a347fc7810fbcefe24
[07:32:23] DONE clKE2_south_half_2084799913 rc=0 578s clKE2 south/half seed=2084799913 rescued=3 dead=1 unreachable=0 never_detected=0 ff_deaths=0 terminal=180 completions=3 recycles=3 removals=3 returns=3 wall=576s [valid 84/238] src=2a36d14ad942 ext=ea7002772ad1 head=108a0adf55acdb5743cd70a347fc7810fbcefe24
[07:32:24] LAUNCH clKE2_south_half_2128361047 running=5 free_kb=7870128 sims_boxwide=4 attempt=1 src=2a36d14ad942 ext=ea7002772ad1 head=108a0adf55acdb5743cd70a347fc7810fbcefe24
[07:32:46] .. alive runid=20260927-033219-2062 event_age=22s | wave=s3crn total=238 valid=84 running=5 pending=149 launched=89 failed=0 gaveup=0 forkfail=0 free_kb=7870128 sims_boxwide=4 last_event_age=0s last_event_epoch=1790487144
[07:33:46] .. alive runid=20260927-033219-2062 event_age=82s | wave=s3crn total=238 valid=84 running=5 pending=149 launched=89 failed=0 gaveup=0 forkfail=0 free_kb=7870128 sims_boxwide=4 last_event_age=0s last_event_epoch=1790487144
[07:34:42] DONE clKE2_east_half_21892117 rc=0 1431s clKE2 east/half seed=21892117 rescued=4 dead=0 unreachable=0 never_detected=0 ff_deaths=0 terminal=263 completions=4 recycles=4 removals=4 returns=4 wall=1429s [valid 85/238] src=2a36d14ad942 ext=ea7002772ad1 head=108a0adf55acdb5743cd70a347fc7810fbcefe24
[07:34:44] LAUNCH clKE2_south_half_684332673 running=5 free_kb=7754944 sims_boxwide=4 attempt=1 src=2a36d14ad942 ext=ea7002772ad1 head=108a0adf55acdb5743cd70a347fc7810fbcefe24
[07:34:46] .. alive runid=20260927-033219-2062 event_age=2s | wave=s3crn total=238 valid=85 running=5 pending=148 launched=90 failed=0 gaveup=0 forkfail=0 free_kb=7754944 sims_boxwide=4 last_event_age=0s last_event_epoch=1790487284
[07:35:37] DONE clKE2_south_half_1335705976 rc=0 566s clKE2 south/half seed=1335705976 rescued=3 dead=1 unreachable=0 never_detected=0 ff_deaths=1 terminal=150 completions=3 recycles=3 removals=3 returns=3 wall=564s [valid 86/238] src=2a36d14ad942 ext=ea7002772ad1 head=108a0adf55acdb5743cd70a347fc7810fbcefe24
[07:35:39] LAUNCH clKE2_south_half_1320165480 running=5 free_kb=7858728 sims_boxwide=4 attempt=1 src=2a36d14ad942 ext=ea7002772ad1 head=108a0adf55acdb5743cd70a347fc7810fbcefe24
[07:35:46] .. alive runid=20260927-033219-2062 event_age=7s | wave=s3crn total=238 valid=86 running=5 pending=147 launched=91 failed=0 gaveup=0 forkfail=0 free_kb=7858728 sims_boxwide=4 last_event_age=0s last_event_epoch=1790487339
[07:36:46] .. alive runid=20260927-033219-2062 event_age=67s | wave=s3crn total=238 valid=86 running=5 pending=147 launched=91 failed=0 gaveup=0 forkfail=0 free_kb=7858728 sims_boxwide=4 last_event_age=0s last_event_epoch=1790487339
[07:37:46] .. alive runid=20260927-033219-2062 event_age=127s | wave=s3crn total=238 valid=86 running=5 pending=147 launched=91 failed=0 gaveup=0 forkfail=0 free_kb=7858728 sims_boxwide=4 last_event_age=0s last_event_epoch=1790487339
[07:38:47] .. alive runid=20260927-033219-2062 event_age=188s | wave=s3crn total=238 valid=86 running=5 pending=147 launched=91 failed=0 gaveup=0 forkfail=0 free_kb=7858728 sims_boxwide=4 last_event_age=0s last_event_epoch=1790487339
[07:39:13] DONE clKE2_south_half_588279432 rc=0 526s clKE2 south/half seed=588279432 rescued=4 dead=0 unreachable=0 never_detected=0 ff_deaths=0 terminal=131 completions=4 recycles=4 removals=4 returns=4 wall=525s [valid 87/238] src=2a36d14ad942 ext=ea7002772ad1 head=108a0adf55acdb5743cd70a347fc7810fbcefe24
[07:39:14] LAUNCH clKE2_south_half_751617716 running=5 free_kb=7994472 sims_boxwide=4 attempt=1 src=2a36d14ad942 ext=ea7002772ad1 head=108a0adf55acdb5743cd70a347fc7810fbcefe24
[07:39:47] .. alive runid=20260927-033219-2062 event_age=33s | wave=s3crn total=238 valid=87 running=5 pending=146 launched=92 failed=0 gaveup=0 forkfail=0 free_kb=7994472 sims_boxwide=4 last_event_age=0s last_event_epoch=1790487554
[07:40:32] DONE clKE2_south_half_2128361047 rc=0 488s clKE2 south/half seed=2128361047 rescued=4 dead=0 unreachable=0 never_detected=0 ff_deaths=1 terminal=154 completions=4 recycles=4 removals=4 returns=4 wall=486s [valid 88/238] src=2a36d14ad942 ext=ea7002772ad1 head=108a0adf55acdb5743cd70a347fc7810fbcefe24
[07:40:34] LAUNCH clKE2_south_half_422588777 running=5 free_kb=8030532 sims_boxwide=4 attempt=1 src=2a36d14ad942 ext=ea7002772ad1 head=108a0adf55acdb5743cd70a347fc7810fbcefe24
[07:40:47] .. alive runid=20260927-033219-2062 event_age=13s | wave=s3crn total=238 valid=88 running=5 pending=145 launched=93 failed=0 gaveup=0 forkfail=0 free_kb=8030532 sims_boxwide=4 last_event_age=0s last_event_epoch=1790487634
[07:41:47] .. alive runid=20260927-033219-2062 event_age=73s | wave=s3crn total=238 valid=88 running=5 pending=145 launched=93 failed=0 gaveup=0 forkfail=0 free_kb=8030532 sims_boxwide=4 last_event_age=0s last_event_epoch=1790487634
[07:42:47] .. alive runid=20260927-033219-2062 event_age=133s | wave=s3crn total=238 valid=88 running=5 pending=145 launched=93 failed=0 gaveup=0 forkfail=0 free_kb=8030532 sims_boxwide=4 last_event_age=0s last_event_epoch=1790487634
[07:43:47] .. alive runid=20260927-033219-2062 event_age=193s | wave=s3crn total=238 valid=88 running=5 pending=145 launched=93 failed=0 gaveup=0 forkfail=0 free_kb=8030532 sims_boxwide=4 last_event_age=0s last_event_epoch=1790487634
[07:44:01] DONE clKE2_south_half_1887778617 rc=0 720s clKE2 south/half seed=1887778617 rescued=2 dead=1 unreachable=1 never_detected=0 ff_deaths=2 terminal=245 completions=2 recycles=2 removals=2 returns=2 wall=718s [valid 89/238] src=2a36d14ad942 ext=ea7002772ad1 head=108a0adf55acdb5743cd70a347fc7810fbcefe24
[07:44:02] LAUNCH clKE2_east_def_6554204 running=5 free_kb=8033380 sims_boxwide=4 attempt=1 src=2a36d14ad942 ext=ea7002772ad1 head=108a0adf55acdb5743cd70a347fc7810fbcefe24
[07:44:47] .. alive runid=20260927-033219-2062 event_age=45s | wave=s3crn total=238 valid=89 running=5 pending=144 launched=94 failed=0 gaveup=0 forkfail=0 free_kb=8033380 sims_boxwide=4 last_event_age=0s last_event_epoch=1790487842
[07:45:27] DONE clKE2_south_half_684332673 rc=0 643s clKE2 south/half seed=684332673 rescued=3 dead=0 unreachable=1 never_detected=0 ff_deaths=2 terminal=189 completions=3 recycles=3 removals=3 returns=3 wall=641s [valid 90/238] src=2a36d14ad942 ext=ea7002772ad1 head=108a0adf55acdb5743cd70a347fc7810fbcefe24
[07:45:29] LAUNCH clKE2_east_def_1325753362 running=5 free_kb=8010436 sims_boxwide=4 attempt=1 src=2a36d14ad942 ext=ea7002772ad1 head=108a0adf55acdb5743cd70a347fc7810fbcefe24
[07:45:41] DONE clKE2_south_half_1320165480 rc=0 602s clKE2 south/half seed=1320165480 rescued=3 dead=1 unreachable=0 never_detected=0 ff_deaths=0 terminal=223 completions=3 recycles=3 removals=3 returns=3 wall=591s [valid 91/238] src=2a36d14ad942 ext=ea7002772ad1 head=108a0adf55acdb5743cd70a347fc7810fbcefe24
[07:45:43] LAUNCH clKE2_east_def_265702576 running=5 free_kb=8028512 sims_boxwide=4 attempt=1 src=2a36d14ad942 ext=ea7002772ad1 head=108a0adf55acdb5743cd70a347fc7810fbcefe24
[07:45:47] .. alive runid=20260927-033219-2062 event_age=4s | wave=s3crn total=238 valid=91 running=5 pending=142 launched=96 failed=0 gaveup=0 forkfail=0 free_kb=8028512 sims_boxwide=4 last_event_age=0s last_event_epoch=1790487943
[07:46:47] .. alive runid=20260927-033219-2062 event_age=64s | wave=s3crn total=238 valid=91 running=5 pending=142 launched=96 failed=0 gaveup=0 forkfail=0 free_kb=8028512 sims_boxwide=4 last_event_age=0s last_event_epoch=1790487943
[07:47:47] .. alive runid=20260927-033219-2062 event_age=124s | wave=s3crn total=238 valid=91 running=5 pending=142 launched=96 failed=0 gaveup=0 forkfail=0 free_kb=8028512 sims_boxwide=4 last_event_age=0s last_event_epoch=1790487943
[07:48:03] DONE clKE2_south_half_422588777 rc=0 449s clKE2 south/half seed=422588777 rescued=4 dead=0 unreachable=0 never_detected=0 ff_deaths=0 terminal=100 completions=4 recycles=4 removals=4 returns=4 wall=447s [valid 92/238] src=2a36d14ad942 ext=ea7002772ad1 head=108a0adf55acdb5743cd70a347fc7810fbcefe24
[07:48:05] LAUNCH clKE2_east_def_1686457565 running=5 free_kb=8049356 sims_boxwide=4 attempt=1 src=2a36d14ad942 ext=ea7002772ad1 head=108a0adf55acdb5743cd70a347fc7810fbcefe24
[07:48:47] .. alive runid=20260927-033219-2062 event_age=42s | wave=s3crn total=238 valid=92 running=5 pending=141 launched=97 failed=0 gaveup=0 forkfail=0 free_kb=8049356 sims_boxwide=4 last_event_age=0s last_event_epoch=1790488085
[07:49:48] .. alive runid=20260927-033219-2062 event_age=103s | wave=s3crn total=238 valid=92 running=5 pending=141 launched=97 failed=0 gaveup=0 forkfail=0 free_kb=8049356 sims_boxwide=4 last_event_age=0s last_event_epoch=1790488085
[07:49:57] DONE clKE2_south_half_751617716 rc=0 642s clKE2 south/half seed=751617716 rescued=3 dead=1 unreachable=0 never_detected=0 ff_deaths=1 terminal=187 completions=3 recycles=3 removals=3 returns=3 wall=640s [valid 93/238] src=2a36d14ad942 ext=ea7002772ad1 head=108a0adf55acdb5743cd70a347fc7810fbcefe24
[07:49:58] LAUNCH clKE2_east_half_111 running=5 free_kb=7969392 sims_boxwide=4 attempt=1 src=2a36d14ad942 ext=ea7002772ad1 head=108a0adf55acdb5743cd70a347fc7810fbcefe24
[07:50:48] .. alive runid=20260927-033219-2062 event_age=50s | wave=s3crn total=238 valid=93 running=5 pending=140 launched=98 failed=0 gaveup=0 forkfail=0 free_kb=7969392 sims_boxwide=4 last_event_age=0s last_event_epoch=1790488198
[07:51:48] .. alive runid=20260927-033219-2062 event_age=110s | wave=s3crn total=238 valid=93 running=5 pending=140 launched=98 failed=0 gaveup=0 forkfail=0 free_kb=7969392 sims_boxwide=4 last_event_age=0s last_event_epoch=1790488198
[07:51:58] DONE clKE2_east_def_6554204 rc=0 475s clKE2 east/default seed=6554204 rescued=3 dead=0 unreachable=1 never_detected=1 ff_deaths=0 terminal=210 completions=3 recycles=3 removals=3 returns=3 wall=473s [valid 94/238] src=2a36d14ad942 ext=ea7002772ad1 head=108a0adf55acdb5743cd70a347fc7810fbcefe24
[07:51:59] LAUNCH clKE2_east_half_222 running=5 free_kb=7990756 sims_boxwide=4 attempt=1 src=2a36d14ad942 ext=ea7002772ad1 head=108a0adf55acdb5743cd70a347fc7810fbcefe24
[07:52:48] .. alive runid=20260927-033219-2062 event_age=49s | wave=s3crn total=238 valid=94 running=5 pending=139 launched=99 failed=0 gaveup=0 forkfail=0 free_kb=7990756 sims_boxwide=4 last_event_age=0s last_event_epoch=1790488319
[07:53:48] .. alive runid=20260927-033219-2062 event_age=109s | wave=s3crn total=238 valid=94 running=5 pending=139 launched=99 failed=0 gaveup=0 forkfail=0 free_kb=7990756 sims_boxwide=4 last_event_age=0s last_event_epoch=1790488319
[07:54:30] DONE clKE2_east_def_265702576 rc=0 526s clKE2 east/default seed=265702576 rescued=2 dead=2 unreachable=0 never_detected=0 ff_deaths=0 terminal=132 completions=2 recycles=2 removals=2 returns=2 wall=524s [valid 95/238] src=2a36d14ad942 ext=ea7002772ad1 head=108a0adf55acdb5743cd70a347fc7810fbcefe24
[07:54:31] LAUNCH clKE2_east_half_333 running=5 free_kb=8802960 sims_boxwide=4 attempt=1 src=2a36d14ad942 ext=ea7002772ad1 head=108a0adf55acdb5743cd70a347fc7810fbcefe24
[07:54:48] .. alive runid=20260927-033219-2062 event_age=17s | wave=s3crn total=238 valid=95 running=5 pending=138 launched=100 failed=0 gaveup=0 forkfail=0 free_kb=8802960 sims_boxwide=4 last_event_age=0s last_event_epoch=1790488471
[07:55:48] .. alive runid=20260927-033219-2062 event_age=77s | wave=s3crn total=238 valid=95 running=5 pending=138 launched=100 failed=0 gaveup=0 forkfail=0 free_kb=8802960 sims_boxwide=4 last_event_age=0s last_event_epoch=1790488471
[07:56:10] DONE clKE2_east_def_1325753362 rc=0 641s clKE2 east/default seed=1325753362 rescued=2 dead=2 unreachable=0 never_detected=0 ff_deaths=0 terminal=219 completions=2 recycles=2 removals=2 returns=2 wall=639s [valid 96/238] src=2a36d14ad942 ext=ea7002772ad1 head=108a0adf55acdb5743cd70a347fc7810fbcefe24
[07:56:12] LAUNCH clKE2_east_half_444 running=5 free_kb=8090540 sims_boxwide=4 attempt=1 src=2a36d14ad942 ext=ea7002772ad1 head=108a0adf55acdb5743cd70a347fc7810fbcefe24
[07:56:27] DONE clKE2_east_def_1686457565 rc=0 501s clKE2 east/default seed=1686457565 rescued=4 dead=0 unreachable=0 never_detected=0 ff_deaths=0 terminal=175 completions=4 recycles=4 removals=4 returns=4 wall=500s [valid 97/238] src=2a36d14ad942 ext=ea7002772ad1 head=108a0adf55acdb5743cd70a347fc7810fbcefe24
[07:56:28] LAUNCH clKE2_east_half_606 running=5 free_kb=8097492 sims_boxwide=4 attempt=1 src=2a36d14ad942 ext=ea7002772ad1 head=108a0adf55acdb5743cd70a347fc7810fbcefe24
[07:56:48] .. alive runid=20260927-033219-2062 event_age=20s | wave=s3crn total=238 valid=97 running=5 pending=136 launched=102 failed=0 gaveup=0 forkfail=0 free_kb=8097492 sims_boxwide=4 last_event_age=0s last_event_epoch=1790488588
[07:57:48] .. alive runid=20260927-033219-2062 event_age=80s | wave=s3crn total=238 valid=97 running=5 pending=136 launched=102 failed=0 gaveup=0 forkfail=0 free_kb=8097492 sims_boxwide=4 last_event_age=0s last_event_epoch=1790488588
[07:58:48] .. alive runid=20260927-033219-2062 event_age=140s | wave=s3crn total=238 valid=97 running=5 pending=136 launched=102 failed=0 gaveup=0 forkfail=0 free_kb=8097492 sims_boxwide=4 last_event_age=0s last_event_epoch=1790488588
[07:59:48] .. alive runid=20260927-033219-2062 event_age=200s | wave=s3crn total=238 valid=97 running=5 pending=136 launched=102 failed=0 gaveup=0 forkfail=0 free_kb=8097492 sims_boxwide=4 last_event_age=0s last_event_epoch=1790488588
[08:00:48] .. alive runid=20260927-033219-2062 event_age=260s | wave=s3crn total=238 valid=97 running=5 pending=136 launched=102 failed=0 gaveup=0 forkfail=0 free_kb=8097492 sims_boxwide=4 last_event_age=0s last_event_epoch=1790488588
[08:01:49] .. alive runid=20260927-033219-2062 event_age=321s | wave=s3crn total=238 valid=97 running=5 pending=136 launched=102 failed=0 gaveup=0 forkfail=0 free_kb=8097492 sims_boxwide=4 last_event_age=0s last_event_epoch=1790488588
[08:02:49] .. alive runid=20260927-033219-2062 event_age=381s | wave=s3crn total=238 valid=97 running=5 pending=136 launched=102 failed=0 gaveup=0 forkfail=0 free_kb=8097492 sims_boxwide=4 last_event_age=0s last_event_epoch=1790488588
[08:03:49] .. alive runid=20260927-033219-2062 event_age=441s | wave=s3crn total=238 valid=97 running=5 pending=136 launched=102 failed=0 gaveup=0 forkfail=0 free_kb=8097492 sims_boxwide=4 last_event_age=0s last_event_epoch=1790488588
[08:04:49] .. alive runid=20260927-033219-2062 event_age=501s | wave=s3crn total=238 valid=97 running=5 pending=136 launched=102 failed=0 gaveup=0 forkfail=0 free_kb=8097492 sims_boxwide=4 last_event_age=0s last_event_epoch=1790488588
[08:05:34] DONE clKE2_east_half_111 rc=0 936s clKE2 east/half seed=111 rescued=4 dead=0 unreachable=0 never_detected=0 ff_deaths=0 terminal=134 completions=4 recycles=4 removals=4 returns=4 wall=933s [valid 98/238] src=2a36d14ad942 ext=ea7002772ad1 head=108a0adf55acdb5743cd70a347fc7810fbcefe24
[08:05:36] LAUNCH clKE2_east_half_808 running=5 free_kb=7937084 sims_boxwide=4 attempt=1 src=2a36d14ad942 ext=ea7002772ad1 head=108a0adf55acdb5743cd70a347fc7810fbcefe24
[08:05:49] .. alive runid=20260927-033219-2062 event_age=13s | wave=s3crn total=238 valid=98 running=5 pending=135 launched=103 failed=0 gaveup=0 forkfail=0 free_kb=7937084 sims_boxwide=4 last_event_age=0s last_event_epoch=1790489136
[08:06:49] .. alive runid=20260927-033219-2062 event_age=73s | wave=s3crn total=238 valid=98 running=5 pending=135 launched=103 failed=0 gaveup=0 forkfail=0 free_kb=7937084 sims_boxwide=4 last_event_age=0s last_event_epoch=1790489136
[08:07:30] DONE clKE2_east_half_222 rc=0 931s clKE2 east/half seed=222 rescued=4 dead=0 unreachable=0 never_detected=0 ff_deaths=0 terminal=134 completions=4 recycles=4 removals=4 returns=4 wall=928s [valid 99/238] src=2a36d14ad942 ext=ea7002772ad1 head=108a0adf55acdb5743cd70a347fc7810fbcefe24
[08:07:32] LAUNCH clKE2_east_half_909 running=5 free_kb=7979960 sims_boxwide=4 attempt=1 src=2a36d14ad942 ext=ea7002772ad1 head=108a0adf55acdb5743cd70a347fc7810fbcefe24
[08:07:49] .. alive runid=20260927-033219-2062 event_age=17s | wave=s3crn total=238 valid=99 running=5 pending=134 launched=104 failed=0 gaveup=0 forkfail=0 free_kb=7979960 sims_boxwide=4 last_event_age=0s last_event_epoch=1790489252
[08:08:49] .. alive runid=20260927-033219-2062 event_age=77s | wave=s3crn total=238 valid=99 running=5 pending=134 launched=104 failed=0 gaveup=0 forkfail=0 free_kb=7979960 sims_boxwide=4 last_event_age=0s last_event_epoch=1790489252
[08:09:49] .. alive runid=20260927-033219-2062 event_age=137s | wave=s3crn total=238 valid=99 running=5 pending=134 launched=104 failed=0 gaveup=0 forkfail=0 free_kb=7979960 sims_boxwide=4 last_event_age=0s last_event_epoch=1790489252
[08:10:49] .. alive runid=20260927-033219-2062 event_age=197s | wave=s3crn total=238 valid=99 running=5 pending=134 launched=104 failed=0 gaveup=0 forkfail=0 free_kb=7979960 sims_boxwide=4 last_event_age=0s last_event_epoch=1790489252
[08:11:18] DONE clKE2_east_half_606 rc=0 889s clKE2 east/half seed=606 rescued=4 dead=0 unreachable=0 never_detected=0 ff_deaths=0 terminal=121 completions=4 recycles=4 removals=4 returns=4 wall=888s [valid 100/238] src=2a36d14ad942 ext=ea7002772ad1 head=108a0adf55acdb5743cd70a347fc7810fbcefe24
[08:11:19] LAUNCH clKH_east_half_2070841104 running=5 free_kb=7983808 sims_boxwide=4 attempt=1 src=2a36d14ad942 ext=ea7002772ad1 head=108a0adf55acdb5743cd70a347fc7810fbcefe24
[08:11:49] .. alive runid=20260927-033219-2062 event_age=30s | wave=s3crn total=238 valid=100 running=5 pending=133 launched=105 failed=0 gaveup=0 forkfail=0 free_kb=7983808 sims_boxwide=4 last_event_age=0s last_event_epoch=1790489479
[08:12:09] DONE clKE2_east_half_333 rc=0 1057s clKE2 east/half seed=333 rescued=4 dead=0 unreachable=0 never_detected=0 ff_deaths=0 terminal=172 completions=4 recycles=4 removals=4 returns=4 wall=1055s [valid 101/238] src=2a36d14ad942 ext=ea7002772ad1 head=108a0adf55acdb5743cd70a347fc7810fbcefe24
[08:12:10] LAUNCH clKH_east_half_1147610331 running=5 free_kb=7994036 sims_boxwide=4 attempt=1 src=2a36d14ad942 ext=ea7002772ad1 head=108a0adf55acdb5743cd70a347fc7810fbcefe24
[08:12:50] .. alive runid=20260927-033219-2062 event_age=40s | wave=s3crn total=238 valid=101 running=5 pending=132 launched=106 failed=0 gaveup=0 forkfail=0 free_kb=7994036 sims_boxwide=4 last_event_age=0s last_event_epoch=1790489530
[08:13:25] DONE clKE2_east_half_444 rc=0 1032s clKE2 east/half seed=444 rescued=2 dead=2 unreachable=0 never_detected=0 ff_deaths=1 terminal=165 completions=2 recycles=2 removals=2 returns=2 wall=1031s [valid 102/238] src=2a36d14ad942 ext=ea7002772ad1 head=108a0adf55acdb5743cd70a347fc7810fbcefe24
[08:13:26] LAUNCH clKH_east_half_1291443119 running=5 free_kb=8828588 sims_boxwide=4 attempt=1 src=2a36d14ad942 ext=ea7002772ad1 head=108a0adf55acdb5743cd70a347fc7810fbcefe24
[08:13:50] .. alive runid=20260927-033219-2062 event_age=24s | wave=s3crn total=238 valid=102 running=5 pending=131 launched=107 failed=0 gaveup=0 forkfail=0 free_kb=8828588 sims_boxwide=4 last_event_age=0s last_event_epoch=1790489606
[08:14:50] .. alive runid=20260927-033219-2062 event_age=84s | wave=s3crn total=238 valid=102 running=5 pending=131 launched=107 failed=0 gaveup=0 forkfail=0 free_kb=8828588 sims_boxwide=4 last_event_age=0s last_event_epoch=1790489606
[08:15:50] .. alive runid=20260927-033219-2062 event_age=144s | wave=s3crn total=238 valid=102 running=5 pending=131 launched=107 failed=0 gaveup=0 forkfail=0 free_kb=8828588 sims_boxwide=4 last_event_age=0s last_event_epoch=1790489606
[08:16:50] .. alive runid=20260927-033219-2062 event_age=204s | wave=s3crn total=238 valid=102 running=5 pending=131 launched=107 failed=0 gaveup=0 forkfail=0 free_kb=8828588 sims_boxwide=4 last_event_age=0s last_event_epoch=1790489606
[08:17:50] .. alive runid=20260927-033219-2062 event_age=264s | wave=s3crn total=238 valid=102 running=5 pending=131 launched=107 failed=0 gaveup=0 forkfail=0 free_kb=8828588 sims_boxwide=4 last_event_age=0s last_event_epoch=1790489606
[08:18:50] .. alive runid=20260927-033219-2062 event_age=324s | wave=s3crn total=238 valid=102 running=5 pending=131 launched=107 failed=0 gaveup=0 forkfail=0 free_kb=8828588 sims_boxwide=4 last_event_age=0s last_event_epoch=1790489606
[08:18:58] DONE clKE2_east_half_808 rc=0 801s clKE2 east/half seed=808 rescued=3 dead=1 unreachable=0 never_detected=0 ff_deaths=0 terminal=99 completions=3 recycles=3 removals=3 returns=3 wall=800s [valid 103/238] src=2a36d14ad942 ext=ea7002772ad1 head=108a0adf55acdb5743cd70a347fc7810fbcefe24
[08:18:59] LAUNCH clKH_east_half_1433805104 running=5 free_kb=7959148 sims_boxwide=4 attempt=1 src=2a36d14ad942 ext=ea7002772ad1 head=108a0adf55acdb5743cd70a347fc7810fbcefe24
[08:19:50] .. alive runid=20260927-033219-2062 event_age=51s | wave=s3crn total=238 valid=103 running=5 pending=130 launched=108 failed=0 gaveup=0 forkfail=0 free_kb=7959148 sims_boxwide=4 last_event_age=0s last_event_epoch=1790489939
[08:20:50] .. alive runid=20260927-033219-2062 event_age=111s | wave=s3crn total=238 valid=103 running=5 pending=130 launched=108 failed=0 gaveup=0 forkfail=0 free_kb=7959148 sims_boxwide=4 last_event_age=0s last_event_epoch=1790489939
[08:21:50] .. alive runid=20260927-033219-2062 event_age=171s | wave=s3crn total=238 valid=103 running=5 pending=130 launched=108 failed=0 gaveup=0 forkfail=0 free_kb=7959148 sims_boxwide=4 last_event_age=0s last_event_epoch=1790489939
[08:22:50] .. alive runid=20260927-033219-2062 event_age=231s | wave=s3crn total=238 valid=103 running=5 pending=130 launched=108 failed=0 gaveup=0 forkfail=0 free_kb=7959148 sims_boxwide=4 last_event_age=0s last_event_epoch=1790489939
[08:23:51] .. alive runid=20260927-033219-2062 event_age=292s | wave=s3crn total=238 valid=103 running=5 pending=130 launched=108 failed=0 gaveup=0 forkfail=0 free_kb=7959148 sims_boxwide=4 last_event_age=0s last_event_epoch=1790489939
[08:24:51] .. alive runid=20260927-033219-2062 event_age=352s | wave=s3crn total=238 valid=103 running=5 pending=130 launched=108 failed=0 gaveup=0 forkfail=0 free_kb=7959148 sims_boxwide=4 last_event_age=0s last_event_epoch=1790489939
[08:25:51] .. alive runid=20260927-033219-2062 event_age=412s | wave=s3crn total=238 valid=103 running=5 pending=130 launched=108 failed=0 gaveup=0 forkfail=0 free_kb=7959148 sims_boxwide=4 last_event_age=0s last_event_epoch=1790489939
[08:26:51] .. alive runid=20260927-033219-2062 event_age=472s | wave=s3crn total=238 valid=103 running=5 pending=130 launched=108 failed=0 gaveup=0 forkfail=0 free_kb=7959148 sims_boxwide=4 last_event_age=0s last_event_epoch=1790489939
[08:27:03] DONE clKH_east_half_1147610331 rc=0 892s clKH east/half seed=1147610331 rescued=2 dead=2 unreachable=0 never_detected=0 ff_deaths=0 terminal=111 completions=2 recycles=2 removals=2 returns=2 wall=891s [valid 104/238] src=2a36d14ad942 ext=ea7002772ad1 head=108a0adf55acdb5743cd70a347fc7810fbcefe24
[08:27:05] LAUNCH clKH_east_half_1636723358 running=5 free_kb=7901808 sims_boxwide=4 attempt=1 src=2a36d14ad942 ext=ea7002772ad1 head=108a0adf55acdb5743cd70a347fc7810fbcefe24
[08:27:51] .. alive runid=20260927-033219-2062 event_age=46s | wave=s3crn total=238 valid=104 running=5 pending=129 launched=109 failed=0 gaveup=0 forkfail=0 free_kb=7901808 sims_boxwide=4 last_event_age=0s last_event_epoch=1790490425
[08:28:51] .. alive runid=20260927-033219-2062 event_age=106s | wave=s3crn total=238 valid=104 running=5 pending=129 launched=109 failed=0 gaveup=0 forkfail=0 free_kb=7901808 sims_boxwide=4 last_event_age=0s last_event_epoch=1790490425
[08:28:58] DONE clKH_east_half_2070841104 rc=0 1058s clKH east/half seed=2070841104 rescued=4 dead=0 unreachable=0 never_detected=0 ff_deaths=0 terminal=172 completions=4 recycles=4 removals=4 returns=4 wall=1056s [valid 105/238] src=2a36d14ad942 ext=ea7002772ad1 head=108a0adf55acdb5743cd70a347fc7810fbcefe24
[08:28:59] LAUNCH clKH_east_half_1252362635 running=5 free_kb=7969920 sims_boxwide=4 attempt=1 src=2a36d14ad942 ext=ea7002772ad1 head=108a0adf55acdb5743cd70a347fc7810fbcefe24
[08:29:51] .. alive runid=20260927-033219-2062 event_age=52s | wave=s3crn total=238 valid=105 running=5 pending=128 launched=110 failed=0 gaveup=0 forkfail=0 free_kb=7969920 sims_boxwide=4 last_event_age=0s last_event_epoch=1790490539
[08:30:15] DONE clKE2_east_half_909 rc=0 1363s clKE2 east/half seed=909 rescued=4 dead=0 unreachable=0 never_detected=0 ff_deaths=1 terminal=256 completions=4 recycles=4 removals=4 returns=4 wall=1361s [valid 106/238] src=2a36d14ad942 ext=ea7002772ad1 head=108a0adf55acdb5743cd70a347fc7810fbcefe24
[08:30:17] LAUNCH clKH_east_half_294124329 running=5 free_kb=8736712 sims_boxwide=4 attempt=1 src=2a36d14ad942 ext=ea7002772ad1 head=108a0adf55acdb5743cd70a347fc7810fbcefe24
[08:30:51] .. alive runid=20260927-033219-2062 event_age=34s | wave=s3crn total=238 valid=106 running=5 pending=127 launched=111 failed=0 gaveup=0 forkfail=0 free_kb=8736712 sims_boxwide=4 last_event_age=0s last_event_epoch=1790490617
[08:31:51] .. alive runid=20260927-033219-2062 event_age=94s | wave=s3crn total=238 valid=106 running=5 pending=127 launched=111 failed=0 gaveup=0 forkfail=0 free_kb=8736712 sims_boxwide=4 last_event_age=0s last_event_epoch=1790490617
[08:32:29] DONE clKH_east_half_1291443119 rc=0 1143s clKH east/half seed=1291443119 rescued=3 dead=0 unreachable=1 never_detected=1 ff_deaths=0 terminal=210 completions=3 recycles=3 removals=3 returns=3 wall=1141s [valid 107/238] src=2a36d14ad942 ext=ea7002772ad1 head=108a0adf55acdb5743cd70a347fc7810fbcefe24
[08:32:31] LAUNCH clKH_east_half_1723100518 running=5 free_kb=7628272 sims_boxwide=4 attempt=1 src=2a36d14ad942 ext=ea7002772ad1 head=108a0adf55acdb5743cd70a347fc7810fbcefe24
[08:32:51] .. alive runid=20260927-033219-2062 event_age=20s | wave=s3crn total=238 valid=107 running=5 pending=126 launched=112 failed=0 gaveup=0 forkfail=0 free_kb=7628272 sims_boxwide=4 last_event_age=0s last_event_epoch=1790490751
[08:33:17] DONE clKH_east_half_1433805104 rc=0 857s clKH east/half seed=1433805104 rescued=3 dead=1 unreachable=0 never_detected=0 ff_deaths=0 terminal=99 completions=3 recycles=3 removals=3 returns=3 wall=855s [valid 108/238] src=2a36d14ad942 ext=ea7002772ad1 head=108a0adf55acdb5743cd70a347fc7810fbcefe24
[08:33:18] LAUNCH clKH_east_half_1532569567 running=5 free_kb=7807576 sims_boxwide=4 attempt=1 src=2a36d14ad942 ext=ea7002772ad1 head=108a0adf55acdb5743cd70a347fc7810fbcefe24
[08:33:52] .. alive runid=20260927-033219-2062 event_age=33s | wave=s3crn total=238 valid=108 running=5 pending=125 launched=113 failed=0 gaveup=0 forkfail=0 free_kb=7807576 sims_boxwide=4 last_event_age=0s last_event_epoch=1790490798
[08:34:52] .. alive runid=20260927-033219-2062 event_age=94s | wave=s3crn total=238 valid=108 running=5 pending=125 launched=113 failed=0 gaveup=0 forkfail=0 free_kb=7807576 sims_boxwide=4 last_event_age=0s last_event_epoch=1790490798
[08:35:52] .. alive runid=20260927-033219-2062 event_age=154s | wave=s3crn total=238 valid=108 running=5 pending=125 launched=113 failed=0 gaveup=0 forkfail=0 free_kb=7807576 sims_boxwide=4 last_event_age=0s last_event_epoch=1790490798
[08:36:52] .. alive runid=20260927-033219-2062 event_age=214s | wave=s3crn total=238 valid=108 running=5 pending=125 launched=113 failed=0 gaveup=0 forkfail=0 free_kb=7807576 sims_boxwide=4 last_event_age=0s last_event_epoch=1790490798
[08:37:52] .. alive runid=20260927-033219-2062 event_age=274s | wave=s3crn total=238 valid=108 running=5 pending=125 launched=113 failed=0 gaveup=0 forkfail=0 free_kb=7807576 sims_boxwide=4 last_event_age=0s last_event_epoch=1790490798
[08:38:52] .. alive runid=20260927-033219-2062 event_age=334s | wave=s3crn total=238 valid=108 running=5 pending=125 launched=113 failed=0 gaveup=0 forkfail=0 free_kb=7807576 sims_boxwide=4 last_event_age=0s last_event_epoch=1790490798
[08:39:52] .. alive runid=20260927-033219-2062 event_age=394s | wave=s3crn total=238 valid=108 running=5 pending=125 launched=113 failed=0 gaveup=0 forkfail=0 free_kb=7807576 sims_boxwide=4 last_event_age=0s last_event_epoch=1790490798
[08:40:52] .. alive runid=20260927-033219-2062 event_age=454s | wave=s3crn total=238 valid=108 running=5 pending=125 launched=113 failed=0 gaveup=0 forkfail=0 free_kb=7807576 sims_boxwide=4 last_event_age=0s last_event_epoch=1790490798
[08:41:52] .. alive runid=20260927-033219-2062 event_age=514s | wave=s3crn total=238 valid=108 running=5 pending=125 launched=113 failed=0 gaveup=0 forkfail=0 free_kb=7807576 sims_boxwide=4 last_event_age=0s last_event_epoch=1790490798
[08:42:50] DONE clKH_east_half_1636723358 rc=0 944s clKH east/half seed=1636723358 rescued=3 dead=1 unreachable=0 never_detected=0 ff_deaths=1 terminal=145 completions=3 recycles=3 removals=3 returns=3 wall=943s [valid 109/238] src=2a36d14ad942 ext=ea7002772ad1 head=108a0adf55acdb5743cd70a347fc7810fbcefe24
[08:42:51] LAUNCH clKH_east_half_498896028 running=5 free_kb=8155332 sims_boxwide=4 attempt=1 src=2a36d14ad942 ext=ea7002772ad1 head=108a0adf55acdb5743cd70a347fc7810fbcefe24
[08:42:52] .. alive runid=20260927-033219-2062 event_age=1s | wave=s3crn total=238 valid=109 running=5 pending=124 launched=114 failed=0 gaveup=0 forkfail=0 free_kb=8155332 sims_boxwide=4 last_event_age=0s last_event_epoch=1790491371
[08:43:40] DONE clKH_east_half_1252362635 rc=0 880s clKH east/half seed=1252362635 rescued=3 dead=1 unreachable=0 never_detected=0 ff_deaths=0 terminal=131 completions=3 recycles=3 removals=3 returns=3 wall=879s [valid 110/238] src=2a36d14ad942 ext=ea7002772ad1 head=108a0adf55acdb5743cd70a347fc7810fbcefe24
[08:43:41] LAUNCH clKH_east_half_1401495347 running=5 free_kb=8227244 sims_boxwide=4 attempt=1 src=2a36d14ad942 ext=ea7002772ad1 head=108a0adf55acdb5743cd70a347fc7810fbcefe24
[08:43:52] .. alive runid=20260927-033219-2062 event_age=11s | wave=s3crn total=238 valid=110 running=5 pending=123 launched=115 failed=0 gaveup=0 forkfail=0 free_kb=8227244 sims_boxwide=4 last_event_age=0s last_event_epoch=1790491421
[08:44:52] .. alive runid=20260927-033219-2062 event_age=71s | wave=s3crn total=238 valid=110 running=5 pending=123 launched=115 failed=0 gaveup=0 forkfail=0 free_kb=8227244 sims_boxwide=4 last_event_age=0s last_event_epoch=1790491421
[08:45:05] DONE clKH_east_half_294124329 rc=0 888s clKH east/half seed=294124329 rescued=4 dead=0 unreachable=0 never_detected=0 ff_deaths=0 terminal=172 completions=4 recycles=4 removals=4 returns=4 wall=886s [valid 111/238] src=2a36d14ad942 ext=ea7002772ad1 head=108a0adf55acdb5743cd70a347fc7810fbcefe24
[08:45:07] LAUNCH clKH_east_half_133894353 running=5 free_kb=8263324 sims_boxwide=4 attempt=1 src=2a36d14ad942 ext=ea7002772ad1 head=108a0adf55acdb5743cd70a347fc7810fbcefe24
[08:45:46] DONE clKH_east_half_1532569567 rc=0 748s clKH east/half seed=1532569567 rescued=3 dead=1 unreachable=0 never_detected=0 ff_deaths=0 terminal=94 completions=3 recycles=3 removals=3 returns=3 wall=746s [valid 112/238] src=2a36d14ad942 ext=ea7002772ad1 head=108a0adf55acdb5743cd70a347fc7810fbcefe24
[08:45:48] LAUNCH clKH_east_half_1788979460 running=5 free_kb=8391384 sims_boxwide=4 attempt=1 src=2a36d14ad942 ext=ea7002772ad1 head=108a0adf55acdb5743cd70a347fc7810fbcefe24
[08:45:53] .. alive runid=20260927-033219-2062 event_age=5s | wave=s3crn total=238 valid=112 running=5 pending=121 launched=117 failed=0 gaveup=0 forkfail=0 free_kb=8391384 sims_boxwide=4 last_event_age=0s last_event_epoch=1790491548
[08:46:53] .. alive runid=20260927-033219-2062 event_age=65s | wave=s3crn total=238 valid=112 running=5 pending=121 launched=117 failed=0 gaveup=0 forkfail=0 free_kb=8391384 sims_boxwide=4 last_event_age=0s last_event_epoch=1790491548
[08:47:53] .. alive runid=20260927-033219-2062 event_age=125s | wave=s3crn total=238 valid=112 running=5 pending=121 launched=117 failed=0 gaveup=0 forkfail=0 free_kb=8391384 sims_boxwide=4 last_event_age=0s last_event_epoch=1790491548
[08:48:35] DONE clKH_east_half_1723100518 rc=0 963s clKH east/half seed=1723100518 rescued=2 dead=2 unreachable=0 never_detected=0 ff_deaths=0 terminal=162 completions=2 recycles=2 removals=2 returns=2 wall=961s [valid 113/238] src=2a36d14ad942 ext=ea7002772ad1 head=108a0adf55acdb5743cd70a347fc7810fbcefe24
[08:48:36] LAUNCH clKH_south_half_1486866530 running=5 free_kb=8387060 sims_boxwide=4 attempt=1 src=2a36d14ad942 ext=ea7002772ad1 head=108a0adf55acdb5743cd70a347fc7810fbcefe24
[08:48:53] .. alive runid=20260927-033219-2062 event_age=17s | wave=s3crn total=238 valid=113 running=5 pending=120 launched=118 failed=0 gaveup=0 forkfail=0 free_kb=8387060 sims_boxwide=4 last_event_age=0s last_event_epoch=1790491716
[08:49:53] .. alive runid=20260927-033219-2062 event_age=77s | wave=s3crn total=238 valid=113 running=5 pending=120 launched=118 failed=0 gaveup=0 forkfail=0 free_kb=8387060 sims_boxwide=4 last_event_age=0s last_event_epoch=1790491716
[08:50:53] .. alive runid=20260927-033219-2062 event_age=137s | wave=s3crn total=238 valid=113 running=5 pending=120 launched=118 failed=0 gaveup=0 forkfail=0 free_kb=8387060 sims_boxwide=4 last_event_age=0s last_event_epoch=1790491716
[08:51:53] .. alive runid=20260927-033219-2062 event_age=197s | wave=s3crn total=238 valid=113 running=5 pending=120 launched=118 failed=0 gaveup=0 forkfail=0 free_kb=8387060 sims_boxwide=4 last_event_age=0s last_event_epoch=1790491716
[08:52:53] .. alive runid=20260927-033219-2062 event_age=257s | wave=s3crn total=238 valid=113 running=5 pending=120 launched=118 failed=0 gaveup=0 forkfail=0 free_kb=8387060 sims_boxwide=4 last_event_age=0s last_event_epoch=1790491716
[08:53:53] .. alive runid=20260927-033219-2062 event_age=317s | wave=s3crn total=238 valid=113 running=5 pending=120 launched=118 failed=0 gaveup=0 forkfail=0 free_kb=8387060 sims_boxwide=4 last_event_age=0s last_event_epoch=1790491716
[08:54:39] DONE clKH_east_half_1788979460 rc=0 531s clKH east/half seed=1788979460 rescued=3 dead=1 unreachable=0 never_detected=0 ff_deaths=0 terminal=93 completions=3 recycles=3 removals=3 returns=3 wall=529s [valid 114/238] src=2a36d14ad942 ext=ea7002772ad1 head=108a0adf55acdb5743cd70a347fc7810fbcefe24
[08:54:41] LAUNCH clKH_south_half_536769381 running=5 free_kb=8299980 sims_boxwide=4 attempt=1 src=2a36d14ad942 ext=ea7002772ad1 head=108a0adf55acdb5743cd70a347fc7810fbcefe24
[08:54:53] .. alive runid=20260927-033219-2062 event_age=12s | wave=s3crn total=238 valid=114 running=5 pending=119 launched=119 failed=0 gaveup=0 forkfail=0 free_kb=8299980 sims_boxwide=4 last_event_age=0s last_event_epoch=1790492081
[08:54:54] DONE clKH_east_half_1401495347 rc=0 672s clKH east/half seed=1401495347 rescued=2 dead=2 unreachable=0 never_detected=0 ff_deaths=0 terminal=198 completions=2 recycles=2 removals=2 returns=2 wall=668s [valid 115/238] src=2a36d14ad942 ext=ea7002772ad1 head=108a0adf55acdb5743cd70a347fc7810fbcefe24
[08:54:55] LAUNCH clKH_south_half_791464433 running=5 free_kb=8329312 sims_boxwide=4 attempt=1 src=2a36d14ad942 ext=ea7002772ad1 head=108a0adf55acdb5743cd70a347fc7810fbcefe24
[08:55:24] DONE clKH_south_half_1486866530 rc=0 407s clKH south/half seed=1486866530 rescued=3 dead=1 unreachable=0 never_detected=0 ff_deaths=0 terminal=204 completions=3 recycles=3 removals=3 returns=3 wall=405s [valid 116/238] src=2a36d14ad942 ext=ea7002772ad1 head=108a0adf55acdb5743cd70a347fc7810fbcefe24
[08:55:25] LAUNCH clKH_south_half_706299103 running=5 free_kb=8313284 sims_boxwide=4 attempt=1 src=2a36d14ad942 ext=ea7002772ad1 head=108a0adf55acdb5743cd70a347fc7810fbcefe24
[08:55:53] .. alive runid=20260927-033219-2062 event_age=28s | wave=s3crn total=238 valid=116 running=5 pending=117 launched=121 failed=0 gaveup=0 forkfail=0 free_kb=8313284 sims_boxwide=4 last_event_age=0s last_event_epoch=1790492125
[08:56:53] .. alive runid=20260927-033219-2062 event_age=88s | wave=s3crn total=238 valid=116 running=5 pending=117 launched=121 failed=0 gaveup=0 forkfail=0 free_kb=8313284 sims_boxwide=4 last_event_age=0s last_event_epoch=1790492125
[08:57:36] DONE clKH_east_half_133894353 rc=0 748s clKH east/half seed=133894353 rescued=4 dead=0 unreachable=0 never_detected=0 ff_deaths=0 terminal=215 completions=4 recycles=4 removals=4 returns=4 wall=747s [valid 117/238] src=2a36d14ad942 ext=ea7002772ad1 head=108a0adf55acdb5743cd70a347fc7810fbcefe24
[08:57:37] LAUNCH clKH_south_half_1364948962 running=5 free_kb=8333716 sims_boxwide=4 attempt=1 src=2a36d14ad942 ext=ea7002772ad1 head=108a0adf55acdb5743cd70a347fc7810fbcefe24
[08:57:50] DONE clKH_east_half_498896028 rc=0 899s clKH east/half seed=498896028 rescued=4 dead=0 unreachable=0 never_detected=0 ff_deaths=0 terminal=265 completions=4 recycles=4 removals=4 returns=4 wall=897s [valid 118/238] src=2a36d14ad942 ext=ea7002772ad1 head=108a0adf55acdb5743cd70a347fc7810fbcefe24
[08:57:52] LAUNCH clKH_south_half_937041678 running=5 free_kb=8353828 sims_boxwide=4 attempt=1 src=2a36d14ad942 ext=ea7002772ad1 head=108a0adf55acdb5743cd70a347fc7810fbcefe24
[08:57:54] .. alive runid=20260927-033219-2062 event_age=2s | wave=s3crn total=238 valid=118 running=5 pending=115 launched=123 failed=0 gaveup=0 forkfail=0 free_kb=8353828 sims_boxwide=4 last_event_age=0s last_event_epoch=1790492272
[08:58:54] .. alive runid=20260927-033219-2062 event_age=62s | wave=s3crn total=238 valid=118 running=5 pending=115 launched=123 failed=0 gaveup=0 forkfail=0 free_kb=8353828 sims_boxwide=4 last_event_age=0s last_event_epoch=1790492272
[08:59:22] DONE clKH_south_half_536769381 rc=0 281s clKH south/half seed=536769381 rescued=4 dead=0 unreachable=0 never_detected=0 ff_deaths=0 terminal=113 completions=4 recycles=4 removals=4 returns=4 wall=279s [valid 119/238] src=2a36d14ad942 ext=ea7002772ad1 head=108a0adf55acdb5743cd70a347fc7810fbcefe24
[08:59:24] LAUNCH clKH_south_half_954838929 running=5 free_kb=8256128 sims_boxwide=4 attempt=1 src=2a36d14ad942 ext=ea7002772ad1 head=108a0adf55acdb5743cd70a347fc7810fbcefe24
[08:59:54] .. alive runid=20260927-033219-2062 event_age=30s | wave=s3crn total=238 valid=119 running=5 pending=114 launched=124 failed=0 gaveup=0 forkfail=0 free_kb=8256128 sims_boxwide=4 last_event_age=0s last_event_epoch=1790492364
[09:00:54] .. alive runid=20260927-033219-2062 event_age=90s | wave=s3crn total=238 valid=119 running=5 pending=114 launched=124 failed=0 gaveup=0 forkfail=0 free_kb=8256128 sims_boxwide=4 last_event_age=0s last_event_epoch=1790492364
[09:01:34] DONE clKH_south_half_706299103 rc=0 368s clKH south/half seed=706299103 rescued=4 dead=0 unreachable=0 never_detected=0 ff_deaths=1 terminal=172 completions=4 recycles=4 removals=4 returns=4 wall=367s [valid 120/238] src=2a36d14ad942 ext=ea7002772ad1 head=108a0adf55acdb5743cd70a347fc7810fbcefe24
[09:01:35] LAUNCH clKH_south_half_139925734 running=5 free_kb=9118224 sims_boxwide=4 attempt=1 src=2a36d14ad942 ext=ea7002772ad1 head=108a0adf55acdb5743cd70a347fc7810fbcefe24
[09:01:54] .. alive runid=20260927-033219-2062 event_age=19s | wave=s3crn total=238 valid=120 running=5 pending=113 launched=125 failed=0 gaveup=0 forkfail=0 free_kb=9118224 sims_boxwide=4 last_event_age=0s last_event_epoch=1790492495
[09:02:29] DONE clKH_south_half_791464433 rc=0 454s clKH south/half seed=791464433 rescued=4 dead=0 unreachable=0 never_detected=0 ff_deaths=1 terminal=265 completions=4 recycles=4 removals=4 returns=4 wall=452s [valid 121/238] src=2a36d14ad942 ext=ea7002772ad1 head=108a0adf55acdb5743cd70a347fc7810fbcefe24
[09:02:31] LAUNCH clKH_south_half_1624156665 running=5 free_kb=8264948 sims_boxwide=4 attempt=1 src=2a36d14ad942 ext=ea7002772ad1 head=108a0adf55acdb5743cd70a347fc7810fbcefe24
[09:02:54] .. alive runid=20260927-033219-2062 event_age=23s | wave=s3crn total=238 valid=121 running=5 pending=112 launched=126 failed=0 gaveup=0 forkfail=0 free_kb=8264948 sims_boxwide=4 last_event_age=0s last_event_epoch=1790492551
[09:03:31] DONE clKH_south_half_1364948962 rc=0 353s clKH south/half seed=1364948962 rescued=4 dead=0 unreachable=0 never_detected=0 ff_deaths=0 terminal=149 completions=4 recycles=4 removals=4 returns=4 wall=351s [valid 122/238] src=2a36d14ad942 ext=ea7002772ad1 head=108a0adf55acdb5743cd70a347fc7810fbcefe24
[09:03:32] LAUNCH clKH_south_half_285242396 running=5 free_kb=8281820 sims_boxwide=4 attempt=1 src=2a36d14ad942 ext=ea7002772ad1 head=108a0adf55acdb5743cd70a347fc7810fbcefe24
[09:03:52] DONE clKH_south_half_937041678 rc=0 359s clKH south/half seed=937041678 rescued=4 dead=0 unreachable=0 never_detected=0 ff_deaths=1 terminal=173 completions=4 recycles=4 removals=4 returns=4 wall=358s [valid 123/238] src=2a36d14ad942 ext=ea7002772ad1 head=108a0adf55acdb5743cd70a347fc7810fbcefe24
[09:03:53] LAUNCH clKH_south_half_573250932 running=5 free_kb=8273632 sims_boxwide=4 attempt=1 src=2a36d14ad942 ext=ea7002772ad1 head=108a0adf55acdb5743cd70a347fc7810fbcefe24
[09:03:54] .. alive runid=20260927-033219-2062 event_age=1s | wave=s3crn total=238 valid=123 running=5 pending=110 launched=128 failed=0 gaveup=0 forkfail=0 free_kb=8273632 sims_boxwide=4 last_event_age=0s last_event_epoch=1790492633
[09:04:54] .. alive runid=20260927-033219-2062 event_age=61s | wave=s3crn total=238 valid=123 running=5 pending=110 launched=128 failed=0 gaveup=0 forkfail=0 free_kb=8273632 sims_boxwide=4 last_event_age=0s last_event_epoch=1790492633
[09:05:12] DONE clKH_south_half_954838929 rc=0 347s clKH south/half seed=954838929 rescued=3 dead=1 unreachable=0 never_detected=0 ff_deaths=0 terminal=95 completions=3 recycles=3 removals=3 returns=3 wall=346s [valid 124/238] src=2a36d14ad942 ext=ea7002772ad1 head=108a0adf55acdb5743cd70a347fc7810fbcefe24
[09:05:13] LAUNCH clKH_south_half_1048395951 running=5 free_kb=8238336 sims_boxwide=4 attempt=1 src=2a36d14ad942 ext=ea7002772ad1 head=108a0adf55acdb5743cd70a347fc7810fbcefe24
[09:05:54] .. alive runid=20260927-033219-2062 event_age=41s | wave=s3crn total=238 valid=124 running=5 pending=109 launched=129 failed=0 gaveup=0 forkfail=0 free_kb=8238336 sims_boxwide=4 last_event_age=0s last_event_epoch=1790492713
[09:06:54] .. alive runid=20260927-033219-2062 event_age=101s | wave=s3crn total=238 valid=124 running=5 pending=109 launched=129 failed=0 gaveup=0 forkfail=0 free_kb=8238336 sims_boxwide=4 last_event_age=0s last_event_epoch=1790492713
[09:07:40] DONE clKH_south_half_1624156665 rc=0 308s clKH south/half seed=1624156665 rescued=4 dead=0 unreachable=0 never_detected=0 ff_deaths=0 terminal=134 completions=4 recycles=4 removals=4 returns=4 wall=307s [valid 125/238] src=2a36d14ad942 ext=ea7002772ad1 head=108a0adf55acdb5743cd70a347fc7810fbcefe24
[09:07:41] LAUNCH clKH_south_half_903347495 running=5 free_kb=8314672 sims_boxwide=4 attempt=1 src=2a36d14ad942 ext=ea7002772ad1 head=108a0adf55acdb5743cd70a347fc7810fbcefe24
[09:07:54] .. alive runid=20260927-033219-2062 event_age=13s | wave=s3crn total=238 valid=125 running=5 pending=108 launched=130 failed=0 gaveup=0 forkfail=0 free_kb=8314672 sims_boxwide=4 last_event_age=0s last_event_epoch=1790492861
[09:08:36] DONE clKH_south_half_139925734 rc=0 420s clKH south/half seed=139925734 rescued=3 dead=1 unreachable=0 never_detected=0 ff_deaths=0 terminal=100 completions=3 recycles=3 removals=3 returns=3 wall=418s [valid 126/238] src=2a36d14ad942 ext=ea7002772ad1 head=108a0adf55acdb5743cd70a347fc7810fbcefe24
[09:08:37] LAUNCH clKH_east_def_2038269169 running=5 free_kb=8324404 sims_boxwide=4 attempt=1 src=2a36d14ad942 ext=ea7002772ad1 head=108a0adf55acdb5743cd70a347fc7810fbcefe24
[09:08:55] .. alive runid=20260927-033219-2062 event_age=18s | wave=s3crn total=238 valid=126 running=5 pending=107 launched=131 failed=0 gaveup=0 forkfail=0 free_kb=8324404 sims_boxwide=4 last_event_age=0s last_event_epoch=1790492917
[09:09:39] DONE clKH_south_half_285242396 rc=0 366s clKH south/half seed=285242396 rescued=4 dead=0 unreachable=0 never_detected=0 ff_deaths=0 terminal=246 completions=4 recycles=4 removals=4 returns=4 wall=365s [valid 127/238] src=2a36d14ad942 ext=ea7002772ad1 head=108a0adf55acdb5743cd70a347fc7810fbcefe24
[09:09:40] LAUNCH clKH_east_def_1749069988 running=5 free_kb=8222632 sims_boxwide=4 attempt=1 src=2a36d14ad942 ext=ea7002772ad1 head=108a0adf55acdb5743cd70a347fc7810fbcefe24
[09:09:55] .. alive runid=20260927-033219-2062 event_age=15s | wave=s3crn total=238 valid=127 running=5 pending=106 launched=132 failed=0 gaveup=0 forkfail=0 free_kb=8222632 sims_boxwide=4 last_event_age=0s last_event_epoch=1790492980
[09:10:00] DONE clKH_south_half_573250932 rc=0 367s clKH south/half seed=573250932 rescued=4 dead=0 unreachable=0 never_detected=0 ff_deaths=0 terminal=229 completions=4 recycles=4 removals=4 returns=4 wall=365s [valid 128/238] src=2a36d14ad942 ext=ea7002772ad1 head=108a0adf55acdb5743cd70a347fc7810fbcefe24
[09:10:02] LAUNCH clKH_east_def_1420331661 running=5 free_kb=9068268 sims_boxwide=4 attempt=1 src=2a36d14ad942 ext=ea7002772ad1 head=108a0adf55acdb5743cd70a347fc7810fbcefe24
[09:10:55] .. alive runid=20260927-033219-2062 event_age=53s | wave=s3crn total=238 valid=128 running=5 pending=105 launched=133 failed=0 gaveup=0 forkfail=0 free_kb=9068268 sims_boxwide=4 last_event_age=0s last_event_epoch=1790493002
[09:11:55] .. alive runid=20260927-033219-2062 event_age=113s | wave=s3crn total=238 valid=128 running=5 pending=105 launched=133 failed=0 gaveup=0 forkfail=0 free_kb=9068268 sims_boxwide=4 last_event_age=0s last_event_epoch=1790493002
[09:12:44] DONE clKH_south_half_903347495 rc=0 302s clKH south/half seed=903347495 rescued=4 dead=0 unreachable=0 never_detected=0 ff_deaths=0 terminal=149 completions=4 recycles=4 removals=4 returns=4 wall=300s [valid 129/238] src=2a36d14ad942 ext=ea7002772ad1 head=108a0adf55acdb5743cd70a347fc7810fbcefe24
[09:12:45] LAUNCH clKH_east_def_1480870832 running=5 free_kb=8311800 sims_boxwide=4 attempt=1 src=2a36d14ad942 ext=ea7002772ad1 head=108a0adf55acdb5743cd70a347fc7810fbcefe24
[09:12:55] .. alive runid=20260927-033219-2062 event_age=10s | wave=s3crn total=238 valid=129 running=5 pending=104 launched=134 failed=0 gaveup=0 forkfail=0 free_kb=8311800 sims_boxwide=4 last_event_age=0s last_event_epoch=1790493165
[09:12:58] DONE clKH_south_half_1048395951 rc=0 464s clKH south/half seed=1048395951 rescued=3 dead=1 unreachable=0 never_detected=0 ff_deaths=1 terminal=198 completions=3 recycles=3 removals=3 returns=3 wall=454s [valid 130/238] src=2a36d14ad942 ext=ea7002772ad1 head=108a0adf55acdb5743cd70a347fc7810fbcefe24
[09:12:59] LAUNCH clKH_east_half_1506055301 running=5 free_kb=8349468 sims_boxwide=4 attempt=1 src=2a36d14ad942 ext=ea7002772ad1 head=108a0adf55acdb5743cd70a347fc7810fbcefe24
[09:13:55] .. alive runid=20260927-033219-2062 event_age=56s | wave=s3crn total=238 valid=130 running=5 pending=103 launched=135 failed=0 gaveup=0 forkfail=0 free_kb=8349468 sims_boxwide=4 last_event_age=0s last_event_epoch=1790493179
[09:14:26] DONE clKH_east_def_2038269169 rc=0 349s clKH east/default seed=2038269169 rescued=4 dead=0 unreachable=0 never_detected=0 ff_deaths=0 terminal=283 completions=4 recycles=4 removals=4 returns=4 wall=347s [valid 131/238] src=2a36d14ad942 ext=ea7002772ad1 head=108a0adf55acdb5743cd70a347fc7810fbcefe24
[09:14:28] LAUNCH clKH_east_half_1999015533 running=5 free_kb=8217864 sims_boxwide=4 attempt=1 src=2a36d14ad942 ext=ea7002772ad1 head=108a0adf55acdb5743cd70a347fc7810fbcefe24
[09:14:55] .. alive runid=20260927-033219-2062 event_age=27s | wave=s3crn total=238 valid=131 running=5 pending=102 launched=136 failed=0 gaveup=0 forkfail=0 free_kb=8217864 sims_boxwide=4 last_event_age=0s last_event_epoch=1790493268
[09:15:37] DONE clKH_east_def_1749069988 rc=0 356s clKH east/default seed=1749069988 rescued=3 dead=1 unreachable=0 never_detected=0 ff_deaths=0 terminal=278 completions=3 recycles=3 removals=3 returns=3 wall=354s [valid 132/238] src=2a36d14ad942 ext=ea7002772ad1 head=108a0adf55acdb5743cd70a347fc7810fbcefe24
[09:15:38] LAUNCH clKH_east_half_2095654154 running=5 free_kb=8304492 sims_boxwide=4 attempt=1 src=2a36d14ad942 ext=ea7002772ad1 head=108a0adf55acdb5743cd70a347fc7810fbcefe24
[09:15:55] .. alive runid=20260927-033219-2062 event_age=17s | wave=s3crn total=238 valid=132 running=5 pending=101 launched=137 failed=0 gaveup=0 forkfail=0 free_kb=8304492 sims_boxwide=4 last_event_age=0s last_event_epoch=1790493338
[09:16:00] DONE clKH_east_def_1420331661 rc=0 358s clKH east/default seed=1420331661 rescued=4 dead=0 unreachable=0 never_detected=0 ff_deaths=0 terminal=198 completions=4 recycles=4 removals=4 returns=4 wall=356s [valid 133/238] src=2a36d14ad942 ext=ea7002772ad1 head=108a0adf55acdb5743cd70a347fc7810fbcefe24
[09:16:02] LAUNCH clKH_east_half_824498143 running=5 free_kb=9248504 sims_boxwide=4 attempt=1 src=2a36d14ad942 ext=ea7002772ad1 head=108a0adf55acdb5743cd70a347fc7810fbcefe24
[09:16:55] .. alive runid=20260927-033219-2062 event_age=53s | wave=s3crn total=238 valid=133 running=5 pending=100 launched=138 failed=0 gaveup=0 forkfail=0 free_kb=9248504 sims_boxwide=4 last_event_age=0s last_event_epoch=1790493362
[09:17:55] .. alive runid=20260927-033219-2062 event_age=113s | wave=s3crn total=238 valid=133 running=5 pending=100 launched=138 failed=0 gaveup=0 forkfail=0 free_kb=9248504 sims_boxwide=4 last_event_age=0s last_event_epoch=1790493362
[09:18:55] .. alive runid=20260927-033219-2062 event_age=173s | wave=s3crn total=238 valid=133 running=5 pending=100 launched=138 failed=0 gaveup=0 forkfail=0 free_kb=9248504 sims_boxwide=4 last_event_age=0s last_event_epoch=1790493362
[09:19:17] DONE clKH_east_def_1480870832 rc=0 391s clKH east/default seed=1480870832 rescued=2 dead=2 unreachable=0 never_detected=0 ff_deaths=0 terminal=229 completions=2 recycles=2 removals=2 returns=2 wall=389s [valid 134/238] src=2a36d14ad942 ext=ea7002772ad1 head=108a0adf55acdb5743cd70a347fc7810fbcefe24
[09:19:18] LAUNCH clKH_east_half_1468405687 running=5 free_kb=8328516 sims_boxwide=4 attempt=1 src=2a36d14ad942 ext=ea7002772ad1 head=108a0adf55acdb5743cd70a347fc7810fbcefe24
[09:19:55] .. alive runid=20260927-033219-2062 event_age=37s | wave=s3crn total=238 valid=134 running=5 pending=99 launched=139 failed=0 gaveup=0 forkfail=0 free_kb=8328516 sims_boxwide=4 last_event_age=0s last_event_epoch=1790493558
[09:20:56] .. alive runid=20260927-033219-2062 event_age=98s | wave=s3crn total=238 valid=134 running=5 pending=99 launched=139 failed=0 gaveup=0 forkfail=0 free_kb=8328516 sims_boxwide=4 last_event_age=0s last_event_epoch=1790493558
[09:21:56] .. alive runid=20260927-033219-2062 event_age=158s | wave=s3crn total=238 valid=134 running=5 pending=99 launched=139 failed=0 gaveup=0 forkfail=0 free_kb=8328516 sims_boxwide=4 last_event_age=0s last_event_epoch=1790493558
[09:22:56] .. alive runid=20260927-033219-2062 event_age=218s | wave=s3crn total=238 valid=134 running=5 pending=99 launched=139 failed=0 gaveup=0 forkfail=0 free_kb=8328516 sims_boxwide=4 last_event_age=0s last_event_epoch=1790493558
[09:23:24] DONE clKH_east_half_1506055301 rc=0 624s clKH east/half seed=1506055301 rescued=3 dead=1 unreachable=0 never_detected=0 ff_deaths=0 terminal=150 completions=3 recycles=3 removals=3 returns=3 wall=623s [valid 135/238] src=2a36d14ad942 ext=ea7002772ad1 head=108a0adf55acdb5743cd70a347fc7810fbcefe24
[09:23:25] LAUNCH clKH_east_half_731846821 running=5 free_kb=8351684 sims_boxwide=4 attempt=1 src=2a36d14ad942 ext=ea7002772ad1 head=108a0adf55acdb5743cd70a347fc7810fbcefe24
[09:23:46] DONE clKH_east_half_1999015533 rc=0 558s clKH east/half seed=1999015533 rescued=3 dead=1 unreachable=0 never_detected=0 ff_deaths=0 terminal=150 completions=3 recycles=3 removals=3 returns=3 wall=557s [valid 136/238] src=2a36d14ad942 ext=ea7002772ad1 head=108a0adf55acdb5743cd70a347fc7810fbcefe24
[09:23:48] LAUNCH clKH_east_half_1301429659 running=5 free_kb=8386536 sims_boxwide=4 attempt=1 src=2a36d14ad942 ext=ea7002772ad1 head=108a0adf55acdb5743cd70a347fc7810fbcefe24
[09:23:56] .. alive runid=20260927-033219-2062 event_age=8s | wave=s3crn total=238 valid=136 running=5 pending=97 launched=141 failed=0 gaveup=0 forkfail=0 free_kb=8386536 sims_boxwide=4 last_event_age=0s last_event_epoch=1790493828
[09:24:56] .. alive runid=20260927-033219-2062 event_age=68s | wave=s3crn total=238 valid=136 running=5 pending=97 launched=141 failed=0 gaveup=0 forkfail=0 free_kb=8386536 sims_boxwide=4 last_event_age=0s last_event_epoch=1790493828
[09:25:48] DONE clKH_east_half_824498143 rc=0 585s clKH east/half seed=824498143 rescued=3 dead=1 unreachable=0 never_detected=0 ff_deaths=0 terminal=139 completions=3 recycles=3 removals=3 returns=3 wall=584s [valid 137/238] src=2a36d14ad942 ext=ea7002772ad1 head=108a0adf55acdb5743cd70a347fc7810fbcefe24
[09:25:49] LAUNCH clKH_east_half_53258209 running=5 free_kb=8373636 sims_boxwide=4 attempt=1 src=2a36d14ad942 ext=ea7002772ad1 head=108a0adf55acdb5743cd70a347fc7810fbcefe24
[09:25:56] .. alive runid=20260927-033219-2062 event_age=7s | wave=s3crn total=238 valid=137 running=5 pending=96 launched=142 failed=0 gaveup=0 forkfail=0 free_kb=8373636 sims_boxwide=4 last_event_age=0s last_event_epoch=1790493949
[09:26:26] DONE clKH_east_half_2095654154 rc=0 647s clKH east/half seed=2095654154 rescued=2 dead=2 unreachable=0 never_detected=0 ff_deaths=0 terminal=193 completions=2 recycles=2 removals=2 returns=2 wall=645s [valid 138/238] src=2a36d14ad942 ext=ea7002772ad1 head=108a0adf55acdb5743cd70a347fc7810fbcefe24
[09:26:27] LAUNCH clKH_east_half_1341701987 running=5 free_kb=8373756 sims_boxwide=4 attempt=1 src=2a36d14ad942 ext=ea7002772ad1 head=108a0adf55acdb5743cd70a347fc7810fbcefe24
[09:26:56] .. alive runid=20260927-033219-2062 event_age=29s | wave=s3crn total=238 valid=138 running=5 pending=95 launched=143 failed=0 gaveup=0 forkfail=0 free_kb=8373756 sims_boxwide=4 last_event_age=0s last_event_epoch=1790493987
[09:27:56] .. alive runid=20260927-033219-2062 event_age=89s | wave=s3crn total=238 valid=138 running=5 pending=95 launched=143 failed=0 gaveup=0 forkfail=0 free_kb=8373756 sims_boxwide=4 last_event_age=0s last_event_epoch=1790493987
[09:28:38] DONE clKH_east_half_1468405687 rc=0 559s clKH east/half seed=1468405687 rescued=4 dead=0 unreachable=0 never_detected=0 ff_deaths=0 terminal=126 completions=4 recycles=4 removals=4 returns=4 wall=557s [valid 139/238] src=2a36d14ad942 ext=ea7002772ad1 head=108a0adf55acdb5743cd70a347fc7810fbcefe24
[09:28:39] LAUNCH clKH_east_half_264075293 running=5 free_kb=8304100 sims_boxwide=4 attempt=1 src=2a36d14ad942 ext=ea7002772ad1 head=108a0adf55acdb5743cd70a347fc7810fbcefe24
[09:28:56] .. alive runid=20260927-033219-2062 event_age=17s | wave=s3crn total=238 valid=139 running=5 pending=94 launched=144 failed=0 gaveup=0 forkfail=0 free_kb=8304100 sims_boxwide=4 last_event_age=0s last_event_epoch=1790494119
[09:29:56] .. alive runid=20260927-033219-2062 event_age=77s | wave=s3crn total=238 valid=139 running=5 pending=94 launched=144 failed=0 gaveup=0 forkfail=0 free_kb=8304100 sims_boxwide=4 last_event_age=0s last_event_epoch=1790494119
[09:30:56] .. alive runid=20260927-033219-2062 event_age=137s | wave=s3crn total=238 valid=139 running=5 pending=94 launched=144 failed=0 gaveup=0 forkfail=0 free_kb=8304100 sims_boxwide=4 last_event_age=0s last_event_epoch=1790494119
[09:31:56] .. alive runid=20260927-033219-2062 event_age=197s | wave=s3crn total=238 valid=139 running=5 pending=94 launched=144 failed=0 gaveup=0 forkfail=0 free_kb=8304100 sims_boxwide=4 last_event_age=0s last_event_epoch=1790494119
[09:32:37] DONE clKH_east_half_1301429659 rc=0 529s clKH east/half seed=1301429659 rescued=3 dead=1 unreachable=0 never_detected=0 ff_deaths=0 terminal=116 completions=3 recycles=3 removals=3 returns=3 wall=527s [valid 140/238] src=2a36d14ad942 ext=ea7002772ad1 head=108a0adf55acdb5743cd70a347fc7810fbcefe24
[09:32:39] LAUNCH clKH_east_half_2091896221 running=5 free_kb=7973020 sims_boxwide=4 attempt=1 src=2a36d14ad942 ext=ea7002772ad1 head=108a0adf55acdb5743cd70a347fc7810fbcefe24
[09:32:57] .. alive runid=20260927-033219-2062 event_age=18s | wave=s3crn total=238 valid=140 running=5 pending=93 launched=145 failed=0 gaveup=0 forkfail=0 free_kb=7973020 sims_boxwide=4 last_event_age=0s last_event_epoch=1790494359
[09:33:57] .. alive runid=20260927-033219-2062 event_age=78s | wave=s3crn total=238 valid=140 running=5 pending=93 launched=145 failed=0 gaveup=0 forkfail=0 free_kb=7973020 sims_boxwide=4 last_event_age=0s last_event_epoch=1790494359
[09:34:57] .. alive runid=20260927-033219-2062 event_age=138s | wave=s3crn total=238 valid=140 running=5 pending=93 launched=145 failed=0 gaveup=0 forkfail=0 free_kb=7973020 sims_boxwide=4 last_event_age=0s last_event_epoch=1790494359
[09:34:58] DONE clKH_east_half_731846821 rc=0 692s clKH east/half seed=731846821 rescued=3 dead=1 unreachable=0 never_detected=0 ff_deaths=0 terminal=222 completions=3 recycles=3 removals=3 returns=3 wall=690s [valid 141/238] src=2a36d14ad942 ext=ea7002772ad1 head=108a0adf55acdb5743cd70a347fc7810fbcefe24
[09:34:59] LAUNCH clKH_east_half_21892117 running=5 free_kb=8137588 sims_boxwide=4 attempt=1 src=2a36d14ad942 ext=ea7002772ad1 head=108a0adf55acdb5743cd70a347fc7810fbcefe24
[09:35:31] DONE clKH_east_half_1341701987 rc=0 543s clKH east/half seed=1341701987 rescued=4 dead=0 unreachable=0 never_detected=0 ff_deaths=0 terminal=127 completions=4 recycles=4 removals=4 returns=4 wall=542s [valid 142/238] src=2a36d14ad942 ext=ea7002772ad1 head=108a0adf55acdb5743cd70a347fc7810fbcefe24
[09:35:32] LAUNCH clKH_east_half_1717500098 running=5 free_kb=8073240 sims_boxwide=4 attempt=1 src=2a36d14ad942 ext=ea7002772ad1 head=108a0adf55acdb5743cd70a347fc7810fbcefe24
[09:35:57] .. alive runid=20260927-033219-2062 event_age=25s | wave=s3crn total=238 valid=142 running=5 pending=91 launched=147 failed=0 gaveup=0 forkfail=0 free_kb=8073240 sims_boxwide=4 last_event_age=0s last_event_epoch=1790494532
[09:36:57] .. alive runid=20260927-033219-2062 event_age=85s | wave=s3crn total=238 valid=142 running=5 pending=91 launched=147 failed=0 gaveup=0 forkfail=0 free_kb=8073240 sims_boxwide=4 last_event_age=0s last_event_epoch=1790494532
[09:37:57] .. alive runid=20260927-033219-2062 event_age=145s | wave=s3crn total=238 valid=142 running=5 pending=91 launched=147 failed=0 gaveup=0 forkfail=0 free_kb=8073240 sims_boxwide=4 last_event_age=0s last_event_epoch=1790494532
[09:38:10] DONE clKH_east_half_53258209 rc=0 740s clKH east/half seed=53258209 rescued=3 dead=1 unreachable=0 never_detected=0 ff_deaths=1 terminal=214 completions=3 recycles=3 removals=3 returns=3 wall=738s [valid 143/238] src=2a36d14ad942 ext=ea7002772ad1 head=108a0adf55acdb5743cd70a347fc7810fbcefe24
[09:38:11] LAUNCH clKH_south_half_1386492524 running=5 free_kb=8257832 sims_boxwide=4 attempt=1 src=2a36d14ad942 ext=ea7002772ad1 head=108a0adf55acdb5743cd70a347fc7810fbcefe24
[09:38:50] DONE clKH_east_half_264075293 rc=0 611s clKH east/half seed=264075293 rescued=3 dead=1 unreachable=0 never_detected=0 ff_deaths=0 terminal=97 completions=3 recycles=3 removals=3 returns=3 wall=609s [valid 144/238] src=2a36d14ad942 ext=ea7002772ad1 head=108a0adf55acdb5743cd70a347fc7810fbcefe24
[09:38:52] LAUNCH clKH_south_half_481765503 running=5 free_kb=8296768 sims_boxwide=4 attempt=1 src=2a36d14ad942 ext=ea7002772ad1 head=108a0adf55acdb5743cd70a347fc7810fbcefe24
[09:38:57] .. alive runid=20260927-033219-2062 event_age=5s | wave=s3crn total=238 valid=144 running=5 pending=89 launched=149 failed=0 gaveup=0 forkfail=0 free_kb=8296768 sims_boxwide=4 last_event_age=0s last_event_epoch=1790494732
[09:39:57] .. alive runid=20260927-033219-2062 event_age=65s | wave=s3crn total=238 valid=144 running=5 pending=89 launched=149 failed=0 gaveup=0 forkfail=0 free_kb=8296768 sims_boxwide=4 last_event_age=0s last_event_epoch=1790494732
[09:40:57] .. alive runid=20260927-033219-2062 event_age=125s | wave=s3crn total=238 valid=144 running=5 pending=89 launched=149 failed=0 gaveup=0 forkfail=0 free_kb=8296768 sims_boxwide=4 last_event_age=0s last_event_epoch=1790494732
[09:41:08] DONE clKH_east_half_2091896221 rc=0 509s clKH east/half seed=2091896221 rescued=3 dead=1 unreachable=0 never_detected=0 ff_deaths=0 terminal=96 completions=3 recycles=3 removals=3 returns=3 wall=507s [valid 145/238] src=2a36d14ad942 ext=ea7002772ad1 head=108a0adf55acdb5743cd70a347fc7810fbcefe24
[09:41:10] LAUNCH clKH_south_half_1415738618 running=5 free_kb=8263036 sims_boxwide=4 attempt=1 src=2a36d14ad942 ext=ea7002772ad1 head=108a0adf55acdb5743cd70a347fc7810fbcefe24
[09:41:57] .. alive runid=20260927-033219-2062 event_age=47s | wave=s3crn total=238 valid=145 running=5 pending=88 launched=150 failed=0 gaveup=0 forkfail=0 free_kb=8263036 sims_boxwide=4 last_event_age=0s last_event_epoch=1790494870
[09:42:57] .. alive runid=20260927-033219-2062 event_age=107s | wave=s3crn total=238 valid=145 running=5 pending=88 launched=150 failed=0 gaveup=0 forkfail=0 free_kb=8263036 sims_boxwide=4 last_event_age=0s last_event_epoch=1790494870
[09:43:48] DONE clKH_south_half_481765503 rc=0 295s clKH south/half seed=481765503 rescued=4 dead=0 unreachable=0 never_detected=0 ff_deaths=0 terminal=106 completions=4 recycles=4 removals=4 returns=4 wall=294s [valid 146/238] src=2a36d14ad942 ext=ea7002772ad1 head=108a0adf55acdb5743cd70a347fc7810fbcefe24
[09:43:49] LAUNCH clKH_south_half_1218089274 running=5 free_kb=8292240 sims_boxwide=4 attempt=1 src=2a36d14ad942 ext=ea7002772ad1 head=108a0adf55acdb5743cd70a347fc7810fbcefe24
[09:43:57] .. alive runid=20260927-033219-2062 event_age=8s | wave=s3crn total=238 valid=146 running=5 pending=87 launched=151 failed=0 gaveup=0 forkfail=0 free_kb=8292240 sims_boxwide=4 last_event_age=0s last_event_epoch=1790495029
[09:44:18] DONE clKH_south_half_1386492524 rc=0 366s clKH south/half seed=1386492524 rescued=3 dead=1 unreachable=0 never_detected=0 ff_deaths=0 terminal=87 completions=3 recycles=3 removals=3 returns=3 wall=365s [valid 147/238] src=2a36d14ad942 ext=ea7002772ad1 head=108a0adf55acdb5743cd70a347fc7810fbcefe24
[09:44:19] LAUNCH clKH_south_half_2084799913 running=5 free_kb=8313368 sims_boxwide=4 attempt=1 src=2a36d14ad942 ext=ea7002772ad1 head=108a0adf55acdb5743cd70a347fc7810fbcefe24
[09:44:58] .. alive runid=20260927-033219-2062 event_age=39s | wave=s3crn total=238 valid=147 running=5 pending=86 launched=152 failed=0 gaveup=0 forkfail=0 free_kb=8313368 sims_boxwide=4 last_event_age=0s last_event_epoch=1790495059
[09:44:59] DONE clKH_east_half_1717500098 rc=0 566s clKH east/half seed=1717500098 rescued=4 dead=0 unreachable=0 never_detected=0 ff_deaths=0 terminal=125 completions=4 recycles=4 removals=4 returns=4 wall=564s [valid 148/238] src=2a36d14ad942 ext=ea7002772ad1 head=108a0adf55acdb5743cd70a347fc7810fbcefe24
[09:45:00] LAUNCH clKH_south_half_1335705976 running=5 free_kb=8206292 sims_boxwide=4 attempt=1 src=2a36d14ad942 ext=ea7002772ad1 head=108a0adf55acdb5743cd70a347fc7810fbcefe24
[09:45:58] .. alive runid=20260927-033219-2062 event_age=58s | wave=s3crn total=238 valid=148 running=5 pending=85 launched=153 failed=0 gaveup=0 forkfail=0 free_kb=8206292 sims_boxwide=4 last_event_age=0s last_event_epoch=1790495100
[09:46:44] DONE clKH_south_half_1415738618 rc=0 333s clKH south/half seed=1415738618 rescued=4 dead=0 unreachable=0 never_detected=0 ff_deaths=0 terminal=114 completions=4 recycles=4 removals=4 returns=4 wall=332s [valid 149/238] src=2a36d14ad942 ext=ea7002772ad1 head=108a0adf55acdb5743cd70a347fc7810fbcefe24
[09:46:45] LAUNCH clKH_south_half_588279432 running=5 free_kb=8257084 sims_boxwide=4 attempt=1 src=2a36d14ad942 ext=ea7002772ad1 head=108a0adf55acdb5743cd70a347fc7810fbcefe24
[09:46:58] .. alive runid=20260927-033219-2062 event_age=13s | wave=s3crn total=238 valid=149 running=5 pending=84 launched=154 failed=0 gaveup=0 forkfail=0 free_kb=8257084 sims_boxwide=4 last_event_age=0s last_event_epoch=1790495205
[09:47:58] .. alive runid=20260927-033219-2062 event_age=73s | wave=s3crn total=238 valid=149 running=5 pending=84 launched=154 failed=0 gaveup=0 forkfail=0 free_kb=8257084 sims_boxwide=4 last_event_age=0s last_event_epoch=1790495205
[09:48:58] .. alive runid=20260927-033219-2062 event_age=133s | wave=s3crn total=238 valid=149 running=5 pending=84 launched=154 failed=0 gaveup=0 forkfail=0 free_kb=8257084 sims_boxwide=4 last_event_age=0s last_event_epoch=1790495205
[09:49:35] DONE clKH_east_half_21892117 rc=0 875s clKH east/half seed=21892117 rescued=4 dead=0 unreachable=0 never_detected=0 ff_deaths=0 terminal=263 completions=4 recycles=4 removals=4 returns=4 wall=873s [valid 150/238] src=2a36d14ad942 ext=ea7002772ad1 head=108a0adf55acdb5743cd70a347fc7810fbcefe24
[09:49:36] LAUNCH clKH_south_half_1887778617 running=5 free_kb=8164380 sims_boxwide=4 attempt=1 src=2a36d14ad942 ext=ea7002772ad1 head=108a0adf55acdb5743cd70a347fc7810fbcefe24
[09:49:49] DONE clKH_south_half_1218089274 rc=0 359s clKH south/half seed=1218089274 rescued=2 dead=2 unreachable=0 never_detected=0 ff_deaths=0 terminal=90 completions=2 recycles=2 removals=2 returns=2 wall=357s [valid 151/238] src=2a36d14ad942 ext=ea7002772ad1 head=108a0adf55acdb5743cd70a347fc7810fbcefe24
[09:49:50] LAUNCH clKH_south_half_2128361047 running=5 free_kb=8181540 sims_boxwide=4 attempt=1 src=2a36d14ad942 ext=ea7002772ad1 head=108a0adf55acdb5743cd70a347fc7810fbcefe24
[09:49:58] .. alive runid=20260927-033219-2062 event_age=8s | wave=s3crn total=238 valid=151 running=5 pending=82 launched=156 failed=0 gaveup=0 forkfail=0 free_kb=8181540 sims_boxwide=4 last_event_age=0s last_event_epoch=1790495390
[09:50:12] DONE clKH_south_half_2084799913 rc=0 352s clKH south/half seed=2084799913 rescued=3 dead=1 unreachable=0 never_detected=0 ff_deaths=0 terminal=180 completions=3 recycles=3 removals=3 returns=3 wall=350s [valid 152/238] src=2a36d14ad942 ext=ea7002772ad1 head=108a0adf55acdb5743cd70a347fc7810fbcefe24
[09:50:13] LAUNCH clKH_south_half_684332673 running=5 free_kb=8231904 sims_boxwide=4 attempt=1 src=2a36d14ad942 ext=ea7002772ad1 head=108a0adf55acdb5743cd70a347fc7810fbcefe24
[09:50:45] DONE clKH_south_half_1335705976 rc=0 344s clKH south/half seed=1335705976 rescued=3 dead=1 unreachable=0 never_detected=0 ff_deaths=1 terminal=150 completions=3 recycles=3 removals=3 returns=3 wall=342s [valid 153/238] src=2a36d14ad942 ext=ea7002772ad1 head=108a0adf55acdb5743cd70a347fc7810fbcefe24
[09:50:46] LAUNCH clKH_south_half_1320165480 running=5 free_kb=8269572 sims_boxwide=4 attempt=1 src=2a36d14ad942 ext=ea7002772ad1 head=108a0adf55acdb5743cd70a347fc7810fbcefe24
[09:50:58] .. alive runid=20260927-033219-2062 event_age=12s | wave=s3crn total=238 valid=153 running=5 pending=80 launched=158 failed=0 gaveup=0 forkfail=0 free_kb=8269572 sims_boxwide=4 last_event_age=0s last_event_epoch=1790495446
[09:51:58] .. alive runid=20260927-033219-2062 event_age=72s | wave=s3crn total=238 valid=153 running=5 pending=80 launched=158 failed=0 gaveup=0 forkfail=0 free_kb=8269572 sims_boxwide=4 last_event_age=0s last_event_epoch=1790495446
[09:52:16] DONE clKH_south_half_588279432 rc=0 330s clKH south/half seed=588279432 rescued=4 dead=0 unreachable=0 never_detected=0 ff_deaths=0 terminal=131 completions=4 recycles=4 removals=4 returns=4 wall=329s [valid 154/238] src=2a36d14ad942 ext=ea7002772ad1 head=108a0adf55acdb5743cd70a347fc7810fbcefe24
[09:52:17] LAUNCH clKH_south_half_751617716 running=5 free_kb=8290276 sims_boxwide=4 attempt=1 src=2a36d14ad942 ext=ea7002772ad1 head=108a0adf55acdb5743cd70a347fc7810fbcefe24
[09:52:58] .. alive runid=20260927-033219-2062 event_age=41s | wave=s3crn total=238 valid=154 running=5 pending=79 launched=159 failed=0 gaveup=0 forkfail=0 free_kb=8290276 sims_boxwide=4 last_event_age=0s last_event_epoch=1790495537
[09:53:58] .. alive runid=20260927-033219-2062 event_age=101s | wave=s3crn total=238 valid=154 running=5 pending=79 launched=159 failed=0 gaveup=0 forkfail=0 free_kb=8290276 sims_boxwide=4 last_event_age=0s last_event_epoch=1790495537
[09:54:51] DONE clKH_south_half_2128361047 rc=0 300s clKH south/half seed=2128361047 rescued=3 dead=0 unreachable=1 never_detected=0 ff_deaths=1 terminal=167 completions=3 recycles=3 removals=3 returns=3 wall=298s [valid 155/238] src=2a36d14ad942 ext=ea7002772ad1 head=108a0adf55acdb5743cd70a347fc7810fbcefe24
[09:54:52] LAUNCH clKH_south_half_422588777 running=5 free_kb=8214592 sims_boxwide=4 attempt=1 src=2a36d14ad942 ext=ea7002772ad1 head=108a0adf55acdb5743cd70a347fc7810fbcefe24
[09:54:58] .. alive runid=20260927-033219-2062 event_age=6s | wave=s3crn total=238 valid=155 running=5 pending=78 launched=160 failed=0 gaveup=0 forkfail=0 free_kb=8214592 sims_boxwide=4 last_event_age=0s last_event_epoch=1790495692
[09:55:59] .. alive runid=20260927-033219-2062 event_age=67s | wave=s3crn total=238 valid=155 running=5 pending=78 launched=160 failed=0 gaveup=0 forkfail=0 free_kb=8214592 sims_boxwide=4 last_event_age=0s last_event_epoch=1790495692
[09:56:53] DONE clKH_south_half_1320165480 rc=0 366s clKH south/half seed=1320165480 rescued=3 dead=1 unreachable=0 never_detected=0 ff_deaths=0 terminal=223 completions=3 recycles=3 removals=3 returns=3 wall=365s [valid 156/238] src=2a36d14ad942 ext=ea7002772ad1 head=108a0adf55acdb5743cd70a347fc7810fbcefe24
[09:56:54] DONE clKH_south_half_684332673 rc=0 400s clKH south/half seed=684332673 rescued=3 dead=0 unreachable=1 never_detected=0 ff_deaths=2 terminal=189 completions=3 recycles=3 removals=3 returns=3 wall=398s [valid 157/238] src=2a36d14ad942 ext=ea7002772ad1 head=108a0adf55acdb5743cd70a347fc7810fbcefe24
[09:56:55] LAUNCH clKH_east_def_6554204 running=4 free_kb=9175424 sims_boxwide=3 attempt=1 src=2a36d14ad942 ext=ea7002772ad1 head=108a0adf55acdb5743cd70a347fc7810fbcefe24
[09:56:59] .. alive runid=20260927-033219-2062 event_age=4s | wave=s3crn total=238 valid=157 running=4 pending=77 launched=161 failed=0 gaveup=0 forkfail=0 free_kb=9175424 sims_boxwide=3 last_event_age=0s last_event_epoch=1790495815
[09:57:08] LAUNCH clKH_east_def_1325753362 running=5 free_kb=8310240 sims_boxwide=4 attempt=1 src=2a36d14ad942 ext=ea7002772ad1 head=108a0adf55acdb5743cd70a347fc7810fbcefe24
[09:57:29] DONE clKH_south_half_1887778617 rc=0 473s clKH south/half seed=1887778617 rescued=2 dead=1 unreachable=1 never_detected=0 ff_deaths=2 terminal=245 completions=2 recycles=2 removals=2 returns=2 wall=471s [valid 158/238] src=2a36d14ad942 ext=ea7002772ad1 head=108a0adf55acdb5743cd70a347fc7810fbcefe24
[09:57:31] LAUNCH clKH_east_def_265702576 running=5 free_kb=8300624 sims_boxwide=4 attempt=1 src=2a36d14ad942 ext=ea7002772ad1 head=108a0adf55acdb5743cd70a347fc7810fbcefe24
[09:57:59] .. alive runid=20260927-033219-2062 event_age=28s | wave=s3crn total=238 valid=158 running=5 pending=75 launched=163 failed=0 gaveup=0 forkfail=0 free_kb=8300624 sims_boxwide=4 last_event_age=0s last_event_epoch=1790495851
[09:58:52] DONE clKH_south_half_751617716 rc=0 395s clKH south/half seed=751617716 rescued=3 dead=1 unreachable=0 never_detected=0 ff_deaths=1 terminal=187 completions=3 recycles=3 removals=3 returns=3 wall=393s [valid 159/238] src=2a36d14ad942 ext=ea7002772ad1 head=108a0adf55acdb5743cd70a347fc7810fbcefe24
[09:58:54] LAUNCH clKH_east_def_1686457565 running=5 free_kb=8291952 sims_boxwide=4 attempt=1 src=2a36d14ad942 ext=ea7002772ad1 head=108a0adf55acdb5743cd70a347fc7810fbcefe24
[09:58:59] .. alive runid=20260927-033219-2062 event_age=5s | wave=s3crn total=238 valid=159 running=5 pending=74 launched=164 failed=0 gaveup=0 forkfail=0 free_kb=8291952 sims_boxwide=4 last_event_age=0s last_event_epoch=1790495934
[09:59:29] DONE clKH_south_half_422588777 rc=0 277s clKH south/half seed=422588777 rescued=4 dead=0 unreachable=0 never_detected=0 ff_deaths=0 terminal=100 completions=4 recycles=4 removals=4 returns=4 wall=275s [valid 160/238] src=2a36d14ad942 ext=ea7002772ad1 head=108a0adf55acdb5743cd70a347fc7810fbcefe24
[09:59:31] LAUNCH clKH_east_half_111 running=5 free_kb=8197508 sims_boxwide=4 attempt=1 src=2a36d14ad942 ext=ea7002772ad1 head=108a0adf55acdb5743cd70a347fc7810fbcefe24
[09:59:59] .. alive runid=20260927-033219-2062 event_age=28s | wave=s3crn total=238 valid=160 running=5 pending=73 launched=165 failed=0 gaveup=0 forkfail=0 free_kb=8197508 sims_boxwide=4 last_event_age=0s last_event_epoch=1790495971
[10:00:59] .. alive runid=20260927-033219-2062 event_age=88s | wave=s3crn total=238 valid=160 running=5 pending=73 launched=165 failed=0 gaveup=0 forkfail=0 free_kb=8197508 sims_boxwide=4 last_event_age=0s last_event_epoch=1790495971
[10:01:44] DONE clKH_east_def_6554204 rc=0 288s clKH east/default seed=6554204 rescued=3 dead=0 unreachable=1 never_detected=1 ff_deaths=0 terminal=210 completions=3 recycles=3 removals=3 returns=3 wall=287s [valid 161/238] src=2a36d14ad942 ext=ea7002772ad1 head=108a0adf55acdb5743cd70a347fc7810fbcefe24
[10:01:45] LAUNCH clKH_east_half_222 running=5 free_kb=8192848 sims_boxwide=4 attempt=1 src=2a36d14ad942 ext=ea7002772ad1 head=108a0adf55acdb5743cd70a347fc7810fbcefe24
[10:01:59] .. alive runid=20260927-033219-2062 event_age=14s | wave=s3crn total=238 valid=161 running=5 pending=72 launched=166 failed=0 gaveup=0 forkfail=0 free_kb=8192848 sims_boxwide=4 last_event_age=0s last_event_epoch=1790496105
[10:02:54] DONE clKH_east_def_265702576 rc=0 322s clKH east/default seed=265702576 rescued=2 dead=2 unreachable=0 never_detected=0 ff_deaths=0 terminal=132 completions=2 recycles=2 removals=2 returns=2 wall=321s [valid 162/238] src=2a36d14ad942 ext=ea7002772ad1 head=108a0adf55acdb5743cd70a347fc7810fbcefe24
[10:02:55] LAUNCH clKH_east_half_333 running=5 free_kb=9116340 sims_boxwide=4 attempt=1 src=2a36d14ad942 ext=ea7002772ad1 head=108a0adf55acdb5743cd70a347fc7810fbcefe24
[10:02:59] .. alive runid=20260927-033219-2062 event_age=4s | wave=s3crn total=238 valid=162 running=5 pending=71 launched=167 failed=0 gaveup=0 forkfail=0 free_kb=9116340 sims_boxwide=4 last_event_age=0s last_event_epoch=1790496175
[10:03:31] DONE clKH_east_def_1325753362 rc=0 382s clKH east/default seed=1325753362 rescued=2 dead=2 unreachable=0 never_detected=0 ff_deaths=0 terminal=219 completions=2 recycles=2 removals=2 returns=2 wall=380s [valid 163/238] src=2a36d14ad942 ext=ea7002772ad1 head=108a0adf55acdb5743cd70a347fc7810fbcefe24
[10:03:32] LAUNCH clKH_east_half_444 running=5 free_kb=8224704 sims_boxwide=4 attempt=1 src=2a36d14ad942 ext=ea7002772ad1 head=108a0adf55acdb5743cd70a347fc7810fbcefe24
[10:03:59] .. alive runid=20260927-033219-2062 event_age=27s | wave=s3crn total=238 valid=163 running=5 pending=70 launched=168 failed=0 gaveup=0 forkfail=0 free_kb=8224704 sims_boxwide=4 last_event_age=0s last_event_epoch=1790496212
[10:04:34] DONE clKH_east_def_1686457565 rc=0 339s clKH east/default seed=1686457565 rescued=4 dead=0 unreachable=0 never_detected=0 ff_deaths=0 terminal=220 completions=4 recycles=4 removals=4 returns=4 wall=338s [valid 164/238] src=2a36d14ad942 ext=ea7002772ad1 head=108a0adf55acdb5743cd70a347fc7810fbcefe24
[10:04:35] LAUNCH clKH_east_half_606 running=5 free_kb=8180672 sims_boxwide=4 attempt=1 src=2a36d14ad942 ext=ea7002772ad1 head=108a0adf55acdb5743cd70a347fc7810fbcefe24
[10:04:59] .. alive runid=20260927-033219-2062 event_age=24s | wave=s3crn total=238 valid=164 running=5 pending=69 launched=169 failed=0 gaveup=0 forkfail=0 free_kb=8180672 sims_boxwide=4 last_event_age=0s last_event_epoch=1790496275
[10:05:59] .. alive runid=20260927-033219-2062 event_age=84s | wave=s3crn total=238 valid=164 running=5 pending=69 launched=169 failed=0 gaveup=0 forkfail=0 free_kb=8180672 sims_boxwide=4 last_event_age=0s last_event_epoch=1790496275
[10:06:59] .. alive runid=20260927-033219-2062 event_age=144s | wave=s3crn total=238 valid=164 running=5 pending=69 launched=169 failed=0 gaveup=0 forkfail=0 free_kb=8180672 sims_boxwide=4 last_event_age=0s last_event_epoch=1790496275
[10:08:00] .. alive runid=20260927-033219-2062 event_age=205s | wave=s3crn total=238 valid=164 running=5 pending=69 launched=169 failed=0 gaveup=0 forkfail=0 free_kb=8180672 sims_boxwide=4 last_event_age=0s last_event_epoch=1790496275
[10:09:00] .. alive runid=20260927-033219-2062 event_age=265s | wave=s3crn total=238 valid=164 running=5 pending=69 launched=169 failed=0 gaveup=0 forkfail=0 free_kb=8180672 sims_boxwide=4 last_event_age=0s last_event_epoch=1790496275
[10:10:00] .. alive runid=20260927-033219-2062 event_age=325s | wave=s3crn total=238 valid=164 running=5 pending=69 launched=169 failed=0 gaveup=0 forkfail=0 free_kb=8180672 sims_boxwide=4 last_event_age=0s last_event_epoch=1790496275
[10:10:11] DONE clKH_east_half_111 rc=0 639s clKH east/half seed=111 rescued=4 dead=0 unreachable=0 never_detected=0 ff_deaths=0 terminal=174 completions=4 recycles=4 removals=4 returns=4 wall=638s [valid 165/238] src=2a36d14ad942 ext=ea7002772ad1 head=108a0adf55acdb5743cd70a347fc7810fbcefe24
[10:10:12] LAUNCH clKH_east_half_808 running=5 free_kb=8188000 sims_boxwide=4 attempt=1 src=2a36d14ad942 ext=ea7002772ad1 head=108a0adf55acdb5743cd70a347fc7810fbcefe24
[10:11:00] .. alive runid=20260927-033219-2062 event_age=48s | wave=s3crn total=238 valid=165 running=5 pending=68 launched=170 failed=0 gaveup=0 forkfail=0 free_kb=8188000 sims_boxwide=4 last_event_age=0s last_event_epoch=1790496612
[10:11:55] DONE clKH_east_half_222 rc=0 609s clKH east/half seed=222 rescued=4 dead=0 unreachable=0 never_detected=0 ff_deaths=0 terminal=163 completions=4 recycles=4 removals=4 returns=4 wall=607s [valid 166/238] src=2a36d14ad942 ext=ea7002772ad1 head=108a0adf55acdb5743cd70a347fc7810fbcefe24
[10:11:56] LAUNCH clKH_east_half_909 running=5 free_kb=8228564 sims_boxwide=4 attempt=1 src=2a36d14ad942 ext=ea7002772ad1 head=108a0adf55acdb5743cd70a347fc7810fbcefe24
[10:12:00] .. alive runid=20260927-033219-2062 event_age=4s | wave=s3crn total=238 valid=166 running=5 pending=67 launched=171 failed=0 gaveup=0 forkfail=0 free_kb=8228564 sims_boxwide=4 last_event_age=0s last_event_epoch=1790496716
[10:13:00] .. alive runid=20260927-033219-2062 event_age=64s | wave=s3crn total=238 valid=166 running=5 pending=67 launched=171 failed=0 gaveup=0 forkfail=0 free_kb=8228564 sims_boxwide=4 last_event_age=0s last_event_epoch=1790496716
[10:13:52] DONE clKH_east_half_333 rc=0 656s clKH east/half seed=333 rescued=4 dead=0 unreachable=0 never_detected=0 ff_deaths=0 terminal=172 completions=4 recycles=4 removals=4 returns=4 wall=655s [valid 167/238] src=2a36d14ad942 ext=ea7002772ad1 head=108a0adf55acdb5743cd70a347fc7810fbcefe24
[10:13:53] LAUNCH clKA_east_half_2070841104 running=5 free_kb=8264920 sims_boxwide=4 attempt=1 src=2a36d14ad942 ext=ea7002772ad1 head=108a0adf55acdb5743cd70a347fc7810fbcefe24
[10:14:00] .. alive runid=20260927-033219-2062 event_age=7s | wave=s3crn total=238 valid=167 running=5 pending=66 launched=172 failed=0 gaveup=0 forkfail=0 free_kb=8264920 sims_boxwide=4 last_event_age=0s last_event_epoch=1790496833
[10:14:10] DONE clKH_east_half_444 rc=0 637s clKH east/half seed=444 rescued=2 dead=2 unreachable=0 never_detected=0 ff_deaths=1 terminal=165 completions=2 recycles=2 removals=2 returns=2 wall=636s [valid 168/238] src=2a36d14ad942 ext=ea7002772ad1 head=108a0adf55acdb5743cd70a347fc7810fbcefe24
[10:14:11] LAUNCH clKA_east_half_1147610331 running=5 free_kb=8321972 sims_boxwide=4 attempt=1 src=2a36d14ad942 ext=ea7002772ad1 head=108a0adf55acdb5743cd70a347fc7810fbcefe24
[10:15:00] .. alive runid=20260927-033219-2062 event_age=49s | wave=s3crn total=238 valid=168 running=5 pending=65 launched=173 failed=0 gaveup=0 forkfail=0 free_kb=8321972 sims_boxwide=4 last_event_age=0s last_event_epoch=1790496851
[10:16:00] .. alive runid=20260927-033219-2062 event_age=109s | wave=s3crn total=238 valid=168 running=5 pending=65 launched=173 failed=0 gaveup=0 forkfail=0 free_kb=8321972 sims_boxwide=4 last_event_age=0s last_event_epoch=1790496851
[10:16:52] DONE clKH_east_half_606 rc=0 736s clKH east/half seed=606 rescued=4 dead=0 unreachable=0 never_detected=0 ff_deaths=0 terminal=220 completions=4 recycles=4 removals=4 returns=4 wall=735s [valid 169/238] src=2a36d14ad942 ext=ea7002772ad1 head=108a0adf55acdb5743cd70a347fc7810fbcefe24
[10:16:53] LAUNCH clKA_east_half_1291443119 running=5 free_kb=8264876 sims_boxwide=4 attempt=1 src=2a36d14ad942 ext=ea7002772ad1 head=108a0adf55acdb5743cd70a347fc7810fbcefe24
[10:17:00] .. alive runid=20260927-033219-2062 event_age=7s | wave=s3crn total=238 valid=169 running=5 pending=64 launched=174 failed=0 gaveup=0 forkfail=0 free_kb=8264876 sims_boxwide=4 last_event_age=0s last_event_epoch=1790497013
[10:18:00] .. alive runid=20260927-033219-2062 event_age=67s | wave=s3crn total=238 valid=169 running=5 pending=64 launched=174 failed=0 gaveup=0 forkfail=0 free_kb=8264876 sims_boxwide=4 last_event_age=0s last_event_epoch=1790497013
[10:18:31] DONE clKH_east_half_808 rc=0 499s clKH east/half seed=808 rescued=3 dead=1 unreachable=0 never_detected=0 ff_deaths=0 terminal=99 completions=3 recycles=3 removals=3 returns=3 wall=497s [valid 170/238] src=2a36d14ad942 ext=ea7002772ad1 head=108a0adf55acdb5743cd70a347fc7810fbcefe24
[10:18:33] LAUNCH clKA_east_half_1433805104 running=5 free_kb=8246252 sims_boxwide=4 attempt=1 src=2a36d14ad942 ext=ea7002772ad1 head=108a0adf55acdb5743cd70a347fc7810fbcefe24
[10:19:00] .. alive runid=20260927-033219-2062 event_age=28s | wave=s3crn total=238 valid=170 running=5 pending=63 launched=175 failed=0 gaveup=0 forkfail=0 free_kb=8246252 sims_boxwide=4 last_event_age=1s last_event_epoch=1790497112
[10:20:00] .. alive runid=20260927-033219-2062 event_age=88s | wave=s3crn total=238 valid=170 running=5 pending=63 launched=175 failed=0 gaveup=0 forkfail=0 free_kb=8246252 sims_boxwide=4 last_event_age=1s last_event_epoch=1790497112
[10:21:01] .. alive runid=20260927-033219-2062 event_age=149s | wave=s3crn total=238 valid=170 running=5 pending=63 launched=175 failed=0 gaveup=0 forkfail=0 free_kb=8246252 sims_boxwide=4 last_event_age=1s last_event_epoch=1790497112
[10:22:01] .. alive runid=20260927-033219-2062 event_age=209s | wave=s3crn total=238 valid=170 running=5 pending=63 launched=175 failed=0 gaveup=0 forkfail=0 free_kb=8246252 sims_boxwide=4 last_event_age=1s last_event_epoch=1790497112
[10:22:56] DONE clKA_east_half_2070841104 rc=0 542s clKA east/half seed=2070841104 rescued=4 dead=0 unreachable=0 never_detected=0 ff_deaths=0 terminal=126 completions=4 recycles=4 removals=4 returns=4 wall=540s [valid 171/238] src=2a36d14ad942 ext=ea7002772ad1 head=108a0adf55acdb5743cd70a347fc7810fbcefe24
[10:22:57] LAUNCH clKA_east_half_1636723358 running=5 free_kb=8050108 sims_boxwide=4 attempt=1 src=2a36d14ad942 ext=ea7002772ad1 head=108a0adf55acdb5743cd70a347fc7810fbcefe24
[10:23:01] .. alive runid=20260927-033219-2062 event_age=4s | wave=s3crn total=238 valid=171 running=5 pending=62 launched=176 failed=0 gaveup=0 forkfail=0 free_kb=8050108 sims_boxwide=4 last_event_age=0s last_event_epoch=1790497377
[10:23:10] DONE clKA_east_half_1147610331 rc=0 538s clKA east/half seed=1147610331 rescued=2 dead=2 unreachable=0 never_detected=0 ff_deaths=0 terminal=111 completions=2 recycles=2 removals=2 returns=2 wall=528s [valid 172/238] src=2a36d14ad942 ext=ea7002772ad1 head=108a0adf55acdb5743cd70a347fc7810fbcefe24
[10:23:12] LAUNCH clKA_east_half_1252362635 running=5 free_kb=8087180 sims_boxwide=4 attempt=1 src=2a36d14ad942 ext=ea7002772ad1 head=108a0adf55acdb5743cd70a347fc7810fbcefe24
[10:24:01] .. alive runid=20260927-033219-2062 event_age=49s | wave=s3crn total=238 valid=172 running=5 pending=61 launched=177 failed=0 gaveup=0 forkfail=0 free_kb=8087180 sims_boxwide=4 last_event_age=0s last_event_epoch=1790497392
[10:25:01] .. alive runid=20260927-033219-2062 event_age=109s | wave=s3crn total=238 valid=172 running=5 pending=61 launched=177 failed=0 gaveup=0 forkfail=0 free_kb=8087180 sims_boxwide=4 last_event_age=0s last_event_epoch=1790497392
[10:26:01] .. alive runid=20260927-033219-2062 event_age=169s | wave=s3crn total=238 valid=172 running=5 pending=61 launched=177 failed=0 gaveup=0 forkfail=0 free_kb=8087180 sims_boxwide=4 last_event_age=0s last_event_epoch=1790497392
[10:27:01] .. alive runid=20260927-033219-2062 event_age=229s | wave=s3crn total=238 valid=172 running=5 pending=61 launched=177 failed=0 gaveup=0 forkfail=0 free_kb=8087180 sims_boxwide=4 last_event_age=0s last_event_epoch=1790497392
[10:27:58] DONE clKH_east_half_909 rc=0 962s clKH east/half seed=909 rescued=4 dead=0 unreachable=0 never_detected=0 ff_deaths=1 terminal=256 completions=4 recycles=4 removals=4 returns=4 wall=960s [valid 173/238] src=2a36d14ad942 ext=ea7002772ad1 head=108a0adf55acdb5743cd70a347fc7810fbcefe24
[10:28:00] LAUNCH clKA_east_half_294124329 running=5 free_kb=7973056 sims_boxwide=4 attempt=1 src=2a36d14ad942 ext=ea7002772ad1 head=108a0adf55acdb5743cd70a347fc7810fbcefe24
[10:28:01] .. alive runid=20260927-033219-2062 event_age=1s | wave=s3crn total=238 valid=173 running=5 pending=60 launched=178 failed=0 gaveup=0 forkfail=0 free_kb=7973056 sims_boxwide=4 last_event_age=0s last_event_epoch=1790497680
[10:29:01] .. alive runid=20260927-033219-2062 event_age=61s | wave=s3crn total=238 valid=173 running=5 pending=60 launched=178 failed=0 gaveup=0 forkfail=0 free_kb=7973056 sims_boxwide=4 last_event_age=0s last_event_epoch=1790497680
[10:29:59] DONE clKA_east_half_1433805104 rc=0 686s clKA east/half seed=1433805104 rescued=3 dead=1 unreachable=0 never_detected=0 ff_deaths=0 terminal=99 completions=3 recycles=3 removals=3 returns=3 wall=684s [valid 174/238] src=2a36d14ad942 ext=ea7002772ad1 head=108a0adf55acdb5743cd70a347fc7810fbcefe24
[10:30:00] LAUNCH clKA_east_half_1723100518 running=5 free_kb=8002060 sims_boxwide=4 attempt=1 src=2a36d14ad942 ext=ea7002772ad1 head=108a0adf55acdb5743cd70a347fc7810fbcefe24
[10:30:01] .. alive runid=20260927-033219-2062 event_age=1s | wave=s3crn total=238 valid=174 running=5 pending=59 launched=179 failed=0 gaveup=0 forkfail=0 free_kb=8002060 sims_boxwide=4 last_event_age=0s last_event_epoch=1790497800
[10:31:01] .. alive runid=20260927-033219-2062 event_age=61s | wave=s3crn total=238 valid=174 running=5 pending=59 launched=179 failed=0 gaveup=0 forkfail=0 free_kb=8002060 sims_boxwide=4 last_event_age=0s last_event_epoch=1790497800
[10:32:02] .. alive runid=20260927-033219-2062 event_age=122s | wave=s3crn total=238 valid=174 running=5 pending=59 launched=179 failed=0 gaveup=0 forkfail=0 free_kb=8002060 sims_boxwide=4 last_event_age=0s last_event_epoch=1790497800
[10:32:12] DONE clKA_east_half_1291443119 rc=0 918s clKA east/half seed=1291443119 rescued=3 dead=0 unreachable=1 never_detected=1 ff_deaths=0 terminal=210 completions=3 recycles=3 removals=3 returns=3 wall=916s [valid 175/238] src=2a36d14ad942 ext=ea7002772ad1 head=108a0adf55acdb5743cd70a347fc7810fbcefe24
[10:32:13] LAUNCH clKA_east_half_1532569567 running=5 free_kb=8181636 sims_boxwide=4 attempt=1 src=2a36d14ad942 ext=ea7002772ad1 head=108a0adf55acdb5743cd70a347fc7810fbcefe24
[10:33:02] .. alive runid=20260927-033219-2062 event_age=49s | wave=s3crn total=238 valid=175 running=5 pending=58 launched=180 failed=0 gaveup=0 forkfail=0 free_kb=8181636 sims_boxwide=4 last_event_age=0s last_event_epoch=1790497933
[10:34:02] .. alive runid=20260927-033219-2062 event_age=109s | wave=s3crn total=238 valid=175 running=5 pending=58 launched=180 failed=0 gaveup=0 forkfail=0 free_kb=8181636 sims_boxwide=4 last_event_age=0s last_event_epoch=1790497933
[10:35:02] .. alive runid=20260927-033219-2062 event_age=169s | wave=s3crn total=238 valid=175 running=5 pending=58 launched=180 failed=0 gaveup=0 forkfail=0 free_kb=8181636 sims_boxwide=4 last_event_age=0s last_event_epoch=1790497933
[10:36:02] .. alive runid=20260927-033219-2062 event_age=229s | wave=s3crn total=238 valid=175 running=5 pending=58 launched=180 failed=0 gaveup=0 forkfail=0 free_kb=8181636 sims_boxwide=4 last_event_age=0s last_event_epoch=1790497933
[10:37:02] .. alive runid=20260927-033219-2062 event_age=289s | wave=s3crn total=238 valid=175 running=5 pending=58 launched=180 failed=0 gaveup=0 forkfail=0 free_kb=8181636 sims_boxwide=4 last_event_age=0s last_event_epoch=1790497933
[10:38:02] .. alive runid=20260927-033219-2062 event_age=349s | wave=s3crn total=238 valid=175 running=5 pending=58 launched=180 failed=0 gaveup=0 forkfail=0 free_kb=8181636 sims_boxwide=4 last_event_age=0s last_event_epoch=1790497933
[10:38:35] DONE clKA_east_half_1252362635 rc=0 922s clKA east/half seed=1252362635 rescued=3 dead=1 unreachable=0 never_detected=0 ff_deaths=0 terminal=131 completions=3 recycles=3 removals=3 returns=3 wall=920s [valid 176/238] src=2a36d14ad942 ext=ea7002772ad1 head=108a0adf55acdb5743cd70a347fc7810fbcefe24
[10:38:36] LAUNCH clKA_east_half_498896028 running=5 free_kb=8075172 sims_boxwide=4 attempt=1 src=2a36d14ad942 ext=ea7002772ad1 head=108a0adf55acdb5743cd70a347fc7810fbcefe24
[10:38:52] DONE clKA_east_half_1636723358 rc=0 954s clKA east/half seed=1636723358 rescued=3 dead=1 unreachable=0 never_detected=0 ff_deaths=1 terminal=145 completions=3 recycles=3 removals=3 returns=3 wall=952s [valid 177/238] src=2a36d14ad942 ext=ea7002772ad1 head=108a0adf55acdb5743cd70a347fc7810fbcefe24
[10:38:53] LAUNCH clKA_east_half_1401495347 running=5 free_kb=8137260 sims_boxwide=4 attempt=1 src=2a36d14ad942 ext=ea7002772ad1 head=108a0adf55acdb5743cd70a347fc7810fbcefe24
[10:39:02] .. alive runid=20260927-033219-2062 event_age=9s | wave=s3crn total=238 valid=177 running=5 pending=56 launched=182 failed=0 gaveup=0 forkfail=0 free_kb=8137260 sims_boxwide=4 last_event_age=0s last_event_epoch=1790498333
[10:40:02] .. alive runid=20260927-033219-2062 event_age=69s | wave=s3crn total=238 valid=177 running=5 pending=56 launched=182 failed=0 gaveup=0 forkfail=0 free_kb=8137260 sims_boxwide=4 last_event_age=0s last_event_epoch=1790498333
[10:41:02] .. alive runid=20260927-033219-2062 event_age=129s | wave=s3crn total=238 valid=177 running=5 pending=56 launched=182 failed=0 gaveup=0 forkfail=0 free_kb=8137260 sims_boxwide=4 last_event_age=0s last_event_epoch=1790498333
[10:42:02] .. alive runid=20260927-033219-2062 event_age=189s | wave=s3crn total=238 valid=177 running=5 pending=56 launched=182 failed=0 gaveup=0 forkfail=0 free_kb=8137260 sims_boxwide=4 last_event_age=0s last_event_epoch=1790498333
[10:42:13] DONE clKA_east_half_294124329 rc=0 852s clKA east/half seed=294124329 rescued=4 dead=0 unreachable=0 never_detected=0 ff_deaths=0 terminal=132 completions=4 recycles=4 removals=4 returns=4 wall=850s [valid 178/238] src=2a36d14ad942 ext=ea7002772ad1 head=108a0adf55acdb5743cd70a347fc7810fbcefe24
[10:42:14] LAUNCH clKA_east_half_133894353 running=5 free_kb=8212052 sims_boxwide=4 attempt=1 src=2a36d14ad942 ext=ea7002772ad1 head=108a0adf55acdb5743cd70a347fc7810fbcefe24
[10:43:03] .. alive runid=20260927-033219-2062 event_age=49s | wave=s3crn total=238 valid=178 running=5 pending=55 launched=183 failed=0 gaveup=0 forkfail=0 free_kb=8212052 sims_boxwide=4 last_event_age=0s last_event_epoch=1790498534
[10:44:03] .. alive runid=20260927-033219-2062 event_age=109s | wave=s3crn total=238 valid=178 running=5 pending=55 launched=183 failed=0 gaveup=0 forkfail=0 free_kb=8212052 sims_boxwide=4 last_event_age=0s last_event_epoch=1790498534
[10:45:03] .. alive runid=20260927-033219-2062 event_age=169s | wave=s3crn total=238 valid=178 running=5 pending=55 launched=183 failed=0 gaveup=0 forkfail=0 free_kb=8212052 sims_boxwide=4 last_event_age=0s last_event_epoch=1790498534
[10:46:03] .. alive runid=20260927-033219-2062 event_age=229s | wave=s3crn total=238 valid=178 running=5 pending=55 launched=183 failed=0 gaveup=0 forkfail=0 free_kb=8212052 sims_boxwide=4 last_event_age=0s last_event_epoch=1790498534
[10:46:28] DONE clKA_east_half_1532569567 rc=0 855s clKA east/half seed=1532569567 rescued=3 dead=1 unreachable=0 never_detected=0 ff_deaths=0 terminal=94 completions=3 recycles=3 removals=3 returns=3 wall=853s [valid 179/238] src=2a36d14ad942 ext=ea7002772ad1 head=108a0adf55acdb5743cd70a347fc7810fbcefe24
[10:46:30] LAUNCH clKA_east_half_1788979460 running=5 free_kb=8113848 sims_boxwide=4 attempt=1 src=2a36d14ad942 ext=ea7002772ad1 head=108a0adf55acdb5743cd70a347fc7810fbcefe24
[10:47:03] .. alive runid=20260927-033219-2062 event_age=33s | wave=s3crn total=238 valid=179 running=5 pending=54 launched=184 failed=0 gaveup=0 forkfail=0 free_kb=8113848 sims_boxwide=4 last_event_age=0s last_event_epoch=1790498790
[10:48:03] .. alive runid=20260927-033219-2062 event_age=93s | wave=s3crn total=238 valid=179 running=5 pending=54 launched=184 failed=0 gaveup=0 forkfail=0 free_kb=8113848 sims_boxwide=4 last_event_age=0s last_event_epoch=1790498790
[10:48:06] DONE clKA_east_half_1723100518 rc=0 1085s clKA east/half seed=1723100518 rescued=2 dead=2 unreachable=0 never_detected=0 ff_deaths=0 terminal=162 completions=2 recycles=2 removals=2 returns=2 wall=1083s [valid 180/238] src=2a36d14ad942 ext=ea7002772ad1 head=108a0adf55acdb5743cd70a347fc7810fbcefe24
[10:48:07] LAUNCH clKA_south_half_1486866530 running=5 free_kb=8144044 sims_boxwide=4 attempt=1 src=2a36d14ad942 ext=ea7002772ad1 head=108a0adf55acdb5743cd70a347fc7810fbcefe24
[10:49:03] .. alive runid=20260927-033219-2062 event_age=56s | wave=s3crn total=238 valid=180 running=5 pending=53 launched=185 failed=0 gaveup=0 forkfail=0 free_kb=8144044 sims_boxwide=4 last_event_age=0s last_event_epoch=1790498887
[10:50:03] .. alive runid=20260927-033219-2062 event_age=116s | wave=s3crn total=238 valid=180 running=5 pending=53 launched=185 failed=0 gaveup=0 forkfail=0 free_kb=8144044 sims_boxwide=4 last_event_age=0s last_event_epoch=1790498887
[10:51:03] .. alive runid=20260927-033219-2062 event_age=176s | wave=s3crn total=238 valid=180 running=5 pending=53 launched=185 failed=0 gaveup=0 forkfail=0 free_kb=8144044 sims_boxwide=4 last_event_age=0s last_event_epoch=1790498887
[10:52:03] .. alive runid=20260927-033219-2062 event_age=236s | wave=s3crn total=238 valid=180 running=5 pending=53 launched=185 failed=0 gaveup=0 forkfail=0 free_kb=8144044 sims_boxwide=4 last_event_age=0s last_event_epoch=1790498887
[10:53:03] .. alive runid=20260927-033219-2062 event_age=296s | wave=s3crn total=238 valid=180 running=5 pending=53 launched=185 failed=0 gaveup=0 forkfail=0 free_kb=8144044 sims_boxwide=4 last_event_age=0s last_event_epoch=1790498887
[10:54:04] .. alive runid=20260927-033219-2062 event_age=357s | wave=s3crn total=238 valid=180 running=5 pending=53 launched=185 failed=0 gaveup=0 forkfail=0 free_kb=8144044 sims_boxwide=4 last_event_age=0s last_event_epoch=1790498887
[10:54:29] DONE clKA_east_half_1401495347 rc=0 935s clKA east/half seed=1401495347 rescued=2 dead=2 unreachable=0 never_detected=0 ff_deaths=0 terminal=198 completions=2 recycles=2 removals=2 returns=2 wall=933s [valid 181/238] src=2a36d14ad942 ext=ea7002772ad1 head=108a0adf55acdb5743cd70a347fc7810fbcefe24
[10:54:30] LAUNCH clKA_south_half_536769381 running=5 free_kb=8027584 sims_boxwide=4 attempt=1 src=2a36d14ad942 ext=ea7002772ad1 head=108a0adf55acdb5743cd70a347fc7810fbcefe24
[10:55:04] .. alive runid=20260927-033219-2062 event_age=34s | wave=s3crn total=238 valid=181 running=5 pending=52 launched=186 failed=0 gaveup=0 forkfail=0 free_kb=8027584 sims_boxwide=4 last_event_age=0s last_event_epoch=1790499270
[10:56:04] .. alive runid=20260927-033219-2062 event_age=94s | wave=s3crn total=238 valid=181 running=5 pending=52 launched=186 failed=0 gaveup=0 forkfail=0 free_kb=8027584 sims_boxwide=4 last_event_age=0s last_event_epoch=1790499270
[10:56:07] DONE clKA_south_half_1486866530 rc=0 480s clKA south/half seed=1486866530 rescued=3 dead=1 unreachable=0 never_detected=0 ff_deaths=0 terminal=204 completions=3 recycles=3 removals=3 returns=3 wall=478s [valid 182/238] src=2a36d14ad942 ext=ea7002772ad1 head=108a0adf55acdb5743cd70a347fc7810fbcefe24
[10:56:09] LAUNCH clKA_south_half_791464433 running=5 free_kb=8086468 sims_boxwide=4 attempt=1 src=2a36d14ad942 ext=ea7002772ad1 head=108a0adf55acdb5743cd70a347fc7810fbcefe24
[10:56:55] DONE clKA_east_half_1788979460 rc=0 624s clKA east/half seed=1788979460 rescued=3 dead=1 unreachable=0 never_detected=0 ff_deaths=0 terminal=93 completions=3 recycles=3 removals=3 returns=3 wall=623s [valid 183/238] src=2a36d14ad942 ext=ea7002772ad1 head=108a0adf55acdb5743cd70a347fc7810fbcefe24
[10:56:56] LAUNCH clKA_south_half_706299103 running=5 free_kb=8094460 sims_boxwide=4 attempt=1 src=2a36d14ad942 ext=ea7002772ad1 head=108a0adf55acdb5743cd70a347fc7810fbcefe24
[10:57:04] .. alive runid=20260927-033219-2062 event_age=8s | wave=s3crn total=238 valid=183 running=5 pending=50 launched=188 failed=0 gaveup=0 forkfail=0 free_kb=8094460 sims_boxwide=4 last_event_age=0s last_event_epoch=1790499416
[10:58:02] DONE clKA_east_half_133894353 rc=0 947s clKA east/half seed=133894353 rescued=4 dead=0 unreachable=0 never_detected=0 ff_deaths=0 terminal=215 completions=4 recycles=4 removals=4 returns=4 wall=945s [valid 184/238] src=2a36d14ad942 ext=ea7002772ad1 head=108a0adf55acdb5743cd70a347fc7810fbcefe24
[10:58:03] LAUNCH clKA_south_half_1364948962 running=5 free_kb=8025868 sims_boxwide=4 attempt=1 src=2a36d14ad942 ext=ea7002772ad1 head=108a0adf55acdb5743cd70a347fc7810fbcefe24
[10:58:04] .. alive runid=20260927-033219-2062 event_age=1s | wave=s3crn total=238 valid=184 running=5 pending=49 launched=189 failed=0 gaveup=0 forkfail=0 free_kb=8025868 sims_boxwide=4 last_event_age=0s last_event_epoch=1790499483
[10:58:41] DONE clKA_east_half_498896028 rc=0 1205s clKA east/half seed=498896028 rescued=4 dead=0 unreachable=0 never_detected=0 ff_deaths=0 terminal=265 completions=4 recycles=4 removals=4 returns=4 wall=1203s [valid 185/238] src=2a36d14ad942 ext=ea7002772ad1 head=108a0adf55acdb5743cd70a347fc7810fbcefe24
[10:58:43] LAUNCH clKA_south_half_937041678 running=5 free_kb=8112704 sims_boxwide=4 attempt=1 src=2a36d14ad942 ext=ea7002772ad1 head=108a0adf55acdb5743cd70a347fc7810fbcefe24
[10:59:04] .. alive runid=20260927-033219-2062 event_age=21s | wave=s3crn total=238 valid=185 running=5 pending=48 launched=190 failed=0 gaveup=0 forkfail=0 free_kb=8112704 sims_boxwide=4 last_event_age=0s last_event_epoch=1790499523
[10:59:12] DONE clKA_south_half_536769381 rc=0 282s clKA south/half seed=536769381 rescued=4 dead=0 unreachable=0 never_detected=0 ff_deaths=0 terminal=113 completions=4 recycles=4 removals=4 returns=4 wall=280s [valid 186/238] src=2a36d14ad942 ext=ea7002772ad1 head=108a0adf55acdb5743cd70a347fc7810fbcefe24
[10:59:14] LAUNCH clKA_south_half_954838929 running=5 free_kb=8188292 sims_boxwide=4 attempt=1 src=2a36d14ad942 ext=ea7002772ad1 head=108a0adf55acdb5743cd70a347fc7810fbcefe24
[11:00:04] .. alive runid=20260927-033219-2062 event_age=50s | wave=s3crn total=238 valid=186 running=5 pending=47 launched=191 failed=0 gaveup=0 forkfail=0 free_kb=8188292 sims_boxwide=4 last_event_age=0s last_event_epoch=1790499554
[11:01:04] .. alive runid=20260927-033219-2062 event_age=110s | wave=s3crn total=238 valid=186 running=5 pending=47 launched=191 failed=0 gaveup=0 forkfail=0 free_kb=8188292 sims_boxwide=4 last_event_age=0s last_event_epoch=1790499554
[11:02:04] .. alive runid=20260927-033219-2062 event_age=170s | wave=s3crn total=238 valid=186 running=5 pending=47 launched=191 failed=0 gaveup=0 forkfail=0 free_kb=8188292 sims_boxwide=4 last_event_age=0s last_event_epoch=1790499554
[11:03:04] .. alive runid=20260927-033219-2062 event_age=230s | wave=s3crn total=238 valid=186 running=5 pending=47 launched=191 failed=0 gaveup=0 forkfail=0 free_kb=8188292 sims_boxwide=4 last_event_age=0s last_event_epoch=1790499554
[11:03:25] DONE clKA_south_half_706299103 rc=0 388s clKA south/half seed=706299103 rescued=4 dead=0 unreachable=0 never_detected=0 ff_deaths=1 terminal=172 completions=4 recycles=4 removals=4 returns=4 wall=386s [valid 187/238] src=2a36d14ad942 ext=ea7002772ad1 head=108a0adf55acdb5743cd70a347fc7810fbcefe24
[11:03:26] LAUNCH clKA_south_half_139925734 running=5 free_kb=7921528 sims_boxwide=4 attempt=1 src=2a36d14ad942 ext=ea7002772ad1 head=108a0adf55acdb5743cd70a347fc7810fbcefe24
[11:04:04] .. alive runid=20260927-033219-2062 event_age=38s | wave=s3crn total=238 valid=187 running=5 pending=46 launched=192 failed=0 gaveup=0 forkfail=0 free_kb=7921528 sims_boxwide=4 last_event_age=0s last_event_epoch=1790499806
[11:04:13] DONE clKA_south_half_791464433 rc=0 483s clKA south/half seed=791464433 rescued=4 dead=0 unreachable=0 never_detected=0 ff_deaths=1 terminal=265 completions=4 recycles=4 removals=4 returns=4 wall=482s [valid 188/238] src=2a36d14ad942 ext=ea7002772ad1 head=108a0adf55acdb5743cd70a347fc7810fbcefe24
[11:04:14] LAUNCH clKA_south_half_1624156665 running=5 free_kb=8075148 sims_boxwide=4 attempt=1 src=2a36d14ad942 ext=ea7002772ad1 head=108a0adf55acdb5743cd70a347fc7810fbcefe24
[11:04:46] DONE clKA_south_half_1364948962 rc=0 402s clKA south/half seed=1364948962 rescued=4 dead=0 unreachable=0 never_detected=0 ff_deaths=0 terminal=149 completions=4 recycles=4 removals=4 returns=4 wall=400s [valid 189/238] src=2a36d14ad942 ext=ea7002772ad1 head=108a0adf55acdb5743cd70a347fc7810fbcefe24
[11:04:47] LAUNCH clKA_south_half_285242396 running=5 free_kb=8060360 sims_boxwide=4 attempt=1 src=2a36d14ad942 ext=ea7002772ad1 head=108a0adf55acdb5743cd70a347fc7810fbcefe24
[11:05:04] .. alive runid=20260927-033219-2062 event_age=17s | wave=s3crn total=238 valid=189 running=5 pending=44 launched=194 failed=0 gaveup=0 forkfail=0 free_kb=8060360 sims_boxwide=4 last_event_age=0s last_event_epoch=1790499887
[11:05:58] DONE clKA_south_half_937041678 rc=0 434s clKA south/half seed=937041678 rescued=4 dead=0 unreachable=0 never_detected=0 ff_deaths=1 terminal=173 completions=4 recycles=4 removals=4 returns=4 wall=433s [valid 190/238] src=2a36d14ad942 ext=ea7002772ad1 head=108a0adf55acdb5743cd70a347fc7810fbcefe24
[11:05:59] LAUNCH clKA_south_half_573250932 running=5 free_kb=8117232 sims_boxwide=4 attempt=1 src=2a36d14ad942 ext=ea7002772ad1 head=108a0adf55acdb5743cd70a347fc7810fbcefe24
[11:06:05] .. alive runid=20260927-033219-2062 event_age=6s | wave=s3crn total=238 valid=190 running=5 pending=43 launched=195 failed=0 gaveup=0 forkfail=0 free_kb=8117232 sims_boxwide=4 last_event_age=0s last_event_epoch=1790499959
[11:06:26] DONE clKA_south_half_954838929 rc=0 431s clKA south/half seed=954838929 rescued=3 dead=1 unreachable=0 never_detected=0 ff_deaths=0 terminal=95 completions=3 recycles=3 removals=3 returns=3 wall=429s [valid 191/238] src=2a36d14ad942 ext=ea7002772ad1 head=108a0adf55acdb5743cd70a347fc7810fbcefe24
[11:06:27] LAUNCH clKA_south_half_1048395951 running=5 free_kb=8101300 sims_boxwide=4 attempt=1 src=2a36d14ad942 ext=ea7002772ad1 head=108a0adf55acdb5743cd70a347fc7810fbcefe24
[11:07:05] .. alive runid=20260927-033219-2062 event_age=38s | wave=s3crn total=238 valid=191 running=5 pending=42 launched=196 failed=0 gaveup=0 forkfail=0 free_kb=8101300 sims_boxwide=4 last_event_age=0s last_event_epoch=1790499987
[11:08:05] .. alive runid=20260927-033219-2062 event_age=98s | wave=s3crn total=238 valid=191 running=5 pending=42 launched=196 failed=0 gaveup=0 forkfail=0 free_kb=8101300 sims_boxwide=4 last_event_age=0s last_event_epoch=1790499987
[11:09:05] .. alive runid=20260927-033219-2062 event_age=158s | wave=s3crn total=238 valid=191 running=5 pending=42 launched=196 failed=0 gaveup=0 forkfail=0 free_kb=8101300 sims_boxwide=4 last_event_age=0s last_event_epoch=1790499987
[11:10:05] .. alive runid=20260927-033219-2062 event_age=218s | wave=s3crn total=238 valid=191 running=5 pending=42 launched=196 failed=0 gaveup=0 forkfail=0 free_kb=8101300 sims_boxwide=4 last_event_age=0s last_event_epoch=1790499987
[11:11:05] .. alive runid=20260927-033219-2062 event_age=278s | wave=s3crn total=238 valid=191 running=5 pending=42 launched=196 failed=0 gaveup=0 forkfail=0 free_kb=8101300 sims_boxwide=4 last_event_age=0s last_event_epoch=1790499987
[11:12:05] .. alive runid=20260927-033219-2062 event_age=338s | wave=s3crn total=238 valid=191 running=5 pending=42 launched=196 failed=0 gaveup=0 forkfail=0 free_kb=8101300 sims_boxwide=4 last_event_age=0s last_event_epoch=1790499987
[11:12:30] DONE clKA_south_half_1624156665 rc=0 495s clKA south/half seed=1624156665 rescued=4 dead=0 unreachable=0 never_detected=0 ff_deaths=0 terminal=134 completions=4 recycles=4 removals=4 returns=4 wall=493s [valid 192/238] src=2a36d14ad942 ext=ea7002772ad1 head=108a0adf55acdb5743cd70a347fc7810fbcefe24
[11:12:31] LAUNCH clKA_south_half_903347495 running=5 free_kb=8121544 sims_boxwide=4 attempt=1 src=2a36d14ad942 ext=ea7002772ad1 head=108a0adf55acdb5743cd70a347fc7810fbcefe24
[11:13:05] .. alive runid=20260927-033219-2062 event_age=34s | wave=s3crn total=238 valid=192 running=5 pending=41 launched=197 failed=0 gaveup=0 forkfail=0 free_kb=8121544 sims_boxwide=4 last_event_age=0s last_event_epoch=1790500351
[11:14:05] .. alive runid=20260927-033219-2062 event_age=94s | wave=s3crn total=238 valid=192 running=5 pending=41 launched=197 failed=0 gaveup=0 forkfail=0 free_kb=8121544 sims_boxwide=4 last_event_age=0s last_event_epoch=1790500351
[11:14:36] DONE clKA_south_half_285242396 rc=0 589s clKA south/half seed=285242396 rescued=4 dead=0 unreachable=0 never_detected=0 ff_deaths=0 terminal=246 completions=4 recycles=4 removals=4 returns=4 wall=587s [valid 193/238] src=2a36d14ad942 ext=ea7002772ad1 head=108a0adf55acdb5743cd70a347fc7810fbcefe24
[11:14:37] DONE clKA_south_half_139925734 rc=0 670s clKA south/half seed=139925734 rescued=3 dead=1 unreachable=0 never_detected=0 ff_deaths=0 terminal=100 completions=3 recycles=3 removals=3 returns=3 wall=668s [valid 194/238] src=2a36d14ad942 ext=ea7002772ad1 head=108a0adf55acdb5743cd70a347fc7810fbcefe24
[11:14:38] LAUNCH clKA_east_def_2038269169 running=4 free_kb=8887240 sims_boxwide=3 attempt=1 src=2a36d14ad942 ext=ea7002772ad1 head=108a0adf55acdb5743cd70a347fc7810fbcefe24
[11:14:52] LAUNCH clKA_east_def_1749069988 running=5 free_kb=8112852 sims_boxwide=4 attempt=1 src=2a36d14ad942 ext=ea7002772ad1 head=108a0adf55acdb5743cd70a347fc7810fbcefe24
[11:15:05] .. alive runid=20260927-033219-2062 event_age=13s | wave=s3crn total=238 valid=194 running=5 pending=39 launched=199 failed=0 gaveup=0 forkfail=0 free_kb=8112852 sims_boxwide=4 last_event_age=0s last_event_epoch=1790500492
[11:15:44] DONE clKA_south_half_573250932 rc=0 584s clKA south/half seed=573250932 rescued=4 dead=0 unreachable=0 never_detected=0 ff_deaths=0 terminal=229 completions=4 recycles=4 removals=4 returns=4 wall=582s [valid 195/238] src=2a36d14ad942 ext=ea7002772ad1 head=108a0adf55acdb5743cd70a347fc7810fbcefe24
[11:15:45] LAUNCH clKA_east_def_1420331661 running=5 free_kb=8161900 sims_boxwide=4 attempt=1 src=2a36d14ad942 ext=ea7002772ad1 head=108a0adf55acdb5743cd70a347fc7810fbcefe24
[11:16:05] .. alive runid=20260927-033219-2062 event_age=20s | wave=s3crn total=238 valid=195 running=5 pending=38 launched=200 failed=0 gaveup=0 forkfail=0 free_kb=8161900 sims_boxwide=4 last_event_age=0s last_event_epoch=1790500545
[11:17:06] .. alive runid=20260927-033219-2062 event_age=81s | wave=s3crn total=238 valid=195 running=5 pending=38 launched=200 failed=0 gaveup=0 forkfail=0 free_kb=8161900 sims_boxwide=4 last_event_age=0s last_event_epoch=1790500545
[11:18:06] .. alive runid=20260927-033219-2062 event_age=141s | wave=s3crn total=238 valid=195 running=5 pending=38 launched=200 failed=0 gaveup=0 forkfail=0 free_kb=8161900 sims_boxwide=4 last_event_age=0s last_event_epoch=1790500545
[11:18:33] DONE clKA_south_half_1048395951 rc=0 725s clKA south/half seed=1048395951 rescued=3 dead=1 unreachable=0 never_detected=0 ff_deaths=1 terminal=198 completions=3 recycles=3 removals=3 returns=3 wall=724s [valid 196/238] src=2a36d14ad942 ext=ea7002772ad1 head=108a0adf55acdb5743cd70a347fc7810fbcefe24
[11:18:34] LAUNCH clKA_east_def_1480870832 running=5 free_kb=8093432 sims_boxwide=4 attempt=1 src=2a36d14ad942 ext=ea7002772ad1 head=108a0adf55acdb5743cd70a347fc7810fbcefe24
[11:19:06] .. alive runid=20260927-033219-2062 event_age=32s | wave=s3crn total=238 valid=196 running=5 pending=37 launched=201 failed=0 gaveup=0 forkfail=0 free_kb=8093432 sims_boxwide=4 last_event_age=0s last_event_epoch=1790500714
[11:20:06] .. alive runid=20260927-033219-2062 event_age=92s | wave=s3crn total=238 valid=196 running=5 pending=37 launched=201 failed=0 gaveup=0 forkfail=0 free_kb=8093432 sims_boxwide=4 last_event_age=0s last_event_epoch=1790500714
[11:20:33] DONE clKA_south_half_903347495 rc=0 482s clKA south/half seed=903347495 rescued=4 dead=0 unreachable=0 never_detected=0 ff_deaths=0 terminal=149 completions=4 recycles=4 removals=4 returns=4 wall=480s [valid 197/238] src=2a36d14ad942 ext=ea7002772ad1 head=108a0adf55acdb5743cd70a347fc7810fbcefe24
[11:20:35] LAUNCH clKA_east_half_1506055301 running=5 free_kb=8090504 sims_boxwide=4 attempt=1 src=2a36d14ad942 ext=ea7002772ad1 head=108a0adf55acdb5743cd70a347fc7810fbcefe24
[11:21:06] .. alive runid=20260927-033219-2062 event_age=31s | wave=s3crn total=238 valid=197 running=5 pending=36 launched=202 failed=0 gaveup=0 forkfail=0 free_kb=8090504 sims_boxwide=4 last_event_age=0s last_event_epoch=1790500835
[11:22:06] .. alive runid=20260927-033219-2062 event_age=91s | wave=s3crn total=238 valid=197 running=5 pending=36 launched=202 failed=0 gaveup=0 forkfail=0 free_kb=8090504 sims_boxwide=4 last_event_age=0s last_event_epoch=1790500835
[11:23:06] .. alive runid=20260927-033219-2062 event_age=151s | wave=s3crn total=238 valid=197 running=5 pending=36 launched=202 failed=0 gaveup=0 forkfail=0 free_kb=8090504 sims_boxwide=4 last_event_age=0s last_event_epoch=1790500835
[11:23:41] DONE clKA_east_def_2038269169 rc=0 542s clKA east/default seed=2038269169 rescued=4 dead=0 unreachable=0 never_detected=0 ff_deaths=0 terminal=283 completions=4 recycles=4 removals=4 returns=4 wall=540s [valid 198/238] src=2a36d14ad942 ext=ea7002772ad1 head=108a0adf55acdb5743cd70a347fc7810fbcefe24
[11:23:42] LAUNCH clKA_east_half_1999015533 running=5 free_kb=8073816 sims_boxwide=4 attempt=1 src=2a36d14ad942 ext=ea7002772ad1 head=108a0adf55acdb5743cd70a347fc7810fbcefe24
[11:24:06] .. alive runid=20260927-033219-2062 event_age=24s | wave=s3crn total=238 valid=198 running=5 pending=35 launched=203 failed=0 gaveup=0 forkfail=0 free_kb=8073816 sims_boxwide=4 last_event_age=0s last_event_epoch=1790501022
[11:24:19] DONE clKA_east_def_1749069988 rc=0 567s clKA east/default seed=1749069988 rescued=3 dead=1 unreachable=0 never_detected=0 ff_deaths=0 terminal=268 completions=3 recycles=3 removals=3 returns=3 wall=565s [valid 199/238] src=2a36d14ad942 ext=ea7002772ad1 head=108a0adf55acdb5743cd70a347fc7810fbcefe24
[11:24:21] LAUNCH clKA_east_half_2095654154 running=5 free_kb=8040172 sims_boxwide=4 attempt=1 src=2a36d14ad942 ext=ea7002772ad1 head=108a0adf55acdb5743cd70a347fc7810fbcefe24
[11:25:06] .. alive runid=20260927-033219-2062 event_age=45s | wave=s3crn total=238 valid=199 running=5 pending=34 launched=204 failed=0 gaveup=0 forkfail=0 free_kb=8040172 sims_boxwide=4 last_event_age=0s last_event_epoch=1790501061
[11:25:07] DONE clKA_east_def_1420331661 rc=0 561s clKA east/default seed=1420331661 rescued=4 dead=0 unreachable=0 never_detected=0 ff_deaths=0 terminal=186 completions=4 recycles=4 removals=4 returns=4 wall=559s [valid 200/238] src=2a36d14ad942 ext=ea7002772ad1 head=108a0adf55acdb5743cd70a347fc7810fbcefe24
[11:25:08] LAUNCH clKA_east_half_824498143 running=5 free_kb=8052132 sims_boxwide=4 attempt=1 src=2a36d14ad942 ext=ea7002772ad1 head=108a0adf55acdb5743cd70a347fc7810fbcefe24
[11:26:06] .. alive runid=20260927-033219-2062 event_age=58s | wave=s3crn total=238 valid=200 running=5 pending=33 launched=205 failed=0 gaveup=0 forkfail=0 free_kb=8052132 sims_boxwide=4 last_event_age=0s last_event_epoch=1790501108
[11:27:06] .. alive runid=20260927-033219-2062 event_age=118s | wave=s3crn total=238 valid=200 running=5 pending=33 launched=205 failed=0 gaveup=0 forkfail=0 free_kb=8052132 sims_boxwide=4 last_event_age=0s last_event_epoch=1790501108
[11:28:06] .. alive runid=20260927-033219-2062 event_age=178s | wave=s3crn total=238 valid=200 running=5 pending=33 launched=205 failed=0 gaveup=0 forkfail=0 free_kb=8052132 sims_boxwide=4 last_event_age=0s last_event_epoch=1790501108
[11:29:01] DONE clKA_east_def_1480870832 rc=0 626s clKA east/default seed=1480870832 rescued=2 dead=2 unreachable=0 never_detected=0 ff_deaths=0 terminal=229 completions=2 recycles=2 removals=2 returns=2 wall=624s [valid 201/238] src=2a36d14ad942 ext=ea7002772ad1 head=108a0adf55acdb5743cd70a347fc7810fbcefe24
[11:29:02] LAUNCH clKA_east_half_1468405687 running=5 free_kb=8065380 sims_boxwide=4 attempt=1 src=2a36d14ad942 ext=ea7002772ad1 head=108a0adf55acdb5743cd70a347fc7810fbcefe24
[11:29:07] .. alive runid=20260927-033219-2062 event_age=5s | wave=s3crn total=238 valid=201 running=5 pending=32 launched=206 failed=0 gaveup=0 forkfail=0 free_kb=8065380 sims_boxwide=4 last_event_age=0s last_event_epoch=1790501342
[11:30:07] .. alive runid=20260927-033219-2062 event_age=65s | wave=s3crn total=238 valid=201 running=5 pending=32 launched=206 failed=0 gaveup=0 forkfail=0 free_kb=8065380 sims_boxwide=4 last_event_age=0s last_event_epoch=1790501342
[11:31:07] .. alive runid=20260927-033219-2062 event_age=125s | wave=s3crn total=238 valid=201 running=5 pending=32 launched=206 failed=0 gaveup=0 forkfail=0 free_kb=8065380 sims_boxwide=4 last_event_age=0s last_event_epoch=1790501342
[11:32:07] .. alive runid=20260927-033219-2062 event_age=185s | wave=s3crn total=238 valid=201 running=5 pending=32 launched=206 failed=0 gaveup=0 forkfail=0 free_kb=8065380 sims_boxwide=4 last_event_age=0s last_event_epoch=1790501342
[11:33:07] .. alive runid=20260927-033219-2062 event_age=245s | wave=s3crn total=238 valid=201 running=5 pending=32 launched=206 failed=0 gaveup=0 forkfail=0 free_kb=8065380 sims_boxwide=4 last_event_age=0s last_event_epoch=1790501342
[11:34:07] .. alive runid=20260927-033219-2062 event_age=305s | wave=s3crn total=238 valid=201 running=5 pending=32 launched=206 failed=0 gaveup=0 forkfail=0 free_kb=8065380 sims_boxwide=4 last_event_age=0s last_event_epoch=1790501342
[11:35:07] .. alive runid=20260927-033219-2062 event_age=365s | wave=s3crn total=238 valid=201 running=5 pending=32 launched=206 failed=0 gaveup=0 forkfail=0 free_kb=8065380 sims_boxwide=4 last_event_age=0s last_event_epoch=1790501342
[11:36:07] .. alive runid=20260927-033219-2062 event_age=425s | wave=s3crn total=238 valid=201 running=5 pending=32 launched=206 failed=0 gaveup=0 forkfail=0 free_kb=8065380 sims_boxwide=4 last_event_age=0s last_event_epoch=1790501342
[11:36:49] DONE clKA_east_half_1506055301 rc=0 974s clKA east/half seed=1506055301 rescued=3 dead=1 unreachable=0 never_detected=0 ff_deaths=0 terminal=150 completions=3 recycles=3 removals=3 returns=3 wall=972s [valid 202/238] src=2a36d14ad942 ext=ea7002772ad1 head=108a0adf55acdb5743cd70a347fc7810fbcefe24
[11:36:51] LAUNCH clKA_east_half_731846821 running=5 free_kb=8046152 sims_boxwide=4 attempt=1 src=2a36d14ad942 ext=ea7002772ad1 head=108a0adf55acdb5743cd70a347fc7810fbcefe24
[11:37:07] .. alive runid=20260927-033219-2062 event_age=16s | wave=s3crn total=238 valid=202 running=5 pending=31 launched=207 failed=0 gaveup=0 forkfail=0 free_kb=8046152 sims_boxwide=4 last_event_age=0s last_event_epoch=1790501811
[11:38:07] .. alive runid=20260927-033219-2062 event_age=76s | wave=s3crn total=238 valid=202 running=5 pending=31 launched=207 failed=0 gaveup=0 forkfail=0 free_kb=8046152 sims_boxwide=4 last_event_age=0s last_event_epoch=1790501811
[11:38:44] DONE clKA_east_half_1999015533 rc=0 902s clKA east/half seed=1999015533 rescued=3 dead=1 unreachable=0 never_detected=0 ff_deaths=0 terminal=150 completions=3 recycles=3 removals=3 returns=3 wall=900s [valid 203/238] src=2a36d14ad942 ext=ea7002772ad1 head=108a0adf55acdb5743cd70a347fc7810fbcefe24
[11:38:46] LAUNCH clKA_east_half_1301429659 running=5 free_kb=8141988 sims_boxwide=4 attempt=1 src=2a36d14ad942 ext=ea7002772ad1 head=108a0adf55acdb5743cd70a347fc7810fbcefe24
[11:39:07] .. alive runid=20260927-033219-2062 event_age=21s | wave=s3crn total=238 valid=203 running=5 pending=30 launched=208 failed=0 gaveup=0 forkfail=0 free_kb=8141988 sims_boxwide=4 last_event_age=0s last_event_epoch=1790501926
[11:40:08] .. alive runid=20260927-033219-2062 event_age=82s | wave=s3crn total=238 valid=203 running=5 pending=30 launched=208 failed=0 gaveup=0 forkfail=0 free_kb=8141988 sims_boxwide=4 last_event_age=0s last_event_epoch=1790501926
[11:41:08] .. alive runid=20260927-033219-2062 event_age=142s | wave=s3crn total=238 valid=203 running=5 pending=30 launched=208 failed=0 gaveup=0 forkfail=0 free_kb=8141988 sims_boxwide=4 last_event_age=0s last_event_epoch=1790501926
[11:41:16] DONE clKA_east_half_824498143 rc=0 967s clKA east/half seed=824498143 rescued=3 dead=1 unreachable=0 never_detected=0 ff_deaths=0 terminal=139 completions=3 recycles=3 removals=3 returns=3 wall=965s [valid 204/238] src=2a36d14ad942 ext=ea7002772ad1 head=108a0adf55acdb5743cd70a347fc7810fbcefe24
[11:41:17] LAUNCH clKA_east_half_53258209 running=5 free_kb=8130432 sims_boxwide=4 attempt=1 src=2a36d14ad942 ext=ea7002772ad1 head=108a0adf55acdb5743cd70a347fc7810fbcefe24
[11:42:08] .. alive runid=20260927-033219-2062 event_age=51s | wave=s3crn total=238 valid=204 running=5 pending=29 launched=209 failed=0 gaveup=0 forkfail=0 free_kb=8130432 sims_boxwide=4 last_event_age=0s last_event_epoch=1790502077
[11:42:09] DONE clKA_east_half_2095654154 rc=0 1067s clKA east/half seed=2095654154 rescued=2 dead=2 unreachable=0 never_detected=0 ff_deaths=0 terminal=193 completions=2 recycles=2 removals=2 returns=2 wall=1066s [valid 205/238] src=2a36d14ad942 ext=ea7002772ad1 head=108a0adf55acdb5743cd70a347fc7810fbcefe24
[11:42:10] LAUNCH clKA_east_half_1341701987 running=5 free_kb=8132592 sims_boxwide=4 attempt=1 src=2a36d14ad942 ext=ea7002772ad1 head=108a0adf55acdb5743cd70a347fc7810fbcefe24
[11:43:08] .. alive runid=20260927-033219-2062 event_age=58s | wave=s3crn total=238 valid=205 running=5 pending=28 launched=210 failed=0 gaveup=0 forkfail=0 free_kb=8132592 sims_boxwide=4 last_event_age=0s last_event_epoch=1790502130
[11:44:08] .. alive runid=20260927-033219-2062 event_age=118s | wave=s3crn total=238 valid=205 running=5 pending=28 launched=210 failed=0 gaveup=0 forkfail=0 free_kb=8132592 sims_boxwide=4 last_event_age=0s last_event_epoch=1790502130
[11:44:09] DONE clKA_east_half_1468405687 rc=0 906s clKA east/half seed=1468405687 rescued=4 dead=0 unreachable=0 never_detected=0 ff_deaths=0 terminal=126 completions=4 recycles=4 removals=4 returns=4 wall=904s [valid 206/238] src=2a36d14ad942 ext=ea7002772ad1 head=108a0adf55acdb5743cd70a347fc7810fbcefe24
[11:44:10] LAUNCH clKA_east_half_264075293 running=5 free_kb=8096488 sims_boxwide=4 attempt=1 src=2a36d14ad942 ext=ea7002772ad1 head=108a0adf55acdb5743cd70a347fc7810fbcefe24
[11:45:08] .. alive runid=20260927-033219-2062 event_age=58s | wave=s3crn total=238 valid=206 running=5 pending=27 launched=211 failed=0 gaveup=0 forkfail=0 free_kb=8096488 sims_boxwide=4 last_event_age=0s last_event_epoch=1790502250
[11:46:08] .. alive runid=20260927-033219-2062 event_age=118s | wave=s3crn total=238 valid=206 running=5 pending=27 launched=211 failed=0 gaveup=0 forkfail=0 free_kb=8096488 sims_boxwide=4 last_event_age=0s last_event_epoch=1790502250
[11:47:08] .. alive runid=20260927-033219-2062 event_age=178s | wave=s3crn total=238 valid=206 running=5 pending=27 launched=211 failed=0 gaveup=0 forkfail=0 free_kb=8096488 sims_boxwide=4 last_event_age=0s last_event_epoch=1790502250
[11:48:08] .. alive runid=20260927-033219-2062 event_age=238s | wave=s3crn total=238 valid=206 running=5 pending=27 launched=211 failed=0 gaveup=0 forkfail=0 free_kb=8096488 sims_boxwide=4 last_event_age=0s last_event_epoch=1790502250
[11:49:08] .. alive runid=20260927-033219-2062 event_age=298s | wave=s3crn total=238 valid=206 running=5 pending=27 launched=211 failed=0 gaveup=0 forkfail=0 free_kb=8096488 sims_boxwide=4 last_event_age=0s last_event_epoch=1790502250
[11:50:08] .. alive runid=20260927-033219-2062 event_age=358s | wave=s3crn total=238 valid=206 running=5 pending=27 launched=211 failed=0 gaveup=0 forkfail=0 free_kb=8096488 sims_boxwide=4 last_event_age=0s last_event_epoch=1790502250
[11:51:09] .. alive runid=20260927-033219-2062 event_age=419s | wave=s3crn total=238 valid=206 running=5 pending=27 launched=211 failed=0 gaveup=0 forkfail=0 free_kb=8096488 sims_boxwide=4 last_event_age=0s last_event_epoch=1790502250
[11:52:09] .. alive runid=20260927-033219-2062 event_age=479s | wave=s3crn total=238 valid=206 running=5 pending=27 launched=211 failed=0 gaveup=0 forkfail=0 free_kb=8096488 sims_boxwide=4 last_event_age=0s last_event_epoch=1790502250
[11:52:53] DONE clKA_east_half_1301429659 rc=0 846s clKA east/half seed=1301429659 rescued=3 dead=1 unreachable=0 never_detected=0 ff_deaths=0 terminal=116 completions=3 recycles=3 removals=3 returns=3 wall=845s [valid 207/238] src=2a36d14ad942 ext=ea7002772ad1 head=108a0adf55acdb5743cd70a347fc7810fbcefe24
[11:52:54] LAUNCH clKA_east_half_2091896221 running=5 free_kb=8041624 sims_boxwide=4 attempt=1 src=2a36d14ad942 ext=ea7002772ad1 head=108a0adf55acdb5743cd70a347fc7810fbcefe24
[11:53:09] .. alive runid=20260927-033219-2062 event_age=15s | wave=s3crn total=238 valid=207 running=5 pending=26 launched=212 failed=0 gaveup=0 forkfail=0 free_kb=8041624 sims_boxwide=4 last_event_age=0s last_event_epoch=1790502774
[11:54:09] .. alive runid=20260927-033219-2062 event_age=75s | wave=s3crn total=238 valid=207 running=5 pending=26 launched=212 failed=0 gaveup=0 forkfail=0 free_kb=8041624 sims_boxwide=4 last_event_age=0s last_event_epoch=1790502774
[11:55:09] .. alive runid=20260927-033219-2062 event_age=135s | wave=s3crn total=238 valid=207 running=5 pending=26 launched=212 failed=0 gaveup=0 forkfail=0 free_kb=8041624 sims_boxwide=4 last_event_age=0s last_event_epoch=1790502774
[11:55:30] DONE clKA_east_half_731846821 rc=0 1118s clKA east/half seed=731846821 rescued=3 dead=1 unreachable=0 never_detected=0 ff_deaths=0 terminal=222 completions=3 recycles=3 removals=3 returns=3 wall=1117s [valid 208/238] src=2a36d14ad942 ext=ea7002772ad1 head=108a0adf55acdb5743cd70a347fc7810fbcefe24
[11:55:31] LAUNCH clKA_east_half_21892117 running=5 free_kb=7983412 sims_boxwide=4 attempt=1 src=2a36d14ad942 ext=ea7002772ad1 head=108a0adf55acdb5743cd70a347fc7810fbcefe24
[11:56:09] .. alive runid=20260927-033219-2062 event_age=38s | wave=s3crn total=238 valid=208 running=5 pending=25 launched=213 failed=0 gaveup=0 forkfail=0 free_kb=7983412 sims_boxwide=4 last_event_age=0s last_event_epoch=1790502931
[11:57:09] .. alive runid=20260927-033219-2062 event_age=98s | wave=s3crn total=238 valid=208 running=5 pending=25 launched=213 failed=0 gaveup=0 forkfail=0 free_kb=7983412 sims_boxwide=4 last_event_age=0s last_event_epoch=1790502931
[11:57:12] DONE clKA_east_half_1341701987 rc=0 901s clKA east/half seed=1341701987 rescued=4 dead=0 unreachable=0 never_detected=0 ff_deaths=0 terminal=127 completions=4 recycles=4 removals=4 returns=4 wall=900s [valid 209/238] src=2a36d14ad942 ext=ea7002772ad1 head=108a0adf55acdb5743cd70a347fc7810fbcefe24
[11:57:13] LAUNCH clKA_east_half_1717500098 running=5 free_kb=8084500 sims_boxwide=4 attempt=1 src=2a36d14ad942 ext=ea7002772ad1 head=108a0adf55acdb5743cd70a347fc7810fbcefe24
[11:58:09] .. alive runid=20260927-033219-2062 event_age=56s | wave=s3crn total=238 valid=209 running=5 pending=24 launched=214 failed=0 gaveup=0 forkfail=0 free_kb=8084500 sims_boxwide=4 last_event_age=0s last_event_epoch=1790503033
[11:58:16] DONE clKA_east_half_264075293 rc=0 845s clKA east/half seed=264075293 rescued=3 dead=1 unreachable=0 never_detected=0 ff_deaths=0 terminal=97 completions=3 recycles=3 removals=3 returns=3 wall=843s [valid 210/238] src=2a36d14ad942 ext=ea7002772ad1 head=108a0adf55acdb5743cd70a347fc7810fbcefe24
[11:58:17] LAUNCH clKA_south_half_1386492524 running=5 free_kb=8097356 sims_boxwide=4 attempt=1 src=2a36d14ad942 ext=ea7002772ad1 head=108a0adf55acdb5743cd70a347fc7810fbcefe24
[11:59:09] .. alive runid=20260927-033219-2062 event_age=52s | wave=s3crn total=238 valid=210 running=5 pending=23 launched=215 failed=0 gaveup=0 forkfail=0 free_kb=8097356 sims_boxwide=4 last_event_age=0s last_event_epoch=1790503097
[12:00:09] .. alive runid=20260927-033219-2062 event_age=112s | wave=s3crn total=238 valid=210 running=5 pending=23 launched=215 failed=0 gaveup=0 forkfail=0 free_kb=8097356 sims_boxwide=4 last_event_age=0s last_event_epoch=1790503097
[12:01:09] .. alive runid=20260927-033219-2062 event_age=172s | wave=s3crn total=238 valid=210 running=5 pending=23 launched=215 failed=0 gaveup=0 forkfail=0 free_kb=8097356 sims_boxwide=4 last_event_age=0s last_event_epoch=1790503097
[12:01:13] DONE clKA_east_half_53258209 rc=0 1195s clKA east/half seed=53258209 rescued=4 dead=0 unreachable=0 never_detected=0 ff_deaths=0 terminal=214 completions=4 recycles=4 removals=4 returns=4 wall=1193s [valid 211/238] src=2a36d14ad942 ext=ea7002772ad1 head=108a0adf55acdb5743cd70a347fc7810fbcefe24
[12:01:14] LAUNCH clKA_south_half_481765503 running=5 free_kb=8036804 sims_boxwide=4 attempt=1 src=2a36d14ad942 ext=ea7002772ad1 head=108a0adf55acdb5743cd70a347fc7810fbcefe24
[12:02:09] .. alive runid=20260927-033219-2062 event_age=55s | wave=s3crn total=238 valid=211 running=5 pending=22 launched=216 failed=0 gaveup=0 forkfail=0 free_kb=8036804 sims_boxwide=4 last_event_age=0s last_event_epoch=1790503274
[12:03:10] .. alive runid=20260927-033219-2062 event_age=116s | wave=s3crn total=238 valid=211 running=5 pending=22 launched=216 failed=0 gaveup=0 forkfail=0 free_kb=8036804 sims_boxwide=4 last_event_age=0s last_event_epoch=1790503274
[12:04:10] .. alive runid=20260927-033219-2062 event_age=176s | wave=s3crn total=238 valid=211 running=5 pending=22 launched=216 failed=0 gaveup=0 forkfail=0 free_kb=8036804 sims_boxwide=4 last_event_age=0s last_event_epoch=1790503274
[12:05:10] .. alive runid=20260927-033219-2062 event_age=236s | wave=s3crn total=238 valid=211 running=5 pending=22 launched=216 failed=0 gaveup=0 forkfail=0 free_kb=8036804 sims_boxwide=4 last_event_age=0s last_event_epoch=1790503274
[12:06:10] .. alive runid=20260927-033219-2062 event_age=296s | wave=s3crn total=238 valid=211 running=5 pending=22 launched=216 failed=0 gaveup=0 forkfail=0 free_kb=8036804 sims_boxwide=4 last_event_age=0s last_event_epoch=1790503274
[12:06:29] DONE clKA_east_half_2091896221 rc=0 814s clKA east/half seed=2091896221 rescued=3 dead=1 unreachable=0 never_detected=0 ff_deaths=0 terminal=96 completions=3 recycles=3 removals=3 returns=3 wall=812s [valid 212/238] src=2a36d14ad942 ext=ea7002772ad1 head=108a0adf55acdb5743cd70a347fc7810fbcefe24
[12:06:30] LAUNCH clKA_south_half_1415738618 running=5 free_kb=8047876 sims_boxwide=4 attempt=1 src=2a36d14ad942 ext=ea7002772ad1 head=108a0adf55acdb5743cd70a347fc7810fbcefe24
[12:07:10] .. alive runid=20260927-033219-2062 event_age=40s | wave=s3crn total=238 valid=212 running=5 pending=21 launched=217 failed=0 gaveup=0 forkfail=0 free_kb=8047876 sims_boxwide=4 last_event_age=0s last_event_epoch=1790503590
[12:07:58] DONE clKA_south_half_1386492524 rc=0 581s clKA south/half seed=1386492524 rescued=3 dead=1 unreachable=0 never_detected=0 ff_deaths=0 terminal=87 completions=3 recycles=3 removals=3 returns=3 wall=579s [valid 213/238] src=2a36d14ad942 ext=ea7002772ad1 head=108a0adf55acdb5743cd70a347fc7810fbcefe24
[12:08:00] LAUNCH clKA_south_half_1218089274 running=5 free_kb=8049636 sims_boxwide=4 attempt=1 src=2a36d14ad942 ext=ea7002772ad1 head=108a0adf55acdb5743cd70a347fc7810fbcefe24
[12:08:10] .. alive runid=20260927-033219-2062 event_age=10s | wave=s3crn total=238 valid=213 running=5 pending=20 launched=218 failed=0 gaveup=0 forkfail=0 free_kb=8049636 sims_boxwide=4 last_event_age=0s last_event_epoch=1790503680
[12:09:09] DONE clKA_south_half_481765503 rc=0 474s clKA south/half seed=481765503 rescued=4 dead=0 unreachable=0 never_detected=0 ff_deaths=0 terminal=106 completions=4 recycles=4 removals=4 returns=4 wall=473s [valid 214/238] src=2a36d14ad942 ext=ea7002772ad1 head=108a0adf55acdb5743cd70a347fc7810fbcefe24
[12:09:10] .. alive runid=20260927-033219-2062 event_age=2s | wave=s3crn total=238 valid=214 running=4 pending=20 launched=218 failed=0 gaveup=0 forkfail=0 free_kb=8947512 sims_boxwide=4 last_event_age=2s last_event_epoch=1790503748
[12:09:10] LAUNCH clKA_south_half_2084799913 running=5 free_kb=8947512 sims_boxwide=4 attempt=1 src=2a36d14ad942 ext=ea7002772ad1 head=108a0adf55acdb5743cd70a347fc7810fbcefe24
[12:10:10] .. alive runid=20260927-033219-2062 event_age=60s | wave=s3crn total=238 valid=214 running=5 pending=19 launched=219 failed=0 gaveup=0 forkfail=0 free_kb=8947512 sims_boxwide=4 last_event_age=0s last_event_epoch=1790503750
[12:11:10] .. alive runid=20260927-033219-2062 event_age=120s | wave=s3crn total=238 valid=214 running=5 pending=19 launched=219 failed=0 gaveup=0 forkfail=0 free_kb=8947512 sims_boxwide=4 last_event_age=0s last_event_epoch=1790503750
[12:11:49] DONE clKA_east_half_1717500098 rc=0 876s clKA east/half seed=1717500098 rescued=4 dead=0 unreachable=0 never_detected=0 ff_deaths=0 terminal=125 completions=4 recycles=4 removals=4 returns=4 wall=874s [valid 215/238] src=2a36d14ad942 ext=ea7002772ad1 head=108a0adf55acdb5743cd70a347fc7810fbcefe24
[12:11:51] LAUNCH clKA_south_half_1335705976 running=5 free_kb=8043140 sims_boxwide=4 attempt=1 src=2a36d14ad942 ext=ea7002772ad1 head=108a0adf55acdb5743cd70a347fc7810fbcefe24
[12:12:10] .. alive runid=20260927-033219-2062 event_age=19s | wave=s3crn total=238 valid=215 running=5 pending=18 launched=220 failed=0 gaveup=0 forkfail=0 free_kb=8043140 sims_boxwide=4 last_event_age=0s last_event_epoch=1790503911
[12:13:10] .. alive runid=20260927-033219-2062 event_age=79s | wave=s3crn total=238 valid=215 running=5 pending=18 launched=220 failed=0 gaveup=0 forkfail=0 free_kb=8043140 sims_boxwide=4 last_event_age=0s last_event_epoch=1790503911
[12:14:11] .. alive runid=20260927-033219-2062 event_age=140s | wave=s3crn total=238 valid=215 running=5 pending=18 launched=220 failed=0 gaveup=0 forkfail=0 free_kb=8043140 sims_boxwide=4 last_event_age=0s last_event_epoch=1790503911
[12:15:11] .. alive runid=20260927-033219-2062 event_age=200s | wave=s3crn total=238 valid=215 running=5 pending=18 launched=220 failed=0 gaveup=0 forkfail=0 free_kb=8043140 sims_boxwide=4 last_event_age=0s last_event_epoch=1790503911
[12:15:22] DONE clKA_south_half_1415738618 rc=0 531s clKA south/half seed=1415738618 rescued=4 dead=0 unreachable=0 never_detected=0 ff_deaths=0 terminal=114 completions=4 recycles=4 removals=4 returns=4 wall=529s [valid 216/238] src=2a36d14ad942 ext=ea7002772ad1 head=108a0adf55acdb5743cd70a347fc7810fbcefe24
[12:15:23] LAUNCH clKA_south_half_588279432 running=5 free_kb=8009684 sims_boxwide=4 attempt=1 src=2a36d14ad942 ext=ea7002772ad1 head=108a0adf55acdb5743cd70a347fc7810fbcefe24
[12:16:11] .. alive runid=20260927-033219-2062 event_age=48s | wave=s3crn total=238 valid=216 running=5 pending=17 launched=221 failed=0 gaveup=0 forkfail=0 free_kb=8009684 sims_boxwide=4 last_event_age=0s last_event_epoch=1790504123
[12:17:11] .. alive runid=20260927-033219-2062 event_age=108s | wave=s3crn total=238 valid=216 running=5 pending=17 launched=221 failed=0 gaveup=0 forkfail=0 free_kb=8009684 sims_boxwide=4 last_event_age=0s last_event_epoch=1790504123
[12:17:32] DONE clKA_south_half_1218089274 rc=0 571s clKA south/half seed=1218089274 rescued=2 dead=2 unreachable=0 never_detected=0 ff_deaths=0 terminal=90 completions=2 recycles=2 removals=2 returns=2 wall=569s [valid 217/238] src=2a36d14ad942 ext=ea7002772ad1 head=108a0adf55acdb5743cd70a347fc7810fbcefe24
[12:17:33] LAUNCH clKA_south_half_1887778617 running=5 free_kb=8035020 sims_boxwide=4 attempt=1 src=2a36d14ad942 ext=ea7002772ad1 head=108a0adf55acdb5743cd70a347fc7810fbcefe24
[12:18:11] .. alive runid=20260927-033219-2062 event_age=38s | wave=s3crn total=238 valid=217 running=5 pending=16 launched=222 failed=0 gaveup=0 forkfail=0 free_kb=8035020 sims_boxwide=4 last_event_age=0s last_event_epoch=1790504253
[12:18:29] DONE clKA_south_half_2084799913 rc=0 558s clKA south/half seed=2084799913 rescued=3 dead=1 unreachable=0 never_detected=0 ff_deaths=0 terminal=180 completions=3 recycles=3 removals=3 returns=3 wall=556s [valid 218/238] src=2a36d14ad942 ext=ea7002772ad1 head=108a0adf55acdb5743cd70a347fc7810fbcefe24
[12:18:30] LAUNCH clKA_south_half_2128361047 running=5 free_kb=8018348 sims_boxwide=4 attempt=1 src=2a36d14ad942 ext=ea7002772ad1 head=108a0adf55acdb5743cd70a347fc7810fbcefe24
[12:18:43] DONE clKA_east_half_21892117 rc=0 1391s clKA east/half seed=21892117 rescued=4 dead=0 unreachable=0 never_detected=0 ff_deaths=0 terminal=263 completions=4 recycles=4 removals=4 returns=4 wall=1385s [valid 219/238] src=2a36d14ad942 ext=ea7002772ad1 head=108a0adf55acdb5743cd70a347fc7810fbcefe24
[12:18:44] LAUNCH clKA_south_half_684332673 running=5 free_kb=8047612 sims_boxwide=4 attempt=1 src=2a36d14ad942 ext=ea7002772ad1 head=108a0adf55acdb5743cd70a347fc7810fbcefe24
[12:19:11] .. alive runid=20260927-033219-2062 event_age=27s | wave=s3crn total=238 valid=219 running=5 pending=14 launched=224 failed=0 gaveup=0 forkfail=0 free_kb=8047612 sims_boxwide=4 last_event_age=0s last_event_epoch=1790504324
[12:20:11] .. alive runid=20260927-033219-2062 event_age=87s | wave=s3crn total=238 valid=219 running=5 pending=14 launched=224 failed=0 gaveup=0 forkfail=0 free_kb=8047612 sims_boxwide=4 last_event_age=0s last_event_epoch=1790504324
[12:20:50] DONE clKA_south_half_1335705976 rc=0 538s clKA south/half seed=1335705976 rescued=3 dead=1 unreachable=0 never_detected=0 ff_deaths=1 terminal=150 completions=3 recycles=3 removals=3 returns=3 wall=537s [valid 220/238] src=2a36d14ad942 ext=ea7002772ad1 head=108a0adf55acdb5743cd70a347fc7810fbcefe24
[12:20:51] LAUNCH clKA_south_half_1320165480 running=5 free_kb=8017488 sims_boxwide=4 attempt=1 src=2a36d14ad942 ext=ea7002772ad1 head=108a0adf55acdb5743cd70a347fc7810fbcefe24
[12:21:11] .. alive runid=20260927-033219-2062 event_age=20s | wave=s3crn total=238 valid=220 running=5 pending=13 launched=225 failed=0 gaveup=0 forkfail=0 free_kb=8017488 sims_boxwide=4 last_event_age=0s last_event_epoch=1790504451
[12:22:11] .. alive runid=20260927-033219-2062 event_age=80s | wave=s3crn total=238 valid=220 running=5 pending=13 launched=225 failed=0 gaveup=0 forkfail=0 free_kb=8017488 sims_boxwide=4 last_event_age=0s last_event_epoch=1790504451
[12:23:11] .. alive runid=20260927-033219-2062 event_age=140s | wave=s3crn total=238 valid=220 running=5 pending=13 launched=225 failed=0 gaveup=0 forkfail=0 free_kb=8017488 sims_boxwide=4 last_event_age=0s last_event_epoch=1790504451
[12:23:56] DONE clKA_south_half_588279432 rc=0 512s clKA south/half seed=588279432 rescued=4 dead=0 unreachable=0 never_detected=0 ff_deaths=0 terminal=131 completions=4 recycles=4 removals=4 returns=4 wall=510s [valid 221/238] src=2a36d14ad942 ext=ea7002772ad1 head=108a0adf55acdb5743cd70a347fc7810fbcefe24
[12:23:57] LAUNCH clKA_south_half_751617716 running=5 free_kb=8042900 sims_boxwide=4 attempt=1 src=2a36d14ad942 ext=ea7002772ad1 head=108a0adf55acdb5743cd70a347fc7810fbcefe24
[12:24:11] .. alive runid=20260927-033219-2062 event_age=14s | wave=s3crn total=238 valid=221 running=5 pending=12 launched=226 failed=0 gaveup=0 forkfail=0 free_kb=8042900 sims_boxwide=4 last_event_age=0s last_event_epoch=1790504637
[12:25:12] .. alive runid=20260927-033219-2062 event_age=75s | wave=s3crn total=238 valid=221 running=5 pending=12 launched=226 failed=0 gaveup=0 forkfail=0 free_kb=8042900 sims_boxwide=4 last_event_age=0s last_event_epoch=1790504637
[12:26:12] .. alive runid=20260927-033219-2062 event_age=135s | wave=s3crn total=238 valid=221 running=5 pending=12 launched=226 failed=0 gaveup=0 forkfail=0 free_kb=8042900 sims_boxwide=4 last_event_age=0s last_event_epoch=1790504637
[12:26:21] DONE clKA_south_half_2128361047 rc=0 470s clKA south/half seed=2128361047 rescued=4 dead=0 unreachable=0 never_detected=0 ff_deaths=1 terminal=154 completions=4 recycles=4 removals=4 returns=4 wall=468s [valid 222/238] src=2a36d14ad942 ext=ea7002772ad1 head=108a0adf55acdb5743cd70a347fc7810fbcefe24
[12:26:22] LAUNCH clKA_south_half_422588777 running=5 free_kb=7985592 sims_boxwide=4 attempt=1 src=2a36d14ad942 ext=ea7002772ad1 head=108a0adf55acdb5743cd70a347fc7810fbcefe24
[12:27:12] .. alive runid=20260927-033219-2062 event_age=50s | wave=s3crn total=238 valid=222 running=5 pending=11 launched=227 failed=0 gaveup=0 forkfail=0 free_kb=7985592 sims_boxwide=4 last_event_age=0s last_event_epoch=1790504782
[12:28:12] .. alive runid=20260927-033219-2062 event_age=110s | wave=s3crn total=238 valid=222 running=5 pending=11 launched=227 failed=0 gaveup=0 forkfail=0 free_kb=7985592 sims_boxwide=4 last_event_age=0s last_event_epoch=1790504782
[12:29:10] DONE clKA_south_half_684332673 rc=0 626s clKA south/half seed=684332673 rescued=3 dead=0 unreachable=1 never_detected=0 ff_deaths=2 terminal=189 completions=3 recycles=3 removals=3 returns=3 wall=624s [valid 223/238] src=2a36d14ad942 ext=ea7002772ad1 head=108a0adf55acdb5743cd70a347fc7810fbcefe24
[12:29:12] LAUNCH clKA_east_def_6554204 running=5 free_kb=8017332 sims_boxwide=4 attempt=1 src=2a36d14ad942 ext=ea7002772ad1 head=108a0adf55acdb5743cd70a347fc7810fbcefe24
[12:29:12] .. alive runid=20260927-033219-2062 event_age=0s | wave=s3crn total=238 valid=223 running=5 pending=10 launched=228 failed=0 gaveup=0 forkfail=0 free_kb=8017332 sims_boxwide=4 last_event_age=0s last_event_epoch=1790504952
[12:29:24] DONE clKA_south_half_1887778617 rc=0 711s clKA south/half seed=1887778617 rescued=2 dead=1 unreachable=1 never_detected=0 ff_deaths=2 terminal=245 completions=2 recycles=2 removals=2 returns=2 wall=696s [valid 224/238] src=2a36d14ad942 ext=ea7002772ad1 head=108a0adf55acdb5743cd70a347fc7810fbcefe24
[12:29:26] LAUNCH clKA_east_def_1325753362 running=5 free_kb=7934336 sims_boxwide=4 attempt=1 src=2a36d14ad942 ext=ea7002772ad1 head=108a0adf55acdb5743cd70a347fc7810fbcefe24
[12:30:12] .. alive runid=20260927-033219-2062 event_age=46s | wave=s3crn total=238 valid=224 running=5 pending=9 launched=229 failed=0 gaveup=0 forkfail=0 free_kb=7934336 sims_boxwide=4 last_event_age=0s last_event_epoch=1790504966
[12:30:32] DONE clKA_south_half_1320165480 rc=0 581s clKA south/half seed=1320165480 rescued=3 dead=1 unreachable=0 never_detected=0 ff_deaths=0 terminal=223 completions=3 recycles=3 removals=3 returns=3 wall=578s [valid 225/238] src=2a36d14ad942 ext=ea7002772ad1 head=108a0adf55acdb5743cd70a347fc7810fbcefe24
[12:30:34] LAUNCH clKA_east_def_265702576 running=5 free_kb=7916832 sims_boxwide=4 attempt=1 src=2a36d14ad942 ext=ea7002772ad1 head=108a0adf55acdb5743cd70a347fc7810fbcefe24
[12:31:12] .. alive runid=20260927-033219-2062 event_age=38s | wave=s3crn total=238 valid=225 running=5 pending=8 launched=230 failed=0 gaveup=0 forkfail=0 free_kb=7916832 sims_boxwide=4 last_event_age=0s last_event_epoch=1790505034
[12:32:12] .. alive runid=20260927-033219-2062 event_age=98s | wave=s3crn total=238 valid=225 running=5 pending=8 launched=230 failed=0 gaveup=0 forkfail=0 free_kb=7916832 sims_boxwide=4 last_event_age=0s last_event_epoch=1790505034
[12:33:12] .. alive runid=20260927-033219-2062 event_age=158s | wave=s3crn total=238 valid=225 running=5 pending=8 launched=230 failed=0 gaveup=0 forkfail=0 free_kb=7916832 sims_boxwide=4 last_event_age=0s last_event_epoch=1790505034
[12:33:39] DONE clKA_south_half_422588777 rc=0 436s clKA south/half seed=422588777 rescued=4 dead=0 unreachable=0 never_detected=0 ff_deaths=0 terminal=100 completions=4 recycles=4 removals=4 returns=4 wall=434s [valid 226/238] src=2a36d14ad942 ext=ea7002772ad1 head=108a0adf55acdb5743cd70a347fc7810fbcefe24
[12:33:40] LAUNCH clKA_east_def_1686457565 running=5 free_kb=7875884 sims_boxwide=4 attempt=1 src=2a36d14ad942 ext=ea7002772ad1 head=108a0adf55acdb5743cd70a347fc7810fbcefe24
[12:34:12] .. alive runid=20260927-033219-2062 event_age=32s | wave=s3crn total=238 valid=226 running=5 pending=7 launched=231 failed=0 gaveup=0 forkfail=0 free_kb=7875884 sims_boxwide=4 last_event_age=0s last_event_epoch=1790505220
[12:34:22] DONE clKA_south_half_751617716 rc=0 624s clKA south/half seed=751617716 rescued=3 dead=1 unreachable=0 never_detected=0 ff_deaths=1 terminal=187 completions=3 recycles=3 removals=3 returns=3 wall=623s [valid 227/238] src=2a36d14ad942 ext=ea7002772ad1 head=108a0adf55acdb5743cd70a347fc7810fbcefe24
[12:34:23] LAUNCH clKA_east_half_111 running=5 free_kb=7829824 sims_boxwide=4 attempt=1 src=2a36d14ad942 ext=ea7002772ad1 head=108a0adf55acdb5743cd70a347fc7810fbcefe24
[12:35:12] .. alive runid=20260927-033219-2062 event_age=49s | wave=s3crn total=238 valid=227 running=5 pending=6 launched=232 failed=0 gaveup=0 forkfail=0 free_kb=7829824 sims_boxwide=4 last_event_age=0s last_event_epoch=1790505263
[12:36:13] .. alive runid=20260927-033219-2062 event_age=110s | wave=s3crn total=238 valid=227 running=5 pending=6 launched=232 failed=0 gaveup=0 forkfail=0 free_kb=7829824 sims_boxwide=4 last_event_age=0s last_event_epoch=1790505263
[12:36:51] DONE clKA_east_def_6554204 rc=0 458s clKA east/default seed=6554204 rescued=3 dead=0 unreachable=1 never_detected=1 ff_deaths=0 terminal=210 completions=3 recycles=3 removals=3 returns=3 wall=457s [valid 228/238] src=2a36d14ad942 ext=ea7002772ad1 head=108a0adf55acdb5743cd70a347fc7810fbcefe24
[12:36:52] LAUNCH clKA_east_half_222 running=5 free_kb=7965956 sims_boxwide=4 attempt=1 src=2a36d14ad942 ext=ea7002772ad1 head=108a0adf55acdb5743cd70a347fc7810fbcefe24
[12:37:13] .. alive runid=20260927-033219-2062 event_age=21s | wave=s3crn total=238 valid=228 running=5 pending=5 launched=233 failed=0 gaveup=0 forkfail=0 free_kb=7965956 sims_boxwide=4 last_event_age=0s last_event_epoch=1790505412
[12:38:13] .. alive runid=20260927-033219-2062 event_age=81s | wave=s3crn total=238 valid=228 running=5 pending=5 launched=233 failed=0 gaveup=0 forkfail=0 free_kb=7965956 sims_boxwide=4 last_event_age=0s last_event_epoch=1790505412
[12:39:03] DONE clKA_east_def_265702576 rc=0 508s clKA east/default seed=265702576 rescued=2 dead=2 unreachable=0 never_detected=0 ff_deaths=0 terminal=132 completions=2 recycles=2 removals=2 returns=2 wall=507s [valid 229/238] src=2a36d14ad942 ext=ea7002772ad1 head=108a0adf55acdb5743cd70a347fc7810fbcefe24
[12:39:04] LAUNCH clKA_east_half_333 running=5 free_kb=8041552 sims_boxwide=4 attempt=1 src=2a36d14ad942 ext=ea7002772ad1 head=108a0adf55acdb5743cd70a347fc7810fbcefe24
[12:39:13] .. alive runid=20260927-033219-2062 event_age=9s | wave=s3crn total=238 valid=229 running=5 pending=4 launched=234 failed=0 gaveup=0 forkfail=0 free_kb=8041552 sims_boxwide=4 last_event_age=0s last_event_epoch=1790505544
[12:39:40] DONE clKA_east_def_1325753362 rc=0 613s clKA east/default seed=1325753362 rescued=2 dead=2 unreachable=0 never_detected=0 ff_deaths=0 terminal=219 completions=2 recycles=2 removals=2 returns=2 wall=612s [valid 230/238] src=2a36d14ad942 ext=ea7002772ad1 head=108a0adf55acdb5743cd70a347fc7810fbcefe24
[12:39:41] LAUNCH clKA_east_half_444 running=5 free_kb=7971720 sims_boxwide=4 attempt=1 src=2a36d14ad942 ext=ea7002772ad1 head=108a0adf55acdb5743cd70a347fc7810fbcefe24
[12:40:13] .. alive runid=20260927-033219-2062 event_age=32s | wave=s3crn total=238 valid=230 running=5 pending=3 launched=235 failed=0 gaveup=0 forkfail=0 free_kb=7971720 sims_boxwide=4 last_event_age=0s last_event_epoch=1790505581
[12:41:13] .. alive runid=20260927-033219-2062 event_age=92s | wave=s3crn total=238 valid=230 running=5 pending=3 launched=235 failed=0 gaveup=0 forkfail=0 free_kb=7971720 sims_boxwide=4 last_event_age=0s last_event_epoch=1790505581
[12:41:40] DONE clKA_east_def_1686457565 rc=0 479s clKA east/default seed=1686457565 rescued=4 dead=0 unreachable=0 never_detected=0 ff_deaths=0 terminal=175 completions=4 recycles=4 removals=4 returns=4 wall=477s [valid 231/238] src=2a36d14ad942 ext=ea7002772ad1 head=108a0adf55acdb5743cd70a347fc7810fbcefe24
[12:41:41] LAUNCH clKA_east_half_606 running=5 free_kb=7991548 sims_boxwide=4 attempt=1 src=2a36d14ad942 ext=ea7002772ad1 head=108a0adf55acdb5743cd70a347fc7810fbcefe24
[12:42:13] .. alive runid=20260927-033219-2062 event_age=32s | wave=s3crn total=238 valid=231 running=5 pending=2 launched=236 failed=0 gaveup=0 forkfail=0 free_kb=7991548 sims_boxwide=4 last_event_age=0s last_event_epoch=1790505701
[12:43:13] .. alive runid=20260927-033219-2062 event_age=92s | wave=s3crn total=238 valid=231 running=5 pending=2 launched=236 failed=0 gaveup=0 forkfail=0 free_kb=7991548 sims_boxwide=4 last_event_age=0s last_event_epoch=1790505701
[12:44:13] .. alive runid=20260927-033219-2062 event_age=152s | wave=s3crn total=238 valid=231 running=5 pending=2 launched=236 failed=0 gaveup=0 forkfail=0 free_kb=7991548 sims_boxwide=4 last_event_age=0s last_event_epoch=1790505701
[12:45:13] .. alive runid=20260927-033219-2062 event_age=212s | wave=s3crn total=238 valid=231 running=5 pending=2 launched=236 failed=0 gaveup=0 forkfail=0 free_kb=7991548 sims_boxwide=4 last_event_age=0s last_event_epoch=1790505701
[12:46:13] .. alive runid=20260927-033219-2062 event_age=272s | wave=s3crn total=238 valid=231 running=5 pending=2 launched=236 failed=0 gaveup=0 forkfail=0 free_kb=7991548 sims_boxwide=4 last_event_age=0s last_event_epoch=1790505701
[12:47:14] .. alive runid=20260927-033219-2062 event_age=333s | wave=s3crn total=238 valid=231 running=5 pending=2 launched=236 failed=0 gaveup=0 forkfail=0 free_kb=7991548 sims_boxwide=4 last_event_age=0s last_event_epoch=1790505701
[12:48:14] .. alive runid=20260927-033219-2062 event_age=393s | wave=s3crn total=238 valid=231 running=5 pending=2 launched=236 failed=0 gaveup=0 forkfail=0 free_kb=7991548 sims_boxwide=4 last_event_age=0s last_event_epoch=1790505701
[12:49:14] .. alive runid=20260927-033219-2062 event_age=453s | wave=s3crn total=238 valid=231 running=5 pending=2 launched=236 failed=0 gaveup=0 forkfail=0 free_kb=7991548 sims_boxwide=4 last_event_age=0s last_event_epoch=1790505701
[12:49:32] DONE clKA_east_half_111 rc=0 908s clKA east/half seed=111 rescued=4 dead=0 unreachable=0 never_detected=0 ff_deaths=0 terminal=134 completions=4 recycles=4 removals=4 returns=4 wall=906s [valid 232/238] src=2a36d14ad942 ext=ea7002772ad1 head=108a0adf55acdb5743cd70a347fc7810fbcefe24
[12:49:33] LAUNCH clKA_east_half_808 running=5 free_kb=7922084 sims_boxwide=4 attempt=1 src=2a36d14ad942 ext=ea7002772ad1 head=108a0adf55acdb5743cd70a347fc7810fbcefe24
[12:50:14] .. alive runid=20260927-033219-2062 event_age=41s | wave=s3crn total=238 valid=232 running=5 pending=1 launched=237 failed=0 gaveup=0 forkfail=0 free_kb=7922084 sims_boxwide=4 last_event_age=0s last_event_epoch=1790506173
[12:51:14] .. alive runid=20260927-033219-2062 event_age=101s | wave=s3crn total=238 valid=232 running=5 pending=1 launched=237 failed=0 gaveup=0 forkfail=0 free_kb=7922084 sims_boxwide=4 last_event_age=0s last_event_epoch=1790506173
[12:51:45] DONE clKA_east_half_222 rc=0 893s clKA east/half seed=222 rescued=4 dead=0 unreachable=0 never_detected=0 ff_deaths=0 terminal=134 completions=4 recycles=4 removals=4 returns=4 wall=891s [valid 233/238] src=2a36d14ad942 ext=ea7002772ad1 head=108a0adf55acdb5743cd70a347fc7810fbcefe24
[12:51:47] LAUNCH clKA_east_half_909 running=5 free_kb=8035452 sims_boxwide=4 attempt=1 src=2a36d14ad942 ext=ea7002772ad1 head=108a0adf55acdb5743cd70a347fc7810fbcefe24
[12:52:14] .. alive runid=20260927-033219-2062 event_age=27s | wave=s3crn total=238 valid=233 running=5 pending=0 launched=238 failed=0 gaveup=0 forkfail=0 free_kb=8035452 sims_boxwide=4 last_event_age=0s last_event_epoch=1790506307
[12:53:14] .. alive runid=20260927-033219-2062 event_age=87s | wave=s3crn total=238 valid=233 running=5 pending=0 launched=238 failed=0 gaveup=0 forkfail=0 free_kb=8035452 sims_boxwide=4 last_event_age=0s last_event_epoch=1790506307
[12:54:14] .. alive runid=20260927-033219-2062 event_age=147s | wave=s3crn total=238 valid=233 running=5 pending=0 launched=238 failed=0 gaveup=0 forkfail=0 free_kb=8035452 sims_boxwide=4 last_event_age=0s last_event_epoch=1790506307
[12:55:14] .. alive runid=20260927-033219-2062 event_age=207s | wave=s3crn total=238 valid=233 running=5 pending=0 launched=238 failed=0 gaveup=0 forkfail=0 free_kb=8035452 sims_boxwide=4 last_event_age=0s last_event_epoch=1790506307
[12:56:13] DONE clKA_east_half_606 rc=0 871s clKA east/half seed=606 rescued=4 dead=0 unreachable=0 never_detected=0 ff_deaths=0 terminal=121 completions=4 recycles=4 removals=4 returns=4 wall=869s [valid 234/238] src=2a36d14ad942 ext=ea7002772ad1 head=108a0adf55acdb5743cd70a347fc7810fbcefe24
[12:56:14] .. alive runid=20260927-033219-2062 event_age=2s | wave=s3crn total=238 valid=234 running=4 pending=0 launched=238 failed=0 gaveup=0 forkfail=0 free_kb=8035452 sims_boxwide=4 last_event_age=1s last_event_epoch=1790506572
[12:56:30] DONE clKA_east_half_333 rc=0 1045s clKA east/half seed=333 rescued=4 dead=0 unreachable=0 never_detected=0 ff_deaths=0 terminal=172 completions=4 recycles=4 removals=4 returns=4 wall=1043s [valid 235/238] src=2a36d14ad942 ext=ea7002772ad1 head=108a0adf55acdb5743cd70a347fc7810fbcefe24
[12:56:40] DONE clKA_east_half_444 rc=0 1019s clKA east/half seed=444 rescued=2 dead=2 unreachable=0 never_detected=0 ff_deaths=1 terminal=165 completions=2 recycles=2 removals=2 returns=2 wall=1017s [valid 236/238] src=2a36d14ad942 ext=ea7002772ad1 head=108a0adf55acdb5743cd70a347fc7810fbcefe24
[12:57:14] .. alive runid=20260927-033219-2062 event_age=34s | wave=s3crn total=238 valid=236 running=2 pending=0 launched=238 failed=0 gaveup=0 forkfail=0 free_kb=8035452 sims_boxwide=4 last_event_age=0s last_event_epoch=1790506600
[12:58:15] .. alive runid=20260927-033219-2062 event_age=95s | wave=s3crn total=238 valid=236 running=2 pending=0 launched=238 failed=0 gaveup=0 forkfail=0 free_kb=8035452 sims_boxwide=4 last_event_age=0s last_event_epoch=1790506600
[12:59:15] .. alive runid=20260927-033219-2062 event_age=155s | wave=s3crn total=238 valid=236 running=2 pending=0 launched=238 failed=0 gaveup=0 forkfail=0 free_kb=8035452 sims_boxwide=4 last_event_age=0s last_event_epoch=1790506600
[13:00:15] .. alive runid=20260927-033219-2062 event_age=215s | wave=s3crn total=238 valid=236 running=2 pending=0 launched=238 failed=0 gaveup=0 forkfail=0 free_kb=8035452 sims_boxwide=4 last_event_age=0s last_event_epoch=1790506600
[13:01:15] .. alive runid=20260927-033219-2062 event_age=275s | wave=s3crn total=238 valid=236 running=2 pending=0 launched=238 failed=0 gaveup=0 forkfail=0 free_kb=8035452 sims_boxwide=4 last_event_age=0s last_event_epoch=1790506600
[13:02:15] .. alive runid=20260927-033219-2062 event_age=335s | wave=s3crn total=238 valid=236 running=2 pending=0 launched=238 failed=0 gaveup=0 forkfail=0 free_kb=8035452 sims_boxwide=4 last_event_age=0s last_event_epoch=1790506600
[13:02:20] DONE clKA_east_half_808 rc=0 766s clKA east/half seed=808 rescued=3 dead=1 unreachable=0 never_detected=0 ff_deaths=0 terminal=99 completions=3 recycles=3 removals=3 returns=3 wall=765s [valid 237/238] src=2a36d14ad942 ext=ea7002772ad1 head=108a0adf55acdb5743cd70a347fc7810fbcefe24
[13:03:15] .. alive runid=20260927-033219-2062 event_age=56s | wave=s3crn total=238 valid=237 running=1 pending=0 launched=238 failed=0 gaveup=0 forkfail=0 free_kb=8035452 sims_boxwide=4 last_event_age=1s last_event_epoch=1790506939
[13:04:15] .. alive runid=20260927-033219-2062 event_age=116s | wave=s3crn total=238 valid=237 running=1 pending=0 launched=238 failed=0 gaveup=0 forkfail=0 free_kb=8035452 sims_boxwide=4 last_event_age=1s last_event_epoch=1790506939
[13:05:15] .. alive runid=20260927-033219-2062 event_age=176s | wave=s3crn total=238 valid=237 running=1 pending=0 launched=238 failed=0 gaveup=0 forkfail=0 free_kb=8035452 sims_boxwide=4 last_event_age=1s last_event_epoch=1790506939
[13:06:15] .. alive runid=20260927-033219-2062 event_age=236s | wave=s3crn total=238 valid=237 running=1 pending=0 launched=238 failed=0 gaveup=0 forkfail=0 free_kb=8035452 sims_boxwide=4 last_event_age=1s last_event_epoch=1790506939
[13:07:15] .. alive runid=20260927-033219-2062 event_age=296s | wave=s3crn total=238 valid=237 running=1 pending=0 launched=238 failed=0 gaveup=0 forkfail=0 free_kb=8035452 sims_boxwide=4 last_event_age=1s last_event_epoch=1790506939
[13:08:15] .. alive runid=20260927-033219-2062 event_age=356s | wave=s3crn total=238 valid=237 running=1 pending=0 launched=238 failed=0 gaveup=0 forkfail=0 free_kb=8035452 sims_boxwide=4 last_event_age=1s last_event_epoch=1790506939
[13:09:15] .. alive runid=20260927-033219-2062 event_age=416s | wave=s3crn total=238 valid=237 running=1 pending=0 launched=238 failed=0 gaveup=0 forkfail=0 free_kb=8035452 sims_boxwide=4 last_event_age=1s last_event_epoch=1790506939
[13:10:16] .. alive runid=20260927-033219-2062 event_age=476s | wave=s3crn total=238 valid=237 running=1 pending=0 launched=238 failed=0 gaveup=0 forkfail=0 free_kb=8035452 sims_boxwide=4 last_event_age=1s last_event_epoch=1790506939
[13:11:16] .. alive runid=20260927-033219-2062 event_age=537s | wave=s3crn total=238 valid=237 running=1 pending=0 launched=238 failed=0 gaveup=0 forkfail=0 free_kb=8035452 sims_boxwide=4 last_event_age=1s last_event_epoch=1790506939
[13:12:16] .. alive runid=20260927-033219-2062 event_age=597s | wave=s3crn total=238 valid=237 running=1 pending=0 launched=238 failed=0 gaveup=0 forkfail=0 free_kb=8035452 sims_boxwide=4 last_event_age=1s last_event_epoch=1790506939
[13:12:44] DONE clKA_east_half_909 rc=0 1257s clKA east/half seed=909 rescued=4 dead=0 unreachable=0 never_detected=0 ff_deaths=1 terminal=256 completions=4 recycles=4 removals=4 returns=4 wall=1255s [valid 238/238] src=2a36d14ad942 ext=ea7002772ad1 head=108a0adf55acdb5743cd70a347fc7810fbcefe24
[13:12:44] MAIN LOOP LEFT pending=0 running=0
[13:12:50] FINAL SUMMARY total=238 valid=238 invalid=0 missing=0
[13:12:51] FINAL wave=s3crn SUMMARY total=238 valid=238 invalid=0 missing=0 live_this_wave=0 sims_boxwide=0
[13:12:51] ALL_DCD4RB_COMPLETE wave=s3crn runid=20260927-033219-2062 valid=238/238 launched=238 failed=0 forkfail=0 src=2a36d14ad942 ext=ea7002772ad1 head=108a0adf55acdb5743cd70a347fc7810fbcefe24
[13:13:16] HEARTBEAT EXIT wave=s3crn runid=20260927-033219-2062 (sentinel)
