[03:32:05] POOL START wave=s3 runid=20260927-033204-1937 restart=0 pid=1937 winpid=19096 head=108a0adf55acdb5743cd70a347fc7810fbcefe24 src=2a36d14ad942 ext=6fc3e7041ad3 harness=outputs/_cl_obs_stock.py dirty_tracked=0 queue=outputs/_cl_s3_queue.txt maxpar=7 minfree_kb=3500000
[03:32:06] ENV 3.10.11 mesa 1.2.1  prereg_sha256=729d98c97b8d48f8 queue_sha256=4e10942bee5c4a70
[03:32:07] SHIPPED BASE_STATION_MODE=3 BASE_STATION_RETURN_MECHANISM=2 BASE_STATION_DEPOTS=9 BASE_STATION_SPAWN_SPLIT=2 UAV_RETURN_TO_BASE_RESERVE=0.0 BASE_STATION_RETURN_MARGIN=39.23 BASE_STATION_DOCK_FIX=2 BASE_STATION_RETURN_STALL_LIMIT=3 BASE_STATION_WAYPOINT_FIX=1 ROUTE_BLOCK_STALE_CLEAR=1 VICTIM_SEARCHER_HAZARD_RETREAT_RANGE=99 BASE_STATION_FIREPROOF=1 BASE_STATION_FIREPROOF_DRY_RUN=0 VICTIM_SEARCHER_HAZARD_GATE_BOUNDS_FIX=1 FF_FIREFIGHT_EXTINGUISH=1 FF_FIREFIGHT_FIREBREAK=1 FF_FIREFIGHT_ENGAGED_RETREAT_RANGE=1 FF_FIREFIGHT_MISSION_GATE=0 FF_FIREFIGHT_DRY_RUN=0 FF_EXIT_LEG_MODE=0 FF_EXIT_LEG_HOLD=0 FF_EXIT_LEG_SERVED=0 ff_exit_leg_mode()=0 ff_exit_leg_hold()=False ff_exit_leg_served()=0
[03:32:08] SHIPPED-CONTROL head=6160438
BASE_STATION_MODE=3 BASE_STATION_RETURN_MECHANISM=2 BASE_STATION_DEPOTS=9 BASE_STATION_SPAWN_SPLIT=2 UAV_RETURN_TO_BASE_RESERVE=0.0 BASE_STATION_RETURN_MARGIN=39.23 BASE_STATION_DOCK_FIX=2 BASE_STATION_RETURN_STALL_LIMIT=3 BASE_STATION_WAYPOINT_FIX=1 ROUTE_BLOCK_STALE_CLEAR=1 VICTIM_SEARCHER_HAZARD_RETREAT_RANGE=99 BASE_STATION_FIREPROOF=1 BASE_STATION_FIREPROOF_DRY_RUN=0 VICTIM_SEARCHER_HAZARD_GATE_BOUNDS_FIX=1 FF_FIREFIGHT_EXTINGUISH=1 FF_FIREFIGHT_FIREBREAK=1 FF_FIREFIGHT_ENGAGED_RETREAT_RANGE=1 FF_FIREFIGHT_MISSION_GATE=0 FF_FIREFIGHT_DRY_RUN=0 FF_EXIT_LEG_MODE=ABSENT FF_EXIT_LEG_HOLD=ABSENT FF_EXIT_LEG_SERVED=ABSENT ff_exit_leg_mode()=ABSENT ff_exit_leg_hold()=ABSENT ff_exit_leg_served()=ABSENT
[03:32:09] VALIDATE total=407 valid=0 invalid=0 missing=407
[03:32:09] START STATE wave=s3 total=407 valid=0 pending=407 live_orphans_this_wave=0 sims_boxwide=0 free_kb=17742572
[03:32:09] HEARTBEAT pid=2034 every 60s -> outputs/_cl_s3_wave.log ; state file outputs/_cl_s3_state.txt ; sentinel outputs/_cl_s3_hb_20260927-033204-1937.stop
[03:32:10] LAUNCH clGE2a_D_east running=1 free_kb=17751460 sims_boxwide=0 attempt=1 src=2a36d14ad942 ext=6fc3e7041ad3 head=108a0adf55acdb5743cd70a347fc7810fbcefe24
[03:32:23] LAUNCH clGE2b_D_east running=2 free_kb=15991988 sims_boxwide=1 attempt=1 src=2a36d14ad942 ext=6fc3e7041ad3 head=108a0adf55acdb5743cd70a347fc7810fbcefe24
[03:32:36] LAUNCH clGE2c_D_east running=3 free_kb=14997992 sims_boxwide=2 attempt=1 src=2a36d14ad942 ext=6fc3e7041ad3 head=108a0adf55acdb5743cd70a347fc7810fbcefe24
[03:32:50] LAUNCH clGE2s_D_south running=4 free_kb=12481156 sims_boxwide=3 attempt=1 src=2a36d14ad942 ext=6fc3e7041ad3 head=108a0adf55acdb5743cd70a347fc7810fbcefe24
[03:33:03] LAUNCH clGHa_D_east running=5 free_kb=9827444 sims_boxwide=4 attempt=1 src=2a36d14ad942 ext=6fc3e7041ad3 head=108a0adf55acdb5743cd70a347fc7810fbcefe24
[03:33:09] .. alive runid=20260927-033204-1937 event_age=6s | wave=s3 total=407 valid=0 running=5 pending=402 launched=5 failed=0 gaveup=0 forkfail=0 free_kb=9827444 sims_boxwide=4 last_event_age=0s last_event_epoch=1790472783
[03:33:16] LAUNCH clGHb_D_east running=6 free_kb=8107396 sims_boxwide=5 attempt=1 src=2a36d14ad942 ext=6fc3e7041ad3 head=108a0adf55acdb5743cd70a347fc7810fbcefe24
[03:33:29] LAUNCH clGHc_D_east running=7 free_kb=4539244 sims_boxwide=6 attempt=1 src=2a36d14ad942 ext=6fc3e7041ad3 head=108a0adf55acdb5743cd70a347fc7810fbcefe24
[03:34:09] .. alive runid=20260927-033204-1937 event_age=40s | wave=s3 total=407 valid=0 running=7 pending=400 launched=7 failed=0 gaveup=0 forkfail=0 free_kb=4539244 sims_boxwide=6 last_event_age=0s last_event_epoch=1790472809
[03:35:09] .. alive runid=20260927-033204-1937 event_age=100s | wave=s3 total=407 valid=0 running=7 pending=400 launched=7 failed=0 gaveup=0 forkfail=0 free_kb=4539244 sims_boxwide=6 last_event_age=0s last_event_epoch=1790472809
[03:36:09] .. alive runid=20260927-033204-1937 event_age=160s | wave=s3 total=407 valid=0 running=7 pending=400 launched=7 failed=0 gaveup=0 forkfail=0 free_kb=4539244 sims_boxwide=6 last_event_age=0s last_event_epoch=1790472809
[03:37:09] .. alive runid=20260927-033204-1937 event_age=220s | wave=s3 total=407 valid=0 running=7 pending=400 launched=7 failed=0 gaveup=0 forkfail=0 free_kb=4539244 sims_boxwide=6 last_event_age=0s last_event_epoch=1790472809
[03:38:09] .. alive runid=20260927-033204-1937 event_age=280s | wave=s3 total=407 valid=0 running=7 pending=400 launched=7 failed=0 gaveup=0 forkfail=0 free_kb=4539244 sims_boxwide=6 last_event_age=0s last_event_epoch=1790472809
[03:39:09] .. alive runid=20260927-033204-1937 event_age=340s | wave=s3 total=407 valid=0 running=7 pending=400 launched=7 failed=0 gaveup=0 forkfail=0 free_kb=4539244 sims_boxwide=6 last_event_age=0s last_event_epoch=1790472809
[03:40:10] .. alive runid=20260927-033204-1937 event_age=401s | wave=s3 total=407 valid=0 running=7 pending=400 launched=7 failed=0 gaveup=0 forkfail=0 free_kb=4539244 sims_boxwide=6 last_event_age=0s last_event_epoch=1790472809
[03:41:10] .. alive runid=20260927-033204-1937 event_age=461s | wave=s3 total=407 valid=0 running=7 pending=400 launched=7 failed=0 gaveup=0 forkfail=0 free_kb=4539244 sims_boxwide=6 last_event_age=0s last_event_epoch=1790472809
[03:42:10] .. alive runid=20260927-033204-1937 event_age=521s | wave=s3 total=407 valid=0 running=7 pending=400 launched=7 failed=0 gaveup=0 forkfail=0 free_kb=4539244 sims_boxwide=6 last_event_age=0s last_event_epoch=1790472809
[03:43:10] .. alive runid=20260927-033204-1937 event_age=581s | wave=s3 total=407 valid=0 running=7 pending=400 launched=7 failed=0 gaveup=0 forkfail=0 free_kb=4539244 sims_boxwide=6 last_event_age=0s last_event_epoch=1790472809
[03:44:10] .. alive runid=20260927-033204-1937 event_age=641s | wave=s3 total=407 valid=0 running=7 pending=400 launched=7 failed=0 gaveup=0 forkfail=0 free_kb=4539244 sims_boxwide=6 last_event_age=0s last_event_epoch=1790472809
[03:45:10] .. alive runid=20260927-033204-1937 event_age=701s | wave=s3 total=407 valid=0 running=7 pending=400 launched=7 failed=0 gaveup=0 forkfail=0 free_kb=4539244 sims_boxwide=6 last_event_age=0s last_event_epoch=1790472809
[03:46:10] .. alive runid=20260927-033204-1937 event_age=761s | wave=s3 total=407 valid=0 running=7 pending=400 launched=7 failed=0 gaveup=0 forkfail=0 free_kb=4539244 sims_boxwide=6 last_event_age=0s last_event_epoch=1790472809
[03:47:10] .. alive runid=20260927-033204-1937 event_age=821s | wave=s3 total=407 valid=0 running=7 pending=400 launched=7 failed=0 gaveup=0 forkfail=0 free_kb=4539244 sims_boxwide=6 last_event_age=0s last_event_epoch=1790472809
[03:48:10] .. alive runid=20260927-033204-1937 event_age=881s | wave=s3 total=407 valid=0 running=7 pending=400 launched=7 failed=0 gaveup=0 forkfail=0 free_kb=4539244 sims_boxwide=6 last_event_age=0s last_event_epoch=1790472809
[03:49:10] .. alive runid=20260927-033204-1937 event_age=941s | wave=s3 total=407 valid=0 running=7 pending=400 launched=7 failed=0 gaveup=0 forkfail=0 free_kb=4539244 sims_boxwide=6 last_event_age=0s last_event_epoch=1790472809
[03:50:10] .. alive runid=20260927-033204-1937 event_age=1001s | wave=s3 total=407 valid=0 running=7 pending=400 launched=7 failed=0 gaveup=0 forkfail=0 free_kb=4539244 sims_boxwide=6 last_event_age=0s last_event_epoch=1790472809
[03:51:11] .. alive runid=20260927-033204-1937 event_age=1061s | wave=s3 total=407 valid=0 running=7 pending=400 launched=7 failed=0 gaveup=0 forkfail=0 free_kb=4539244 sims_boxwide=6 last_event_age=0s last_event_epoch=1790472809
[03:52:11] .. alive runid=20260927-033204-1937 event_age=1122s | wave=s3 total=407 valid=0 running=7 pending=400 launched=7 failed=0 gaveup=0 forkfail=0 free_kb=4539244 sims_boxwide=6 last_event_age=0s last_event_epoch=1790472809
[03:53:11] .. alive runid=20260927-033204-1937 event_age=1182s | wave=s3 total=407 valid=0 running=7 pending=400 launched=7 failed=0 gaveup=0 forkfail=0 free_kb=4539244 sims_boxwide=6 last_event_age=0s last_event_epoch=1790472809
[03:54:11] .. alive runid=20260927-033204-1937 event_age=1242s | wave=s3 total=407 valid=0 running=7 pending=400 launched=7 failed=0 gaveup=0 forkfail=0 free_kb=4539244 sims_boxwide=6 last_event_age=0s last_event_epoch=1790472809
[03:55:11] .. alive runid=20260927-033204-1937 event_age=1302s | wave=s3 total=407 valid=0 running=7 pending=400 launched=7 failed=0 gaveup=0 forkfail=0 free_kb=4539244 sims_boxwide=6 last_event_age=0s last_event_epoch=1790472809
[03:56:11] .. alive runid=20260927-033204-1937 event_age=1362s | wave=s3 total=407 valid=0 running=7 pending=400 launched=7 failed=0 gaveup=0 forkfail=0 free_kb=4539244 sims_boxwide=6 last_event_age=0s last_event_epoch=1790472809
[03:57:11] .. alive runid=20260927-033204-1937 event_age=1422s | wave=s3 total=407 valid=0 running=7 pending=400 launched=7 failed=0 gaveup=0 forkfail=0 free_kb=4539244 sims_boxwide=6 last_event_age=0s last_event_epoch=1790472809
[03:58:11] .. alive runid=20260927-033204-1937 event_age=1482s | wave=s3 total=407 valid=0 running=7 pending=400 launched=7 failed=0 gaveup=0 forkfail=0 free_kb=4539244 sims_boxwide=6 last_event_age=0s last_event_epoch=1790472809
[03:59:11] .. alive runid=20260927-033204-1937 event_age=1542s | wave=s3 total=407 valid=0 running=7 pending=400 launched=7 failed=0 gaveup=0 forkfail=0 free_kb=4539244 sims_boxwide=6 last_event_age=0s last_event_epoch=1790472809
[04:00:11] .. alive runid=20260927-033204-1937 event_age=1602s | wave=s3 total=407 valid=0 running=7 pending=400 launched=7 failed=0 gaveup=0 forkfail=0 free_kb=4539244 sims_boxwide=6 last_event_age=0s last_event_epoch=1790472809
[04:01:11] .. alive runid=20260927-033204-1937 event_age=1662s | wave=s3 total=407 valid=0 running=7 pending=400 launched=7 failed=0 gaveup=0 forkfail=0 free_kb=4539244 sims_boxwide=6 last_event_age=0s last_event_epoch=1790472809
[04:02:11] .. alive runid=20260927-033204-1937 event_age=1722s | wave=s3 total=407 valid=0 running=7 pending=400 launched=7 failed=0 gaveup=0 forkfail=0 free_kb=4539244 sims_boxwide=6 last_event_age=0s last_event_epoch=1790472809
[04:03:12] .. alive runid=20260927-033204-1937 event_age=1783s | wave=s3 total=407 valid=0 running=7 pending=400 launched=7 failed=0 gaveup=0 forkfail=0 free_kb=4539244 sims_boxwide=6 last_event_age=0s last_event_epoch=1790472809
[04:04:12] .. alive runid=20260927-033204-1937 event_age=1843s | wave=s3 total=407 valid=0 running=7 pending=400 launched=7 failed=0 gaveup=0 forkfail=0 free_kb=4539244 sims_boxwide=6 last_event_age=0s last_event_epoch=1790472809
[04:05:12] .. alive runid=20260927-033204-1937 event_age=1903s | wave=s3 total=407 valid=0 running=7 pending=400 launched=7 failed=0 gaveup=0 forkfail=0 free_kb=4539244 sims_boxwide=6 last_event_age=0s last_event_epoch=1790472809
[04:06:12] .. alive runid=20260927-033204-1937 event_age=1963s | wave=s3 total=407 valid=0 running=7 pending=400 launched=7 failed=0 gaveup=0 forkfail=0 free_kb=4539244 sims_boxwide=6 last_event_age=0s last_event_epoch=1790472809
[04:07:12] .. alive runid=20260927-033204-1937 event_age=2023s | wave=s3 total=407 valid=0 running=7 pending=400 launched=7 failed=0 gaveup=0 forkfail=0 free_kb=4539244 sims_boxwide=6 last_event_age=0s last_event_epoch=1790472809
[04:08:12] .. alive runid=20260927-033204-1937 event_age=2083s | wave=s3 total=407 valid=0 running=7 pending=400 launched=7 failed=0 gaveup=0 forkfail=0 free_kb=4539244 sims_boxwide=6 last_event_age=0s last_event_epoch=1790472809
[04:09:12] .. alive runid=20260927-033204-1937 event_age=2143s | wave=s3 total=407 valid=0 running=7 pending=400 launched=7 failed=0 gaveup=0 forkfail=0 free_kb=4539244 sims_boxwide=6 last_event_age=0s last_event_epoch=1790472809
[04:10:12] .. alive runid=20260927-033204-1937 event_age=2203s | wave=s3 total=407 valid=0 running=7 pending=400 launched=7 failed=0 gaveup=0 forkfail=0 free_kb=4539244 sims_boxwide=6 last_event_age=0s last_event_epoch=1790472809
[04:10:44] DONE clGE2s_D_south rc=0 2273s | clGE2s south seed 101 done 447.8s: rescued=2 dead=2 ff_deaths=1 | fires=5 recoveries=3 bad_assign=1 | clGE2s south seed 202 done 519.4s: rescued=4 dead=0 ff_deaths=0 | fires=7 recoveries=4 bad_assign=1 | clGE2s south seed 303 done 386.8s: rescued=4 dead=0 ff_deaths=0 | fires=7 recoveries=4 bad_assign=1 | clGE2s south seed 404 done 530.7s: rescued=1 dead=0 ff_deaths=1 | fires=11 recoveries=6 bad_assign=2 | clGE2s south seed 505 done 387.3s: rescued=3 dead=1 ff_deaths=0 | fires=13 recoveries=8 bad_assign=3  [valid 1/407] src=2a36d14ad942 ext=6fc3e7041ad3 head=108a0adf55acdb5743cd70a347fc7810fbcefe24
[04:10:45] LAUNCH clGHs_D_south running=7 free_kb=4278716 sims_boxwide=6 attempt=1 src=2a36d14ad942 ext=6fc3e7041ad3 head=108a0adf55acdb5743cd70a347fc7810fbcefe24
[04:11:12] .. alive runid=20260927-033204-1937 event_age=27s | wave=s3 total=407 valid=1 running=7 pending=399 launched=8 failed=0 gaveup=0 forkfail=0 free_kb=4278716 sims_boxwide=6 last_event_age=0s last_event_epoch=1790475045
[04:12:12] .. alive runid=20260927-033204-1937 event_age=87s | wave=s3 total=407 valid=1 running=7 pending=399 launched=8 failed=0 gaveup=0 forkfail=0 free_kb=4278716 sims_boxwide=6 last_event_age=0s last_event_epoch=1790475045
[04:13:12] .. alive runid=20260927-033204-1937 event_age=147s | wave=s3 total=407 valid=1 running=7 pending=399 launched=8 failed=0 gaveup=0 forkfail=0 free_kb=4278716 sims_boxwide=6 last_event_age=0s last_event_epoch=1790475045
[04:14:13] .. alive runid=20260927-033204-1937 event_age=208s | wave=s3 total=407 valid=1 running=7 pending=399 launched=8 failed=0 gaveup=0 forkfail=0 free_kb=4278716 sims_boxwide=6 last_event_age=0s last_event_epoch=1790475045
[04:15:13] .. alive runid=20260927-033204-1937 event_age=268s | wave=s3 total=407 valid=1 running=7 pending=399 launched=8 failed=0 gaveup=0 forkfail=0 free_kb=4278716 sims_boxwide=6 last_event_age=0s last_event_epoch=1790475045
[04:16:13] .. alive runid=20260927-033204-1937 event_age=328s | wave=s3 total=407 valid=1 running=7 pending=399 launched=8 failed=0 gaveup=0 forkfail=0 free_kb=4278716 sims_boxwide=6 last_event_age=0s last_event_epoch=1790475045
[04:17:13] .. alive runid=20260927-033204-1937 event_age=388s | wave=s3 total=407 valid=1 running=7 pending=399 launched=8 failed=0 gaveup=0 forkfail=0 free_kb=4278716 sims_boxwide=6 last_event_age=0s last_event_epoch=1790475045
[04:18:13] .. alive runid=20260927-033204-1937 event_age=448s | wave=s3 total=407 valid=1 running=7 pending=399 launched=8 failed=0 gaveup=0 forkfail=0 free_kb=4278716 sims_boxwide=6 last_event_age=0s last_event_epoch=1790475045
[04:19:13] .. alive runid=20260927-033204-1937 event_age=508s | wave=s3 total=407 valid=1 running=7 pending=399 launched=8 failed=0 gaveup=0 forkfail=0 free_kb=4278716 sims_boxwide=6 last_event_age=0s last_event_epoch=1790475045
[04:20:03] DONE clGE2c_D_east rc=0 2846s | clGE2c east seed 111 done 809.3s: rescued=4 dead=0 ff_deaths=0 | fires=0 recoveries=0 bad_assign=0 | clGE2c east seed 222 done 870.1s: rescued=4 dead=0 ff_deaths=0 | fires=0 recoveries=0 bad_assign=0 | clGE2c east seed 333 done 734.0s: rescued=3 dead=1 ff_deaths=0 | fires=0 recoveries=0 bad_assign=0 | clGE2c east seed 444 done 430.8s: rescued=4 dead=0 ff_deaths=0 | fires=0 recoveries=0 bad_assign=0  [valid 2/407] src=2a36d14ad942 ext=6fc3e7041ad3 head=108a0adf55acdb5743cd70a347fc7810fbcefe24
[04:20:04] LAUNCH clGSNa_D_east running=7 free_kb=4187372 sims_boxwide=6 attempt=1 src=2a36d14ad942 ext=6fc3e7041ad3 head=108a0adf55acdb5743cd70a347fc7810fbcefe24
[04:20:13] .. alive runid=20260927-033204-1937 event_age=9s | wave=s3 total=407 valid=2 running=7 pending=398 launched=9 failed=0 gaveup=0 forkfail=0 free_kb=4187372 sims_boxwide=6 last_event_age=0s last_event_epoch=1790475604
[04:20:45] DONE clGHc_D_east rc=0 2835s | clGHc east seed 111 done 805.6s: rescued=4 dead=0 ff_deaths=0 | fires=0 recoveries=0 bad_assign=0 | clGHc east seed 222 done 860.8s: rescued=4 dead=0 ff_deaths=0 | fires=0 recoveries=0 bad_assign=0 | clGHc east seed 333 done 735.0s: rescued=3 dead=1 ff_deaths=0 | fires=0 recoveries=0 bad_assign=0 | clGHc east seed 444 done 431.7s: rescued=4 dead=0 ff_deaths=0 | fires=0 recoveries=0 bad_assign=0  [valid 3/407] src=2a36d14ad942 ext=6fc3e7041ad3 head=108a0adf55acdb5743cd70a347fc7810fbcefe24
[04:20:46] LAUNCH clGSNb_D_east running=7 free_kb=4237572 sims_boxwide=6 attempt=1 src=2a36d14ad942 ext=6fc3e7041ad3 head=108a0adf55acdb5743cd70a347fc7810fbcefe24
[04:21:13] .. alive runid=20260927-033204-1937 event_age=27s | wave=s3 total=407 valid=3 running=7 pending=397 launched=10 failed=0 gaveup=0 forkfail=0 free_kb=4237572 sims_boxwide=6 last_event_age=0s last_event_epoch=1790475646
[04:22:13] .. alive runid=20260927-033204-1937 event_age=87s | wave=s3 total=407 valid=3 running=7 pending=397 launched=10 failed=0 gaveup=0 forkfail=0 free_kb=4237572 sims_boxwide=6 last_event_age=0s last_event_epoch=1790475646
[04:23:13] .. alive runid=20260927-033204-1937 event_age=147s | wave=s3 total=407 valid=3 running=7 pending=397 launched=10 failed=0 gaveup=0 forkfail=0 free_kb=4237572 sims_boxwide=6 last_event_age=0s last_event_epoch=1790475646
[04:24:10] DONE clGE2b_D_east rc=0 3106s | clGE2b east seed 606 done 1321.0s: rescued=3 dead=0 ff_deaths=0 | fires=2 recoveries=2 bad_assign=1 | clGE2b east seed 707 done 271.0s: rescued=2 dead=0 ff_deaths=0 | fires=2 recoveries=2 bad_assign=1 | clGE2b east seed 808 done 731.2s: rescued=3 dead=1 ff_deaths=0 | fires=2 recoveries=2 bad_assign=1 | clGE2b east seed 909 done 781.8s: rescued=4 dead=0 ff_deaths=0 | fires=2 recoveries=2 bad_assign=1  [valid 4/407] src=2a36d14ad942 ext=6fc3e7041ad3 head=108a0adf55acdb5743cd70a347fc7810fbcefe24
[04:24:11] LAUNCH clGSNc_D_east running=7 free_kb=4336420 sims_boxwide=6 attempt=1 src=2a36d14ad942 ext=6fc3e7041ad3 head=108a0adf55acdb5743cd70a347fc7810fbcefe24
[04:24:13] .. alive runid=20260927-033204-1937 event_age=2s | wave=s3 total=407 valid=4 running=7 pending=396 launched=11 failed=0 gaveup=0 forkfail=0 free_kb=4336420 sims_boxwide=6 last_event_age=0s last_event_epoch=1790475851
[04:25:14] .. alive runid=20260927-033204-1937 event_age=63s | wave=s3 total=407 valid=4 running=7 pending=396 launched=11 failed=0 gaveup=0 forkfail=0 free_kb=4336420 sims_boxwide=6 last_event_age=0s last_event_epoch=1790475851
[04:26:14] .. alive runid=20260927-033204-1937 event_age=123s | wave=s3 total=407 valid=4 running=7 pending=396 launched=11 failed=0 gaveup=0 forkfail=0 free_kb=4336420 sims_boxwide=6 last_event_age=0s last_event_epoch=1790475851
[04:26:30] DONE clGHb_D_east rc=0 3193s | clGHb east seed 606 done 1330.8s: rescued=3 dead=0 ff_deaths=0 | fires=2 recoveries=2 bad_assign=1 | clGHb east seed 707 done 271.9s: rescued=2 dead=0 ff_deaths=0 | fires=2 recoveries=2 bad_assign=1 | clGHb east seed 808 done 734.6s: rescued=3 dead=1 ff_deaths=0 | fires=2 recoveries=2 bad_assign=1 | clGHb east seed 909 done 854.1s: rescued=4 dead=0 ff_deaths=0 | fires=2 recoveries=2 bad_assign=1  [valid 5/407] src=2a36d14ad942 ext=6fc3e7041ad3 head=108a0adf55acdb5743cd70a347fc7810fbcefe24
[04:26:31] LAUNCH clGSNs_D_south running=7 free_kb=4297412 sims_boxwide=6 attempt=1 src=2a36d14ad942 ext=6fc3e7041ad3 head=108a0adf55acdb5743cd70a347fc7810fbcefe24
[04:27:14] .. alive runid=20260927-033204-1937 event_age=43s | wave=s3 total=407 valid=5 running=7 pending=395 launched=12 failed=0 gaveup=0 forkfail=0 free_kb=4297412 sims_boxwide=6 last_event_age=0s last_event_epoch=1790475991
[04:28:14] .. alive runid=20260927-033204-1937 event_age=103s | wave=s3 total=407 valid=5 running=7 pending=395 launched=12 failed=0 gaveup=0 forkfail=0 free_kb=4297412 sims_boxwide=6 last_event_age=0s last_event_epoch=1790475991
[04:29:14] .. alive runid=20260927-033204-1937 event_age=163s | wave=s3 total=407 valid=5 running=7 pending=395 launched=12 failed=0 gaveup=0 forkfail=0 free_kb=4297412 sims_boxwide=6 last_event_age=0s last_event_epoch=1790475991
[04:30:14] .. alive runid=20260927-033204-1937 event_age=223s | wave=s3 total=407 valid=5 running=7 pending=395 launched=12 failed=0 gaveup=0 forkfail=0 free_kb=4297412 sims_boxwide=6 last_event_age=0s last_event_epoch=1790475991
[04:31:14] .. alive runid=20260927-033204-1937 event_age=283s | wave=s3 total=407 valid=5 running=7 pending=395 launched=12 failed=0 gaveup=0 forkfail=0 free_kb=4297412 sims_boxwide=6 last_event_age=0s last_event_epoch=1790475991
[04:32:14] .. alive runid=20260927-033204-1937 event_age=343s | wave=s3 total=407 valid=5 running=7 pending=395 launched=12 failed=0 gaveup=0 forkfail=0 free_kb=4297412 sims_boxwide=6 last_event_age=0s last_event_epoch=1790475991
[04:33:14] .. alive runid=20260927-033204-1937 event_age=403s | wave=s3 total=407 valid=5 running=7 pending=395 launched=12 failed=0 gaveup=0 forkfail=0 free_kb=4297412 sims_boxwide=6 last_event_age=0s last_event_epoch=1790475991
[04:34:14] .. alive runid=20260927-033204-1937 event_age=463s | wave=s3 total=407 valid=5 running=7 pending=395 launched=12 failed=0 gaveup=0 forkfail=0 free_kb=4297412 sims_boxwide=6 last_event_age=0s last_event_epoch=1790475991
[04:35:14] .. alive runid=20260927-033204-1937 event_age=523s | wave=s3 total=407 valid=5 running=7 pending=395 launched=12 failed=0 gaveup=0 forkfail=0 free_kb=4297412 sims_boxwide=6 last_event_age=0s last_event_epoch=1790475991
[04:36:15] .. alive runid=20260927-033204-1937 event_age=584s | wave=s3 total=407 valid=5 running=7 pending=395 launched=12 failed=0 gaveup=0 forkfail=0 free_kb=4297412 sims_boxwide=6 last_event_age=0s last_event_epoch=1790475991
[04:37:15] .. alive runid=20260927-033204-1937 event_age=644s | wave=s3 total=407 valid=5 running=7 pending=395 launched=12 failed=0 gaveup=0 forkfail=0 free_kb=4297412 sims_boxwide=6 last_event_age=0s last_event_epoch=1790475991
[04:38:15] .. alive runid=20260927-033204-1937 event_age=704s | wave=s3 total=407 valid=5 running=7 pending=395 launched=12 failed=0 gaveup=0 forkfail=0 free_kb=4297412 sims_boxwide=6 last_event_age=0s last_event_epoch=1790475991
[04:39:15] .. alive runid=20260927-033204-1937 event_age=764s | wave=s3 total=407 valid=5 running=7 pending=395 launched=12 failed=0 gaveup=0 forkfail=0 free_kb=4297412 sims_boxwide=6 last_event_age=0s last_event_epoch=1790475991
[04:40:15] .. alive runid=20260927-033204-1937 event_age=824s | wave=s3 total=407 valid=5 running=7 pending=395 launched=12 failed=0 gaveup=0 forkfail=0 free_kb=4297412 sims_boxwide=6 last_event_age=0s last_event_epoch=1790475991
[04:41:15] .. alive runid=20260927-033204-1937 event_age=884s | wave=s3 total=407 valid=5 running=7 pending=395 launched=12 failed=0 gaveup=0 forkfail=0 free_kb=4297412 sims_boxwide=6 last_event_age=0s last_event_epoch=1790475991
[04:42:15] .. alive runid=20260927-033204-1937 event_age=944s | wave=s3 total=407 valid=5 running=7 pending=395 launched=12 failed=0 gaveup=0 forkfail=0 free_kb=4297412 sims_boxwide=6 last_event_age=0s last_event_epoch=1790475991
[04:43:15] .. alive runid=20260927-033204-1937 event_age=1004s | wave=s3 total=407 valid=5 running=7 pending=395 launched=12 failed=0 gaveup=0 forkfail=0 free_kb=4297412 sims_boxwide=6 last_event_age=0s last_event_epoch=1790475991
[04:44:15] .. alive runid=20260927-033204-1937 event_age=1064s | wave=s3 total=407 valid=5 running=7 pending=395 launched=12 failed=0 gaveup=0 forkfail=0 free_kb=4297412 sims_boxwide=6 last_event_age=0s last_event_epoch=1790475991
[04:44:46] DONE clGE2a_D_east rc=0 4355s | clGE2a east seed 101 done 804.1s: rescued=4 dead=0 ff_deaths=0 | fires=0 recoveries=0 bad_assign=0 | clGE2a east seed 202 done 715.5s: rescued=3 dead=1 ff_deaths=0 | fires=0 recoveries=0 bad_assign=0 | clGE2a east seed 303 done 801.6s: rescued=3 dead=1 ff_deaths=0 | fires=3 recoveries=2 bad_assign=2 | clGE2a east seed 404 done 1319.2s: rescued=3 dead=0 ff_deaths=1 | fires=4 recoveries=2 bad_assign=3 | clGE2a east seed 505 done 713.4s: rescued=3 dead=1 ff_deaths=0 | fires=4 recoveries=2 bad_assign=3  [valid 6/407] src=2a36d14ad942 ext=6fc3e7041ad3 head=108a0adf55acdb5743cd70a347fc7810fbcefe24
[04:44:47] LAUNCH clGAa_D_east running=7 free_kb=6022804 sims_boxwide=6 attempt=1 src=2a36d14ad942 ext=6fc3e7041ad3 head=108a0adf55acdb5743cd70a347fc7810fbcefe24
[04:45:15] .. alive runid=20260927-033204-1937 event_age=28s | wave=s3 total=407 valid=6 running=7 pending=394 launched=13 failed=0 gaveup=0 forkfail=0 free_kb=6022804 sims_boxwide=6 last_event_age=0s last_event_epoch=1790477087
[04:46:15] .. alive runid=20260927-033204-1937 event_age=88s | wave=s3 total=407 valid=6 running=7 pending=394 launched=13 failed=0 gaveup=0 forkfail=0 free_kb=6022804 sims_boxwide=6 last_event_age=0s last_event_epoch=1790477087
[04:46:56] DONE clGHa_D_east rc=0 4432s | clGHa east seed 101 done 880.1s: rescued=3 dead=1 ff_deaths=1 | fires=0 recoveries=0 bad_assign=0 | clGHa east seed 202 done 717.8s: rescued=3 dead=1 ff_deaths=0 | fires=0 recoveries=0 bad_assign=0 | clGHa east seed 303 done 802.3s: rescued=3 dead=1 ff_deaths=0 | fires=3 recoveries=2 bad_assign=2 | clGHa east seed 404 done 1318.2s: rescued=3 dead=0 ff_deaths=1 | fires=4 recoveries=2 bad_assign=3 | clGHa east seed 505 done 712.8s: rescued=3 dead=1 ff_deaths=0 | fires=4 recoveries=2 bad_assign=3  [valid 7/407] src=2a36d14ad942 ext=6fc3e7041ad3 head=108a0adf55acdb5743cd70a347fc7810fbcefe24
[04:46:57] LAUNCH clGAb_D_east running=7 free_kb=4085072 sims_boxwide=6 attempt=1 src=2a36d14ad942 ext=6fc3e7041ad3 head=108a0adf55acdb5743cd70a347fc7810fbcefe24
[04:47:16] .. alive runid=20260927-033204-1937 event_age=19s | wave=s3 total=407 valid=7 running=7 pending=393 launched=14 failed=0 gaveup=0 forkfail=0 free_kb=4085072 sims_boxwide=6 last_event_age=0s last_event_epoch=1790477217
[04:48:16] .. alive runid=20260927-033204-1937 event_age=79s | wave=s3 total=407 valid=7 running=7 pending=393 launched=14 failed=0 gaveup=0 forkfail=0 free_kb=4085072 sims_boxwide=6 last_event_age=0s last_event_epoch=1790477217
[04:48:48] DONE clGHs_D_south rc=0 2282s | clGHs south seed 101 done 451.4s: rescued=2 dead=2 ff_deaths=1 | fires=5 recoveries=3 bad_assign=1 | clGHs south seed 202 done 520.2s: rescued=4 dead=0 ff_deaths=0 | fires=7 recoveries=4 bad_assign=1 | clGHs south seed 303 done 390.3s: rescued=4 dead=0 ff_deaths=0 | fires=7 recoveries=4 bad_assign=1 | clGHs south seed 404 done 533.6s: rescued=1 dead=0 ff_deaths=1 | fires=11 recoveries=6 bad_assign=2 | clGHs south seed 505 done 384.8s: rescued=3 dead=1 ff_deaths=0 | fires=13 recoveries=8 bad_assign=3  [valid 8/407] src=2a36d14ad942 ext=6fc3e7041ad3 head=108a0adf55acdb5743cd70a347fc7810fbcefe24
[04:48:49] LAUNCH clGAc_D_east running=7 free_kb=5102884 sims_boxwide=6 attempt=1 src=2a36d14ad942 ext=6fc3e7041ad3 head=108a0adf55acdb5743cd70a347fc7810fbcefe24
[04:49:16] .. alive runid=20260927-033204-1937 event_age=27s | wave=s3 total=407 valid=8 running=7 pending=392 launched=15 failed=0 gaveup=0 forkfail=0 free_kb=5102884 sims_boxwide=6 last_event_age=0s last_event_epoch=1790477329
[04:50:16] .. alive runid=20260927-033204-1937 event_age=87s | wave=s3 total=407 valid=8 running=7 pending=392 launched=15 failed=0 gaveup=0 forkfail=0 free_kb=5102884 sims_boxwide=6 last_event_age=0s last_event_epoch=1790477329
[04:51:16] .. alive runid=20260927-033204-1937 event_age=147s | wave=s3 total=407 valid=8 running=7 pending=392 launched=15 failed=0 gaveup=0 forkfail=0 free_kb=5102884 sims_boxwide=6 last_event_age=0s last_event_epoch=1790477329
[04:52:16] .. alive runid=20260927-033204-1937 event_age=207s | wave=s3 total=407 valid=8 running=7 pending=392 launched=15 failed=0 gaveup=0 forkfail=0 free_kb=5102884 sims_boxwide=6 last_event_age=0s last_event_epoch=1790477329
[04:53:16] .. alive runid=20260927-033204-1937 event_age=267s | wave=s3 total=407 valid=8 running=7 pending=392 launched=15 failed=0 gaveup=0 forkfail=0 free_kb=5102884 sims_boxwide=6 last_event_age=0s last_event_epoch=1790477329
[04:54:16] .. alive runid=20260927-033204-1937 event_age=327s | wave=s3 total=407 valid=8 running=7 pending=392 launched=15 failed=0 gaveup=0 forkfail=0 free_kb=5102884 sims_boxwide=6 last_event_age=0s last_event_epoch=1790477329
[04:55:16] .. alive runid=20260927-033204-1937 event_age=387s | wave=s3 total=407 valid=8 running=7 pending=392 launched=15 failed=0 gaveup=0 forkfail=0 free_kb=5102884 sims_boxwide=6 last_event_age=0s last_event_epoch=1790477329
[04:56:16] .. alive runid=20260927-033204-1937 event_age=447s | wave=s3 total=407 valid=8 running=7 pending=392 launched=15 failed=0 gaveup=0 forkfail=0 free_kb=5102884 sims_boxwide=6 last_event_age=0s last_event_epoch=1790477329
[04:57:16] .. alive runid=20260927-033204-1937 event_age=507s | wave=s3 total=407 valid=8 running=7 pending=392 launched=15 failed=0 gaveup=0 forkfail=0 free_kb=5102884 sims_boxwide=6 last_event_age=0s last_event_epoch=1790477329
[04:58:17] .. alive runid=20260927-033204-1937 event_age=568s | wave=s3 total=407 valid=8 running=7 pending=392 launched=15 failed=0 gaveup=0 forkfail=0 free_kb=5102884 sims_boxwide=6 last_event_age=0s last_event_epoch=1790477329
[04:59:17] .. alive runid=20260927-033204-1937 event_age=628s | wave=s3 total=407 valid=8 running=7 pending=392 launched=15 failed=0 gaveup=0 forkfail=0 free_kb=5102884 sims_boxwide=6 last_event_age=0s last_event_epoch=1790477329
[05:00:17] .. alive runid=20260927-033204-1937 event_age=688s | wave=s3 total=407 valid=8 running=7 pending=392 launched=15 failed=0 gaveup=0 forkfail=0 free_kb=5102884 sims_boxwide=6 last_event_age=0s last_event_epoch=1790477329
[05:01:17] .. alive runid=20260927-033204-1937 event_age=748s | wave=s3 total=407 valid=8 running=7 pending=392 launched=15 failed=0 gaveup=0 forkfail=0 free_kb=5102884 sims_boxwide=6 last_event_age=0s last_event_epoch=1790477329
[05:02:17] .. alive runid=20260927-033204-1937 event_age=808s | wave=s3 total=407 valid=8 running=7 pending=392 launched=15 failed=0 gaveup=0 forkfail=0 free_kb=5102884 sims_boxwide=6 last_event_age=0s last_event_epoch=1790477329
[05:03:17] .. alive runid=20260927-033204-1937 event_age=868s | wave=s3 total=407 valid=8 running=7 pending=392 launched=15 failed=0 gaveup=0 forkfail=0 free_kb=5102884 sims_boxwide=6 last_event_age=0s last_event_epoch=1790477329
[05:03:56] DONE clGSNs_D_south rc=0 2244s | clGSNs south seed 101 done 453.3s: rescued=2 dead=2 ff_deaths=1 | fires=5 recoveries=3 bad_assign=1 | clGSNs south seed 202 done 521.2s: rescued=4 dead=0 ff_deaths=0 | fires=7 recoveries=4 bad_assign=1 | clGSNs south seed 303 done 386.3s: rescued=4 dead=0 ff_deaths=0 | fires=7 recoveries=4 bad_assign=1 | clGSNs south seed 404 done 513.4s: rescued=1 dead=0 ff_deaths=1 | fires=11 recoveries=6 bad_assign=2 | clGSNs south seed 505 done 368.7s: rescued=3 dead=1 ff_deaths=0 | fires=13 recoveries=8 bad_assign=3  [valid 9/407] src=2a36d14ad942 ext=6fc3e7041ad3 head=108a0adf55acdb5743cd70a347fc7810fbcefe24
[05:03:57] LAUNCH clGAs_D_south running=7 free_kb=5048492 sims_boxwide=6 attempt=1 src=2a36d14ad942 ext=6fc3e7041ad3 head=108a0adf55acdb5743cd70a347fc7810fbcefe24
[05:04:17] .. alive runid=20260927-033204-1937 event_age=20s | wave=s3 total=407 valid=9 running=7 pending=391 launched=16 failed=0 gaveup=0 forkfail=0 free_kb=5048492 sims_boxwide=6 last_event_age=0s last_event_epoch=1790478237
[05:05:17] .. alive runid=20260927-033204-1937 event_age=80s | wave=s3 total=407 valid=9 running=7 pending=391 launched=16 failed=0 gaveup=0 forkfail=0 free_kb=5048492 sims_boxwide=6 last_event_age=0s last_event_epoch=1790478237
[05:06:17] .. alive runid=20260927-033204-1937 event_age=140s | wave=s3 total=407 valid=9 running=7 pending=391 launched=16 failed=0 gaveup=0 forkfail=0 free_kb=5048492 sims_boxwide=6 last_event_age=0s last_event_epoch=1790478237
[05:07:17] .. alive runid=20260927-033204-1937 event_age=200s | wave=s3 total=407 valid=9 running=7 pending=391 launched=16 failed=0 gaveup=0 forkfail=0 free_kb=5048492 sims_boxwide=6 last_event_age=0s last_event_epoch=1790478237
[05:08:17] .. alive runid=20260927-033204-1937 event_age=260s | wave=s3 total=407 valid=9 running=7 pending=391 launched=16 failed=0 gaveup=0 forkfail=0 free_kb=5048492 sims_boxwide=6 last_event_age=0s last_event_epoch=1790478237
[05:09:18] .. alive runid=20260927-033204-1937 event_age=321s | wave=s3 total=407 valid=9 running=7 pending=391 launched=16 failed=0 gaveup=0 forkfail=0 free_kb=5048492 sims_boxwide=6 last_event_age=0s last_event_epoch=1790478237
[05:10:18] .. alive runid=20260927-033204-1937 event_age=381s | wave=s3 total=407 valid=9 running=7 pending=391 launched=16 failed=0 gaveup=0 forkfail=0 free_kb=5048492 sims_boxwide=6 last_event_age=0s last_event_epoch=1790478237
[05:10:43] DONE clGSNc_D_east rc=0 2791s | clGSNc east seed 111 done 811.4s: rescued=4 dead=0 ff_deaths=0 | fires=0 recoveries=0 bad_assign=0 | clGSNc east seed 222 done 851.4s: rescued=4 dead=0 ff_deaths=0 | fires=0 recoveries=0 bad_assign=0 | clGSNc east seed 333 done 705.4s: rescued=3 dead=1 ff_deaths=0 | fires=0 recoveries=0 bad_assign=0 | clGSNc east seed 444 done 421.2s: rescued=4 dead=0 ff_deaths=0 | fires=0 recoveries=0 bad_assign=0  [valid 10/407] src=2a36d14ad942 ext=6fc3e7041ad3 head=108a0adf55acdb5743cd70a347fc7810fbcefe24
[05:10:44] LAUNCH clC_east_half_1506055301 running=7 free_kb=5833916 sims_boxwide=6 attempt=1 src=2a36d14ad942 ext=6fc3e7041ad3 head=108a0adf55acdb5743cd70a347fc7810fbcefe24
[05:11:18] .. alive runid=20260927-033204-1937 event_age=34s | wave=s3 total=407 valid=10 running=7 pending=390 launched=17 failed=0 gaveup=0 forkfail=0 free_kb=5833916 sims_boxwide=6 last_event_age=0s last_event_epoch=1790478644
[05:12:18] .. alive runid=20260927-033204-1937 event_age=94s | wave=s3 total=407 valid=10 running=7 pending=390 launched=17 failed=0 gaveup=0 forkfail=0 free_kb=5833916 sims_boxwide=6 last_event_age=0s last_event_epoch=1790478644
[05:13:06] DONE clGSNb_D_east rc=0 3140s | clGSNb east seed 606 done 1333.8s: rescued=3 dead=0 ff_deaths=0 | fires=2 recoveries=2 bad_assign=1 | clGSNb east seed 707 done 269.1s: rescued=2 dead=0 ff_deaths=0 | fires=2 recoveries=2 bad_assign=1 | clGSNb east seed 808 done 706.4s: rescued=3 dead=1 ff_deaths=0 | fires=2 recoveries=2 bad_assign=1 | clGSNb east seed 909 done 829.0s: rescued=4 dead=0 ff_deaths=0 | fires=2 recoveries=2 bad_assign=1  [valid 11/407] src=2a36d14ad942 ext=6fc3e7041ad3 head=108a0adf55acdb5743cd70a347fc7810fbcefe24
[05:13:08] LAUNCH clC_east_half_1999015533 running=7 free_kb=6105204 sims_boxwide=6 attempt=1 src=2a36d14ad942 ext=6fc3e7041ad3 head=108a0adf55acdb5743cd70a347fc7810fbcefe24
[05:13:18] .. alive runid=20260927-033204-1937 event_age=10s | wave=s3 total=407 valid=11 running=7 pending=389 launched=18 failed=0 gaveup=0 forkfail=0 free_kb=6105204 sims_boxwide=6 last_event_age=0s last_event_epoch=1790478788
[05:14:18] .. alive runid=20260927-033204-1937 event_age=70s | wave=s3 total=407 valid=11 running=7 pending=389 launched=18 failed=0 gaveup=0 forkfail=0 free_kb=6105204 sims_boxwide=6 last_event_age=0s last_event_epoch=1790478788
[05:15:18] .. alive runid=20260927-033204-1937 event_age=130s | wave=s3 total=407 valid=11 running=7 pending=389 launched=18 failed=0 gaveup=0 forkfail=0 free_kb=6105204 sims_boxwide=6 last_event_age=0s last_event_epoch=1790478788
[05:16:18] .. alive runid=20260927-033204-1937 event_age=190s | wave=s3 total=407 valid=11 running=7 pending=389 launched=18 failed=0 gaveup=0 forkfail=0 free_kb=6105204 sims_boxwide=6 last_event_age=0s last_event_epoch=1790478788
[05:17:18] .. alive runid=20260927-033204-1937 event_age=250s | wave=s3 total=407 valid=11 running=7 pending=389 launched=18 failed=0 gaveup=0 forkfail=0 free_kb=6105204 sims_boxwide=6 last_event_age=0s last_event_epoch=1790478788
[05:18:18] .. alive runid=20260927-033204-1937 event_age=310s | wave=s3 total=407 valid=11 running=7 pending=389 launched=18 failed=0 gaveup=0 forkfail=0 free_kb=6105204 sims_boxwide=6 last_event_age=0s last_event_epoch=1790478788
[05:19:18] .. alive runid=20260927-033204-1937 event_age=370s | wave=s3 total=407 valid=11 running=7 pending=389 launched=18 failed=0 gaveup=0 forkfail=0 free_kb=6105204 sims_boxwide=6 last_event_age=0s last_event_epoch=1790478788
[05:20:19] .. alive runid=20260927-033204-1937 event_age=431s | wave=s3 total=407 valid=11 running=7 pending=389 launched=18 failed=0 gaveup=0 forkfail=0 free_kb=6105204 sims_boxwide=6 last_event_age=0s last_event_epoch=1790478788
[05:21:19] .. alive runid=20260927-033204-1937 event_age=491s | wave=s3 total=407 valid=11 running=7 pending=389 launched=18 failed=0 gaveup=0 forkfail=0 free_kb=6105204 sims_boxwide=6 last_event_age=0s last_event_epoch=1790478788
[05:22:19] .. alive runid=20260927-033204-1937 event_age=551s | wave=s3 total=407 valid=11 running=7 pending=389 launched=18 failed=0 gaveup=0 forkfail=0 free_kb=6105204 sims_boxwide=6 last_event_age=0s last_event_epoch=1790478788
[05:23:19] .. alive runid=20260927-033204-1937 event_age=611s | wave=s3 total=407 valid=11 running=7 pending=389 launched=18 failed=0 gaveup=0 forkfail=0 free_kb=6105204 sims_boxwide=6 last_event_age=0s last_event_epoch=1790478788
[05:24:19] .. alive runid=20260927-033204-1937 event_age=671s | wave=s3 total=407 valid=11 running=7 pending=389 launched=18 failed=0 gaveup=0 forkfail=0 free_kb=6105204 sims_boxwide=6 last_event_age=0s last_event_epoch=1790478788
[05:24:41] DONE clC_east_half_1506055301 rc=0 837s clC east/half seed=1506055301 rescued=3 dead=1 unreachable=0 never_detected=0 ff_deaths=0 terminal=96 completions=3 recycles=3 removals=3 returns=3 wall=835s [valid 12/407] src=2a36d14ad942 ext=6fc3e7041ad3 head=108a0adf55acdb5743cd70a347fc7810fbcefe24
[05:24:43] LAUNCH clC_east_half_2095654154 running=7 free_kb=5916804 sims_boxwide=6 attempt=1 src=2a36d14ad942 ext=6fc3e7041ad3 head=108a0adf55acdb5743cd70a347fc7810fbcefe24
[05:25:19] .. alive runid=20260927-033204-1937 event_age=36s | wave=s3 total=407 valid=12 running=7 pending=388 launched=19 failed=0 gaveup=0 forkfail=0 free_kb=5916804 sims_boxwide=6 last_event_age=0s last_event_epoch=1790479483
[05:26:19] .. alive runid=20260927-033204-1937 event_age=96s | wave=s3 total=407 valid=12 running=7 pending=388 launched=19 failed=0 gaveup=0 forkfail=0 free_kb=5916804 sims_boxwide=6 last_event_age=0s last_event_epoch=1790479483
[05:27:19] .. alive runid=20260927-033204-1937 event_age=156s | wave=s3 total=407 valid=12 running=7 pending=388 launched=19 failed=0 gaveup=0 forkfail=0 free_kb=5916804 sims_boxwide=6 last_event_age=0s last_event_epoch=1790479483
[05:28:19] .. alive runid=20260927-033204-1937 event_age=216s | wave=s3 total=407 valid=12 running=7 pending=388 launched=19 failed=0 gaveup=0 forkfail=0 free_kb=5916804 sims_boxwide=6 last_event_age=0s last_event_epoch=1790479483
[05:29:19] .. alive runid=20260927-033204-1937 event_age=276s | wave=s3 total=407 valid=12 running=7 pending=388 launched=19 failed=0 gaveup=0 forkfail=0 free_kb=5916804 sims_boxwide=6 last_event_age=0s last_event_epoch=1790479483
[05:30:19] .. alive runid=20260927-033204-1937 event_age=336s | wave=s3 total=407 valid=12 running=7 pending=388 launched=19 failed=0 gaveup=0 forkfail=0 free_kb=5916804 sims_boxwide=6 last_event_age=0s last_event_epoch=1790479483
[05:30:31] DONE clC_east_half_1999015533 rc=0 1043s clC east/half seed=1999015533 rescued=4 dead=0 unreachable=0 never_detected=0 ff_deaths=0 terminal=156 completions=4 recycles=4 removals=4 returns=4 wall=1041s [valid 13/407] src=2a36d14ad942 ext=6fc3e7041ad3 head=108a0adf55acdb5743cd70a347fc7810fbcefe24
[05:30:33] LAUNCH clC_east_half_824498143 running=7 free_kb=5776388 sims_boxwide=6 attempt=1 src=2a36d14ad942 ext=6fc3e7041ad3 head=108a0adf55acdb5743cd70a347fc7810fbcefe24
[05:31:20] .. alive runid=20260927-033204-1937 event_age=47s | wave=s3 total=407 valid=13 running=7 pending=387 launched=20 failed=0 gaveup=0 forkfail=0 free_kb=5776388 sims_boxwide=6 last_event_age=0s last_event_epoch=1790479833
[05:32:20] .. alive runid=20260927-033204-1937 event_age=107s | wave=s3 total=407 valid=13 running=7 pending=387 launched=20 failed=0 gaveup=0 forkfail=0 free_kb=5776388 sims_boxwide=6 last_event_age=0s last_event_epoch=1790479833
[05:33:19] DONE clGSNa_D_east rc=0 4395s | clGSNa east seed 101 done 902.5s: rescued=3 dead=1 ff_deaths=1 | fires=2 recoveries=1 bad_assign=1 | clGSNa east seed 202 done 722.0s: rescued=3 dead=1 ff_deaths=0 | fires=2 recoveries=1 bad_assign=1 | clGSNa east seed 303 done 780.8s: rescued=3 dead=1 ff_deaths=0 | fires=5 recoveries=3 bad_assign=3 | clGSNa east seed 404 done 1286.0s: rescued=3 dead=0 ff_deaths=1 | fires=6 recoveries=3 bad_assign=4 | clGSNa east seed 505 done 701.9s: rescued=3 dead=1 ff_deaths=0 | fires=6 recoveries=3 bad_assign=4  [valid 14/407] src=2a36d14ad942 ext=6fc3e7041ad3 head=108a0adf55acdb5743cd70a347fc7810fbcefe24
[05:33:20] .. alive runid=20260927-033204-1937 event_age=1s | wave=s3 total=407 valid=14 running=6 pending=387 launched=20 failed=0 gaveup=0 forkfail=0 free_kb=5776388 sims_boxwide=6 last_event_age=0s last_event_epoch=1790479999
[05:33:21] LAUNCH clC_east_half_1468405687 running=7 free_kb=6039416 sims_boxwide=6 attempt=1 src=2a36d14ad942 ext=6fc3e7041ad3 head=108a0adf55acdb5743cd70a347fc7810fbcefe24
[05:34:20] .. alive runid=20260927-033204-1937 event_age=59s | wave=s3 total=407 valid=14 running=7 pending=386 launched=21 failed=0 gaveup=0 forkfail=0 free_kb=6039416 sims_boxwide=6 last_event_age=0s last_event_epoch=1790480001
[05:35:09] DONE clGAc_D_east rc=0 2780s | clGAc east seed 111 done 788.8s: rescued=4 dead=0 ff_deaths=0 | fires=0 recoveries=0 bad_assign=0 | clGAc east seed 222 done 846.8s: rescued=4 dead=0 ff_deaths=0 | fires=0 recoveries=0 bad_assign=0 | clGAc east seed 333 done 718.9s: rescued=3 dead=1 ff_deaths=0 | fires=0 recoveries=0 bad_assign=0 | clGAc east seed 444 done 423.5s: rescued=4 dead=0 ff_deaths=0 | fires=0 recoveries=0 bad_assign=0  [valid 15/407] src=2a36d14ad942 ext=6fc3e7041ad3 head=108a0adf55acdb5743cd70a347fc7810fbcefe24
[05:35:11] LAUNCH clC_east_half_731846821 running=7 free_kb=5950028 sims_boxwide=6 attempt=1 src=2a36d14ad942 ext=6fc3e7041ad3 head=108a0adf55acdb5743cd70a347fc7810fbcefe24
[05:35:20] .. alive runid=20260927-033204-1937 event_age=9s | wave=s3 total=407 valid=15 running=7 pending=385 launched=22 failed=0 gaveup=0 forkfail=0 free_kb=5950028 sims_boxwide=6 last_event_age=0s last_event_epoch=1790480111
[05:36:20] .. alive runid=20260927-033204-1937 event_age=69s | wave=s3 total=407 valid=15 running=7 pending=385 launched=22 failed=0 gaveup=0 forkfail=0 free_kb=5950028 sims_boxwide=6 last_event_age=0s last_event_epoch=1790480111
[05:37:18] DONE clGAb_D_east rc=0 3021s | clGAb east seed 606 done 1276.1s: rescued=3 dead=0 ff_deaths=0 | fires=2 recoveries=2 bad_assign=1 | clGAb east seed 707 done 265.3s: rescued=2 dead=0 ff_deaths=0 | fires=2 recoveries=2 bad_assign=1 | clGAb east seed 808 done 714.7s: rescued=3 dead=1 ff_deaths=0 | fires=2 recoveries=2 bad_assign=1 | clGAb east seed 909 done 762.7s: rescued=4 dead=0 ff_deaths=0 | fires=2 recoveries=2 bad_assign=1  [valid 16/407] src=2a36d14ad942 ext=6fc3e7041ad3 head=108a0adf55acdb5743cd70a347fc7810fbcefe24
[05:37:20] LAUNCH clC_east_half_1301429659 running=7 free_kb=6099048 sims_boxwide=6 attempt=1 src=2a36d14ad942 ext=6fc3e7041ad3 head=108a0adf55acdb5743cd70a347fc7810fbcefe24
[05:37:20] .. alive runid=20260927-033204-1937 event_age=0s | wave=s3 total=407 valid=16 running=7 pending=384 launched=23 failed=0 gaveup=0 forkfail=0 free_kb=6099048 sims_boxwide=6 last_event_age=0s last_event_epoch=1790480240
[05:38:20] .. alive runid=20260927-033204-1937 event_age=60s | wave=s3 total=407 valid=16 running=7 pending=384 launched=23 failed=0 gaveup=0 forkfail=0 free_kb=6099048 sims_boxwide=6 last_event_age=0s last_event_epoch=1790480240
[05:39:20] .. alive runid=20260927-033204-1937 event_age=120s | wave=s3 total=407 valid=16 running=7 pending=384 launched=23 failed=0 gaveup=0 forkfail=0 free_kb=6099048 sims_boxwide=6 last_event_age=0s last_event_epoch=1790480240
[05:40:20] .. alive runid=20260927-033204-1937 event_age=180s | wave=s3 total=407 valid=16 running=7 pending=384 launched=23 failed=0 gaveup=0 forkfail=0 free_kb=6099048 sims_boxwide=6 last_event_age=0s last_event_epoch=1790480240
[05:41:05] DONE clGAs_D_south rc=0 2226s | clGAs south seed 101 done 441.4s: rescued=2 dead=2 ff_deaths=1 | fires=5 recoveries=3 bad_assign=1 | clGAs south seed 202 done 506.3s: rescued=4 dead=0 ff_deaths=0 | fires=7 recoveries=4 bad_assign=1 | clGAs south seed 303 done 378.4s: rescued=4 dead=0 ff_deaths=0 | fires=7 recoveries=4 bad_assign=1 | clGAs south seed 404 done 519.4s: rescued=1 dead=0 ff_deaths=1 | fires=11 recoveries=6 bad_assign=2 | clGAs south seed 505 done 378.4s: rescued=3 dead=1 ff_deaths=0 | fires=13 recoveries=8 bad_assign=3  [valid 17/407] src=2a36d14ad942 ext=6fc3e7041ad3 head=108a0adf55acdb5743cd70a347fc7810fbcefe24
[05:41:06] LAUNCH clC_east_half_53258209 running=7 free_kb=6262076 sims_boxwide=6 attempt=1 src=2a36d14ad942 ext=6fc3e7041ad3 head=108a0adf55acdb5743cd70a347fc7810fbcefe24
[05:41:21] .. alive runid=20260927-033204-1937 event_age=15s | wave=s3 total=407 valid=17 running=7 pending=383 launched=24 failed=0 gaveup=0 forkfail=0 free_kb=6262076 sims_boxwide=6 last_event_age=0s last_event_epoch=1790480466
[05:42:21] .. alive runid=20260927-033204-1937 event_age=75s | wave=s3 total=407 valid=17 running=7 pending=383 launched=24 failed=0 gaveup=0 forkfail=0 free_kb=6262076 sims_boxwide=6 last_event_age=0s last_event_epoch=1790480466
[05:43:21] .. alive runid=20260927-033204-1937 event_age=135s | wave=s3 total=407 valid=17 running=7 pending=383 launched=24 failed=0 gaveup=0 forkfail=0 free_kb=6262076 sims_boxwide=6 last_event_age=0s last_event_epoch=1790480466
[05:44:21] .. alive runid=20260927-033204-1937 event_age=195s | wave=s3 total=407 valid=17 running=7 pending=383 launched=24 failed=0 gaveup=0 forkfail=0 free_kb=6262076 sims_boxwide=6 last_event_age=0s last_event_epoch=1790480466
[05:45:21] .. alive runid=20260927-033204-1937 event_age=255s | wave=s3 total=407 valid=17 running=7 pending=383 launched=24 failed=0 gaveup=0 forkfail=0 free_kb=6262076 sims_boxwide=6 last_event_age=0s last_event_epoch=1790480466
[05:46:21] .. alive runid=20260927-033204-1937 event_age=315s | wave=s3 total=407 valid=17 running=7 pending=383 launched=24 failed=0 gaveup=0 forkfail=0 free_kb=6262076 sims_boxwide=6 last_event_age=0s last_event_epoch=1790480466
[05:46:33] DONE clC_east_half_824498143 rc=0 959s clC east/half seed=824498143 rescued=3 dead=1 unreachable=0 never_detected=0 ff_deaths=0 terminal=105 completions=3 recycles=3 removals=3 returns=3 wall=958s [valid 18/407] src=2a36d14ad942 ext=6fc3e7041ad3 head=108a0adf55acdb5743cd70a347fc7810fbcefe24
[05:46:34] LAUNCH clC_east_half_1341701987 running=7 free_kb=7079848 sims_boxwide=6 attempt=1 src=2a36d14ad942 ext=6fc3e7041ad3 head=108a0adf55acdb5743cd70a347fc7810fbcefe24
[05:47:10] DONE clC_east_half_1468405687 rc=0 828s clC east/half seed=1468405687 rescued=3 dead=1 unreachable=0 never_detected=0 ff_deaths=0 terminal=108 completions=3 recycles=3 removals=3 returns=3 wall=827s [valid 19/407] src=2a36d14ad942 ext=6fc3e7041ad3 head=108a0adf55acdb5743cd70a347fc7810fbcefe24
[05:47:11] LAUNCH clC_east_half_264075293 running=7 free_kb=6245212 sims_boxwide=6 attempt=1 src=2a36d14ad942 ext=6fc3e7041ad3 head=108a0adf55acdb5743cd70a347fc7810fbcefe24
[05:47:21] .. alive runid=20260927-033204-1937 event_age=10s | wave=s3 total=407 valid=19 running=7 pending=381 launched=26 failed=0 gaveup=0 forkfail=0 free_kb=6245212 sims_boxwide=6 last_event_age=0s last_event_epoch=1790480831
[05:48:21] .. alive runid=20260927-033204-1937 event_age=70s | wave=s3 total=407 valid=19 running=7 pending=381 launched=26 failed=0 gaveup=0 forkfail=0 free_kb=6245212 sims_boxwide=6 last_event_age=0s last_event_epoch=1790480831
[05:49:21] .. alive runid=20260927-033204-1937 event_age=130s | wave=s3 total=407 valid=19 running=7 pending=381 launched=26 failed=0 gaveup=0 forkfail=0 free_kb=6245212 sims_boxwide=6 last_event_age=0s last_event_epoch=1790480831
[05:50:21] .. alive runid=20260927-033204-1937 event_age=190s | wave=s3 total=407 valid=19 running=7 pending=381 launched=26 failed=0 gaveup=0 forkfail=0 free_kb=6245212 sims_boxwide=6 last_event_age=0s last_event_epoch=1790480831
[05:50:48] DONE clC_east_half_1301429659 rc=0 807s clC east/half seed=1301429659 rescued=3 dead=1 unreachable=0 never_detected=0 ff_deaths=0 terminal=91 completions=3 recycles=3 removals=3 returns=3 wall=806s [valid 20/407] src=2a36d14ad942 ext=6fc3e7041ad3 head=108a0adf55acdb5743cd70a347fc7810fbcefe24
[05:50:49] LAUNCH clC_east_half_2091896221 running=7 free_kb=6176004 sims_boxwide=6 attempt=1 src=2a36d14ad942 ext=6fc3e7041ad3 head=108a0adf55acdb5743cd70a347fc7810fbcefe24
[05:51:13] DONE clC_east_half_731846821 rc=0 962s clC east/half seed=731846821 rescued=3 dead=1 unreachable=0 never_detected=0 ff_deaths=0 terminal=133 completions=3 recycles=3 removals=3 returns=3 wall=960s [valid 21/407] src=2a36d14ad942 ext=6fc3e7041ad3 head=108a0adf55acdb5743cd70a347fc7810fbcefe24
[05:51:15] LAUNCH clC_east_half_21892117 running=7 free_kb=6215472 sims_boxwide=6 attempt=1 src=2a36d14ad942 ext=6fc3e7041ad3 head=108a0adf55acdb5743cd70a347fc7810fbcefe24
[05:51:22] .. alive runid=20260927-033204-1937 event_age=7s | wave=s3 total=407 valid=21 running=7 pending=379 launched=28 failed=0 gaveup=0 forkfail=0 free_kb=6215472 sims_boxwide=6 last_event_age=0s last_event_epoch=1790481075
[05:51:28] DONE clC_east_half_2095654154 rc=0 1604s clC east/half seed=2095654154 rescued=4 dead=0 unreachable=0 never_detected=0 ff_deaths=1 terminal=273 completions=4 recycles=4 removals=4 returns=4 wall=1596s [valid 22/407] src=2a36d14ad942 ext=6fc3e7041ad3 head=108a0adf55acdb5743cd70a347fc7810fbcefe24
[05:51:29] LAUNCH clC_east_half_1717500098 running=7 free_kb=6258112 sims_boxwide=6 attempt=1 src=2a36d14ad942 ext=6fc3e7041ad3 head=108a0adf55acdb5743cd70a347fc7810fbcefe24
[05:52:22] .. alive runid=20260927-033204-1937 event_age=53s | wave=s3 total=407 valid=22 running=7 pending=378 launched=29 failed=0 gaveup=0 forkfail=0 free_kb=6258112 sims_boxwide=6 last_event_age=0s last_event_epoch=1790481089
[05:53:22] .. alive runid=20260927-033204-1937 event_age=113s | wave=s3 total=407 valid=22 running=7 pending=378 launched=29 failed=0 gaveup=0 forkfail=0 free_kb=6258112 sims_boxwide=6 last_event_age=0s last_event_epoch=1790481089
[05:54:22] .. alive runid=20260927-033204-1937 event_age=173s | wave=s3 total=407 valid=22 running=7 pending=378 launched=29 failed=0 gaveup=0 forkfail=0 free_kb=6258112 sims_boxwide=6 last_event_age=0s last_event_epoch=1790481089
[05:55:22] .. alive runid=20260927-033204-1937 event_age=233s | wave=s3 total=407 valid=22 running=7 pending=378 launched=29 failed=0 gaveup=0 forkfail=0 free_kb=6258112 sims_boxwide=6 last_event_age=0s last_event_epoch=1790481089
[05:55:40] DONE clGAa_D_east rc=0 4253s | clGAa east seed 101 done 800.7s: rescued=4 dead=0 ff_deaths=0 | fires=0 recoveries=0 bad_assign=0 | clGAa east seed 202 done 688.8s: rescued=3 dead=1 ff_deaths=0 | fires=0 recoveries=0 bad_assign=0 | clGAa east seed 303 done 784.4s: rescued=3 dead=1 ff_deaths=0 | fires=3 recoveries=2 bad_assign=2 | clGAa east seed 404 done 1283.0s: rescued=3 dead=0 ff_deaths=1 | fires=4 recoveries=2 bad_assign=3 | clGAa east seed 505 done 694.0s: rescued=3 dead=1 ff_deaths=0 | fires=4 recoveries=2 bad_assign=3  [valid 23/407] src=2a36d14ad942 ext=6fc3e7041ad3 head=108a0adf55acdb5743cd70a347fc7810fbcefe24
[05:55:42] LAUNCH clC_south_half_1386492524 running=7 free_kb=6276908 sims_boxwide=6 attempt=1 src=2a36d14ad942 ext=6fc3e7041ad3 head=108a0adf55acdb5743cd70a347fc7810fbcefe24
[05:56:22] .. alive runid=20260927-033204-1937 event_age=40s | wave=s3 total=407 valid=23 running=7 pending=377 launched=30 failed=0 gaveup=0 forkfail=0 free_kb=6276908 sims_boxwide=6 last_event_age=0s last_event_epoch=1790481342
[05:57:22] .. alive runid=20260927-033204-1937 event_age=100s | wave=s3 total=407 valid=23 running=7 pending=377 launched=30 failed=0 gaveup=0 forkfail=0 free_kb=6276908 sims_boxwide=6 last_event_age=0s last_event_epoch=1790481342
[05:58:22] .. alive runid=20260927-033204-1937 event_age=160s | wave=s3 total=407 valid=23 running=7 pending=377 launched=30 failed=0 gaveup=0 forkfail=0 free_kb=6276908 sims_boxwide=6 last_event_age=0s last_event_epoch=1790481342
[05:59:08] DONE clC_east_half_53258209 rc=0 1081s clC east/half seed=53258209 rescued=4 dead=0 unreachable=0 never_detected=0 ff_deaths=1 terminal=162 completions=4 recycles=4 removals=4 returns=4 wall=1077s [valid 24/407] src=2a36d14ad942 ext=6fc3e7041ad3 head=108a0adf55acdb5743cd70a347fc7810fbcefe24
[05:59:09] LAUNCH clC_south_half_481765503 running=7 free_kb=7965000 sims_boxwide=6 attempt=1 src=2a36d14ad942 ext=6fc3e7041ad3 head=108a0adf55acdb5743cd70a347fc7810fbcefe24
[05:59:22] .. alive runid=20260927-033204-1937 event_age=13s | wave=s3 total=407 valid=24 running=7 pending=376 launched=31 failed=0 gaveup=0 forkfail=0 free_kb=7965000 sims_boxwide=6 last_event_age=0s last_event_epoch=1790481549
[06:00:22] .. alive runid=20260927-033204-1937 event_age=73s | wave=s3 total=407 valid=24 running=7 pending=376 launched=31 failed=0 gaveup=0 forkfail=0 free_kb=7965000 sims_boxwide=6 last_event_age=0s last_event_epoch=1790481549
[06:00:56] DONE clC_east_half_264075293 rc=0 824s clC east/half seed=264075293 rescued=3 dead=1 unreachable=0 never_detected=0 ff_deaths=0 terminal=107 completions=3 recycles=3 removals=3 returns=3 wall=822s [valid 25/407] src=2a36d14ad942 ext=6fc3e7041ad3 head=108a0adf55acdb5743cd70a347fc7810fbcefe24
[06:00:57] LAUNCH clC_south_half_1415738618 running=7 free_kb=8036416 sims_boxwide=6 attempt=1 src=2a36d14ad942 ext=6fc3e7041ad3 head=108a0adf55acdb5743cd70a347fc7810fbcefe24
[06:01:22] .. alive runid=20260927-033204-1937 event_age=25s | wave=s3 total=407 valid=25 running=7 pending=375 launched=32 failed=0 gaveup=0 forkfail=0 free_kb=8036416 sims_boxwide=6 last_event_age=0s last_event_epoch=1790481657
[06:02:23] .. alive runid=20260927-033204-1937 event_age=86s | wave=s3 total=407 valid=25 running=7 pending=375 launched=32 failed=0 gaveup=0 forkfail=0 free_kb=8036416 sims_boxwide=6 last_event_age=0s last_event_epoch=1790481657
[06:03:02] DONE clC_east_half_1341701987 rc=0 987s clC east/half seed=1341701987 rescued=4 dead=0 unreachable=0 never_detected=0 ff_deaths=0 terminal=149 completions=4 recycles=4 removals=4 returns=4 wall=985s [valid 26/407] src=2a36d14ad942 ext=6fc3e7041ad3 head=108a0adf55acdb5743cd70a347fc7810fbcefe24
[06:03:03] LAUNCH clC_south_half_1218089274 running=7 free_kb=8019588 sims_boxwide=6 attempt=1 src=2a36d14ad942 ext=6fc3e7041ad3 head=108a0adf55acdb5743cd70a347fc7810fbcefe24
[06:03:23] .. alive runid=20260927-033204-1937 event_age=20s | wave=s3 total=407 valid=26 running=7 pending=374 launched=33 failed=0 gaveup=0 forkfail=0 free_kb=8019588 sims_boxwide=6 last_event_age=0s last_event_epoch=1790481783
[06:04:23] .. alive runid=20260927-033204-1937 event_age=80s | wave=s3 total=407 valid=26 running=7 pending=374 launched=33 failed=0 gaveup=0 forkfail=0 free_kb=8019588 sims_boxwide=6 last_event_age=0s last_event_epoch=1790481783
[06:05:23] .. alive runid=20260927-033204-1937 event_age=140s | wave=s3 total=407 valid=26 running=7 pending=374 launched=33 failed=0 gaveup=0 forkfail=0 free_kb=8019588 sims_boxwide=6 last_event_age=0s last_event_epoch=1790481783
[06:06:20] DONE clC_south_half_1386492524 rc=0 637s clC south/half seed=1386492524 rescued=3 dead=1 unreachable=0 never_detected=0 ff_deaths=0 terminal=128 completions=3 recycles=3 removals=3 returns=3 wall=636s [valid 27/407] src=2a36d14ad942 ext=6fc3e7041ad3 head=108a0adf55acdb5743cd70a347fc7810fbcefe24
[06:06:21] LAUNCH clC_south_half_2084799913 running=7 free_kb=7997188 sims_boxwide=6 attempt=1 src=2a36d14ad942 ext=6fc3e7041ad3 head=108a0adf55acdb5743cd70a347fc7810fbcefe24
[06:06:23] .. alive runid=20260927-033204-1937 event_age=2s | wave=s3 total=407 valid=27 running=7 pending=373 launched=34 failed=0 gaveup=0 forkfail=0 free_kb=7997188 sims_boxwide=6 last_event_age=0s last_event_epoch=1790481981
[06:07:23] .. alive runid=20260927-033204-1937 event_age=62s | wave=s3 total=407 valid=27 running=7 pending=373 launched=34 failed=0 gaveup=0 forkfail=0 free_kb=7997188 sims_boxwide=6 last_event_age=0s last_event_epoch=1790481981
[06:08:20] DONE clC_south_half_481765503 rc=0 551s clC south/half seed=481765503 rescued=4 dead=0 unreachable=0 never_detected=0 ff_deaths=0 terminal=102 completions=4 recycles=4 removals=4 returns=4 wall=549s [valid 28/407] src=2a36d14ad942 ext=6fc3e7041ad3 head=108a0adf55acdb5743cd70a347fc7810fbcefe24
[06:08:22] LAUNCH clC_south_half_1335705976 running=7 free_kb=8062604 sims_boxwide=6 attempt=1 src=2a36d14ad942 ext=6fc3e7041ad3 head=108a0adf55acdb5743cd70a347fc7810fbcefe24
[06:08:23] .. alive runid=20260927-033204-1937 event_age=1s | wave=s3 total=407 valid=28 running=7 pending=372 launched=35 failed=0 gaveup=0 forkfail=0 free_kb=8062604 sims_boxwide=6 last_event_age=0s last_event_epoch=1790482102
[06:08:35] DONE clC_south_half_1415738618 rc=0 457s clC south/half seed=1415738618 rescued=4 dead=0 unreachable=0 never_detected=0 ff_deaths=0 terminal=118 completions=4 recycles=4 removals=4 returns=4 wall=453s [valid 29/407] src=2a36d14ad942 ext=6fc3e7041ad3 head=108a0adf55acdb5743cd70a347fc7810fbcefe24
[06:08:36] LAUNCH clC_south_half_588279432 running=7 free_kb=8086836 sims_boxwide=6 attempt=1 src=2a36d14ad942 ext=6fc3e7041ad3 head=108a0adf55acdb5743cd70a347fc7810fbcefe24
[06:09:06] DONE clC_east_half_21892117 rc=0 1070s clC east/half seed=21892117 rescued=4 dead=0 unreachable=0 never_detected=0 ff_deaths=0 terminal=157 completions=4 recycles=4 removals=4 returns=4 wall=1069s [valid 30/407] src=2a36d14ad942 ext=6fc3e7041ad3 head=108a0adf55acdb5743cd70a347fc7810fbcefe24
[06:09:07] LAUNCH clC_south_half_1887778617 running=7 free_kb=8141668 sims_boxwide=6 attempt=1 src=2a36d14ad942 ext=6fc3e7041ad3 head=108a0adf55acdb5743cd70a347fc7810fbcefe24
[06:09:23] .. alive runid=20260927-033204-1937 event_age=16s | wave=s3 total=407 valid=30 running=7 pending=370 launched=37 failed=0 gaveup=0 forkfail=0 free_kb=8141668 sims_boxwide=6 last_event_age=0s last_event_epoch=1790482147
[06:09:43] DONE clC_east_half_2091896221 rc=0 1133s clC east/half seed=2091896221 rescued=3 dead=0 unreachable=1 never_detected=1 ff_deaths=0 terminal=210 completions=3 recycles=3 removals=3 returns=3 wall=1131s [valid 31/407] src=2a36d14ad942 ext=6fc3e7041ad3 head=108a0adf55acdb5743cd70a347fc7810fbcefe24
[06:09:44] LAUNCH clC_south_half_2128361047 running=7 free_kb=8060448 sims_boxwide=6 attempt=1 src=2a36d14ad942 ext=6fc3e7041ad3 head=108a0adf55acdb5743cd70a347fc7810fbcefe24
[06:10:23] DONE clC_east_half_1717500098 rc=0 1133s clC east/half seed=1717500098 rescued=4 dead=0 unreachable=0 never_detected=0 ff_deaths=0 terminal=182 completions=4 recycles=4 removals=4 returns=4 wall=1131s [valid 32/407] src=2a36d14ad942 ext=6fc3e7041ad3 head=108a0adf55acdb5743cd70a347fc7810fbcefe24
[06:10:23] .. alive runid=20260927-033204-1937 event_age=1s | wave=s3 total=407 valid=32 running=6 pending=369 launched=38 failed=0 gaveup=0 forkfail=0 free_kb=8102808 sims_boxwide=6 last_event_age=1s last_event_epoch=1790482222
[06:10:24] LAUNCH clC_south_half_684332673 running=7 free_kb=8102808 sims_boxwide=6 attempt=1 src=2a36d14ad942 ext=6fc3e7041ad3 head=108a0adf55acdb5743cd70a347fc7810fbcefe24
[06:11:23] .. alive runid=20260927-033204-1937 event_age=59s | wave=s3 total=407 valid=32 running=7 pending=368 launched=39 failed=0 gaveup=0 forkfail=0 free_kb=8102808 sims_boxwide=6 last_event_age=0s last_event_epoch=1790482224
[06:12:23] .. alive runid=20260927-033204-1937 event_age=119s | wave=s3 total=407 valid=32 running=7 pending=368 launched=39 failed=0 gaveup=0 forkfail=0 free_kb=8102808 sims_boxwide=6 last_event_age=0s last_event_epoch=1790482224
[06:12:33] DONE clC_south_half_1218089274 rc=0 569s clC south/half seed=1218089274 rescued=3 dead=0 unreachable=1 never_detected=0 ff_deaths=2 terminal=175 completions=3 recycles=3 removals=3 returns=3 wall=567s [valid 33/407] src=2a36d14ad942 ext=6fc3e7041ad3 head=108a0adf55acdb5743cd70a347fc7810fbcefe24
[06:12:34] LAUNCH clC_south_half_1320165480 running=7 free_kb=8074040 sims_boxwide=6 attempt=1 src=2a36d14ad942 ext=6fc3e7041ad3 head=108a0adf55acdb5743cd70a347fc7810fbcefe24
[06:13:24] .. alive runid=20260927-033204-1937 event_age=50s | wave=s3 total=407 valid=33 running=7 pending=367 launched=40 failed=0 gaveup=0 forkfail=0 free_kb=8074040 sims_boxwide=6 last_event_age=0s last_event_epoch=1790482354
[06:14:24] .. alive runid=20260927-033204-1937 event_age=110s | wave=s3 total=407 valid=33 running=7 pending=367 launched=40 failed=0 gaveup=0 forkfail=0 free_kb=8074040 sims_boxwide=6 last_event_age=0s last_event_epoch=1790482354
[06:14:50] DONE clC_south_half_2084799913 rc=0 508s clC south/half seed=2084799913 rescued=4 dead=0 unreachable=0 never_detected=0 ff_deaths=0 terminal=178 completions=4 recycles=4 removals=4 returns=4 wall=506s [valid 34/407] src=2a36d14ad942 ext=6fc3e7041ad3 head=108a0adf55acdb5743cd70a347fc7810fbcefe24
[06:14:51] LAUNCH clC_south_half_751617716 running=7 free_kb=7956056 sims_boxwide=6 attempt=1 src=2a36d14ad942 ext=6fc3e7041ad3 head=108a0adf55acdb5743cd70a347fc7810fbcefe24
[06:15:24] .. alive runid=20260927-033204-1937 event_age=33s | wave=s3 total=407 valid=34 running=7 pending=366 launched=41 failed=0 gaveup=0 forkfail=0 free_kb=7956056 sims_boxwide=6 last_event_age=0s last_event_epoch=1790482491
[06:16:19] DONE clC_south_half_588279432 rc=0 462s clC south/half seed=588279432 rescued=4 dead=0 unreachable=0 never_detected=0 ff_deaths=0 terminal=139 completions=4 recycles=4 removals=4 returns=4 wall=461s [valid 35/407] src=2a36d14ad942 ext=6fc3e7041ad3 head=108a0adf55acdb5743cd70a347fc7810fbcefe24
[06:16:20] LAUNCH clC_south_half_422588777 running=7 free_kb=8035236 sims_boxwide=6 attempt=1 src=2a36d14ad942 ext=6fc3e7041ad3 head=108a0adf55acdb5743cd70a347fc7810fbcefe24
[06:16:24] .. alive runid=20260927-033204-1937 event_age=4s | wave=s3 total=407 valid=35 running=7 pending=365 launched=42 failed=0 gaveup=0 forkfail=0 free_kb=8035236 sims_boxwide=6 last_event_age=0s last_event_epoch=1790482580
[06:16:34] DONE clC_south_half_1335705976 rc=0 491s clC south/half seed=1335705976 rescued=4 dead=0 unreachable=0 never_detected=0 ff_deaths=0 terminal=151 completions=4 recycles=4 removals=4 returns=4 wall=490s [valid 36/407] src=2a36d14ad942 ext=6fc3e7041ad3 head=108a0adf55acdb5743cd70a347fc7810fbcefe24
[06:16:35] LAUNCH clC_east_def_6554204 running=7 free_kb=8981112 sims_boxwide=6 attempt=1 src=2a36d14ad942 ext=6fc3e7041ad3 head=108a0adf55acdb5743cd70a347fc7810fbcefe24
[06:17:24] .. alive runid=20260927-033204-1937 event_age=49s | wave=s3 total=407 valid=36 running=7 pending=364 launched=43 failed=0 gaveup=0 forkfail=0 free_kb=8981112 sims_boxwide=6 last_event_age=0s last_event_epoch=1790482595
[06:17:45] DONE clC_south_half_2128361047 rc=0 480s clC south/half seed=2128361047 rescued=4 dead=0 unreachable=0 never_detected=0 ff_deaths=0 terminal=148 completions=4 recycles=4 removals=4 returns=4 wall=478s [valid 37/407] src=2a36d14ad942 ext=6fc3e7041ad3 head=108a0adf55acdb5743cd70a347fc7810fbcefe24
[06:17:46] LAUNCH clC_east_def_1325753362 running=7 free_kb=8098000 sims_boxwide=6 attempt=1 src=2a36d14ad942 ext=6fc3e7041ad3 head=108a0adf55acdb5743cd70a347fc7810fbcefe24
[06:18:24] .. alive runid=20260927-033204-1937 event_age=38s | wave=s3 total=407 valid=37 running=7 pending=363 launched=44 failed=0 gaveup=0 forkfail=0 free_kb=8098000 sims_boxwide=6 last_event_age=0s last_event_epoch=1790482666
[06:19:24] .. alive runid=20260927-033204-1937 event_age=98s | wave=s3 total=407 valid=37 running=7 pending=363 launched=44 failed=0 gaveup=0 forkfail=0 free_kb=8098000 sims_boxwide=6 last_event_age=0s last_event_epoch=1790482666
[06:19:44] DONE clC_south_half_1887778617 rc=0 636s clC south/half seed=1887778617 rescued=3 dead=0 unreachable=1 never_detected=0 ff_deaths=2 terminal=213 completions=3 recycles=3 removals=3 returns=3 wall=634s [valid 38/407] src=2a36d14ad942 ext=6fc3e7041ad3 head=108a0adf55acdb5743cd70a347fc7810fbcefe24
[06:19:45] LAUNCH clC_east_def_265702576 running=7 free_kb=8042564 sims_boxwide=6 attempt=1 src=2a36d14ad942 ext=6fc3e7041ad3 head=108a0adf55acdb5743cd70a347fc7810fbcefe24
[06:20:24] .. alive runid=20260927-033204-1937 event_age=39s | wave=s3 total=407 valid=38 running=7 pending=362 launched=45 failed=0 gaveup=0 forkfail=0 free_kb=8042564 sims_boxwide=6 last_event_age=0s last_event_epoch=1790482785
[06:21:24] .. alive runid=20260927-033204-1937 event_age=99s | wave=s3 total=407 valid=38 running=7 pending=362 launched=45 failed=0 gaveup=0 forkfail=0 free_kb=8042564 sims_boxwide=6 last_event_age=0s last_event_epoch=1790482785
[06:21:55] DONE clC_south_half_684332673 rc=0 691s clC south/half seed=684332673 rescued=4 dead=0 unreachable=0 never_detected=0 ff_deaths=0 terminal=187 completions=4 recycles=4 removals=4 returns=4 wall=689s [valid 39/407] src=2a36d14ad942 ext=6fc3e7041ad3 head=108a0adf55acdb5743cd70a347fc7810fbcefe24
[06:21:57] LAUNCH clC_east_def_1686457565 running=7 free_kb=8106892 sims_boxwide=6 attempt=1 src=2a36d14ad942 ext=6fc3e7041ad3 head=108a0adf55acdb5743cd70a347fc7810fbcefe24
[06:22:24] .. alive runid=20260927-033204-1937 event_age=27s | wave=s3 total=407 valid=39 running=7 pending=361 launched=46 failed=0 gaveup=0 forkfail=0 free_kb=8106892 sims_boxwide=6 last_event_age=0s last_event_epoch=1790482917
[06:23:24] .. alive runid=20260927-033204-1937 event_age=87s | wave=s3 total=407 valid=39 running=7 pending=361 launched=46 failed=0 gaveup=0 forkfail=0 free_kb=8106892 sims_boxwide=6 last_event_age=0s last_event_epoch=1790482917
[06:24:25] .. alive runid=20260927-033204-1937 event_age=148s | wave=s3 total=407 valid=39 running=7 pending=361 launched=46 failed=0 gaveup=0 forkfail=0 free_kb=8106892 sims_boxwide=6 last_event_age=0s last_event_epoch=1790482917
[06:24:27] DONE clC_south_half_422588777 rc=0 486s clC south/half seed=422588777 rescued=4 dead=0 unreachable=0 never_detected=0 ff_deaths=0 terminal=104 completions=4 recycles=4 removals=4 returns=4 wall=485s [valid 40/407] src=2a36d14ad942 ext=6fc3e7041ad3 head=108a0adf55acdb5743cd70a347fc7810fbcefe24
[06:24:28] LAUNCH clC_east_half_111 running=7 free_kb=7944948 sims_boxwide=6 attempt=1 src=2a36d14ad942 ext=6fc3e7041ad3 head=108a0adf55acdb5743cd70a347fc7810fbcefe24
[06:24:57] DONE clC_south_half_751617716 rc=0 605s clC south/half seed=751617716 rescued=2 dead=1 unreachable=1 never_detected=0 ff_deaths=2 terminal=179 completions=2 recycles=2 removals=2 returns=2 wall=603s [valid 41/407] src=2a36d14ad942 ext=6fc3e7041ad3 head=108a0adf55acdb5743cd70a347fc7810fbcefe24
[06:24:58] LAUNCH clC_east_half_222 running=7 free_kb=7975460 sims_boxwide=6 attempt=1 src=2a36d14ad942 ext=6fc3e7041ad3 head=108a0adf55acdb5743cd70a347fc7810fbcefe24
[06:25:11] DONE clC_south_half_1320165480 rc=0 756s clC south/half seed=1320165480 rescued=3 dead=1 unreachable=0 never_detected=0 ff_deaths=0 terminal=219 completions=3 recycles=3 removals=3 returns=3 wall=746s [valid 42/407] src=2a36d14ad942 ext=6fc3e7041ad3 head=108a0adf55acdb5743cd70a347fc7810fbcefe24
[06:25:12] LAUNCH clC_east_half_333 running=7 free_kb=8780396 sims_boxwide=6 attempt=1 src=2a36d14ad942 ext=6fc3e7041ad3 head=108a0adf55acdb5743cd70a347fc7810fbcefe24
[06:25:25] .. alive runid=20260927-033204-1937 event_age=13s | wave=s3 total=407 valid=42 running=7 pending=358 launched=49 failed=0 gaveup=0 forkfail=0 free_kb=8780396 sims_boxwide=6 last_event_age=0s last_event_epoch=1790483112
[06:25:42] DONE clC_east_def_6554204 rc=0 547s clC east/default seed=6554204 rescued=4 dead=0 unreachable=0 never_detected=0 ff_deaths=0 terminal=202 completions=4 recycles=4 removals=4 returns=4 wall=545s [valid 43/407] src=2a36d14ad942 ext=6fc3e7041ad3 head=108a0adf55acdb5743cd70a347fc7810fbcefe24
[06:25:44] LAUNCH clC_east_half_444 running=7 free_kb=8079144 sims_boxwide=6 attempt=1 src=2a36d14ad942 ext=6fc3e7041ad3 head=108a0adf55acdb5743cd70a347fc7810fbcefe24
[06:26:01] DONE clC_east_def_1325753362 rc=0 495s clC east/default seed=1325753362 rescued=4 dead=0 unreachable=0 never_detected=0 ff_deaths=0 terminal=106 completions=4 recycles=4 removals=4 returns=4 wall=492s [valid 44/407] src=2a36d14ad942 ext=6fc3e7041ad3 head=108a0adf55acdb5743cd70a347fc7810fbcefe24
[06:26:03] LAUNCH clC_east_half_606 running=7 free_kb=8162192 sims_boxwide=6 attempt=1 src=2a36d14ad942 ext=6fc3e7041ad3 head=108a0adf55acdb5743cd70a347fc7810fbcefe24
[06:26:25] .. alive runid=20260927-033204-1937 event_age=22s | wave=s3 total=407 valid=44 running=7 pending=356 launched=51 failed=0 gaveup=0 forkfail=0 free_kb=8162192 sims_boxwide=6 last_event_age=0s last_event_epoch=1790483163
[06:27:25] .. alive runid=20260927-033204-1937 event_age=82s | wave=s3 total=407 valid=44 running=7 pending=356 launched=51 failed=0 gaveup=0 forkfail=0 free_kb=8162192 sims_boxwide=6 last_event_age=0s last_event_epoch=1790483163
[06:28:25] .. alive runid=20260927-033204-1937 event_age=142s | wave=s3 total=407 valid=44 running=7 pending=356 launched=51 failed=0 gaveup=0 forkfail=0 free_kb=8162192 sims_boxwide=6 last_event_age=0s last_event_epoch=1790483163
[06:28:30] DONE clC_east_def_265702576 rc=0 524s clC east/default seed=265702576 rescued=3 dead=1 unreachable=0 never_detected=0 ff_deaths=0 terminal=157 completions=3 recycles=3 removals=3 returns=3 wall=522s [valid 45/407] src=2a36d14ad942 ext=6fc3e7041ad3 head=108a0adf55acdb5743cd70a347fc7810fbcefe24
[06:28:31] LAUNCH clC_east_half_808 running=7 free_kb=8187916 sims_boxwide=6 attempt=1 src=2a36d14ad942 ext=6fc3e7041ad3 head=108a0adf55acdb5743cd70a347fc7810fbcefe24
[06:29:25] .. alive runid=20260927-033204-1937 event_age=54s | wave=s3 total=407 valid=45 running=7 pending=355 launched=52 failed=0 gaveup=0 forkfail=0 free_kb=8187916 sims_boxwide=6 last_event_age=0s last_event_epoch=1790483311
[06:29:59] DONE clC_east_def_1686457565 rc=0 481s clC east/default seed=1686457565 rescued=4 dead=0 unreachable=0 never_detected=0 ff_deaths=0 terminal=214 completions=4 recycles=4 removals=4 returns=4 wall=480s [valid 46/407] src=2a36d14ad942 ext=6fc3e7041ad3 head=108a0adf55acdb5743cd70a347fc7810fbcefe24
[06:30:00] LAUNCH clC_east_half_909 running=7 free_kb=8078344 sims_boxwide=6 attempt=1 src=2a36d14ad942 ext=6fc3e7041ad3 head=108a0adf55acdb5743cd70a347fc7810fbcefe24
[06:30:25] .. alive runid=20260927-033204-1937 event_age=25s | wave=s3 total=407 valid=46 running=7 pending=354 launched=53 failed=0 gaveup=0 forkfail=0 free_kb=8078344 sims_boxwide=6 last_event_age=0s last_event_epoch=1790483400
[06:31:25] .. alive runid=20260927-033204-1937 event_age=85s | wave=s3 total=407 valid=46 running=7 pending=354 launched=53 failed=0 gaveup=0 forkfail=0 free_kb=8078344 sims_boxwide=6 last_event_age=0s last_event_epoch=1790483400
[06:32:25] .. alive runid=20260927-033204-1937 event_age=145s | wave=s3 total=407 valid=46 running=7 pending=354 launched=53 failed=0 gaveup=0 forkfail=0 free_kb=8078344 sims_boxwide=6 last_event_age=0s last_event_epoch=1790483400
[06:33:25] .. alive runid=20260927-033204-1937 event_age=205s | wave=s3 total=407 valid=46 running=7 pending=354 launched=53 failed=0 gaveup=0 forkfail=0 free_kb=8078344 sims_boxwide=6 last_event_age=0s last_event_epoch=1790483400
[06:34:02] DONE clC_east_half_444 rc=0 497s clC east/half seed=444 rescued=4 dead=0 unreachable=0 never_detected=0 ff_deaths=0 terminal=226 completions=4 recycles=4 removals=4 returns=4 wall=496s [valid 47/407] src=2a36d14ad942 ext=6fc3e7041ad3 head=108a0adf55acdb5743cd70a347fc7810fbcefe24
[06:34:03] LAUNCH clE2_east_half_2070841104 running=7 free_kb=7877228 sims_boxwide=6 attempt=1 src=2a36d14ad942 ext=6fc3e7041ad3 head=108a0adf55acdb5743cd70a347fc7810fbcefe24
[06:34:25] .. alive runid=20260927-033204-1937 event_age=22s | wave=s3 total=407 valid=47 running=7 pending=353 launched=54 failed=0 gaveup=0 forkfail=0 free_kb=7877228 sims_boxwide=6 last_event_age=0s last_event_epoch=1790483643
[06:35:26] .. alive runid=20260927-033204-1937 event_age=83s | wave=s3 total=407 valid=47 running=7 pending=353 launched=54 failed=0 gaveup=0 forkfail=0 free_kb=7877228 sims_boxwide=6 last_event_age=0s last_event_epoch=1790483643
[06:36:26] .. alive runid=20260927-033204-1937 event_age=143s | wave=s3 total=407 valid=47 running=7 pending=353 launched=54 failed=0 gaveup=0 forkfail=0 free_kb=7877228 sims_boxwide=6 last_event_age=0s last_event_epoch=1790483643
[06:37:26] .. alive runid=20260927-033204-1937 event_age=203s | wave=s3 total=407 valid=47 running=7 pending=353 launched=54 failed=0 gaveup=0 forkfail=0 free_kb=7877228 sims_boxwide=6 last_event_age=0s last_event_epoch=1790483643
[06:38:26] .. alive runid=20260927-033204-1937 event_age=263s | wave=s3 total=407 valid=47 running=7 pending=353 launched=54 failed=0 gaveup=0 forkfail=0 free_kb=7877228 sims_boxwide=6 last_event_age=0s last_event_epoch=1790483643
[06:38:59] DONE clC_east_half_111 rc=0 871s clC east/half seed=111 rescued=4 dead=0 unreachable=0 never_detected=0 ff_deaths=0 terminal=130 completions=4 recycles=4 removals=4 returns=4 wall=869s [valid 48/407] src=2a36d14ad942 ext=6fc3e7041ad3 head=108a0adf55acdb5743cd70a347fc7810fbcefe24
[06:39:01] LAUNCH clE2_east_half_1147610331 running=7 free_kb=8069108 sims_boxwide=6 attempt=1 src=2a36d14ad942 ext=6fc3e7041ad3 head=108a0adf55acdb5743cd70a347fc7810fbcefe24
[06:39:14] DONE clC_east_half_333 rc=0 842s clC east/half seed=333 rescued=3 dead=1 unreachable=0 never_detected=0 ff_deaths=0 terminal=104 completions=3 recycles=3 removals=3 returns=3 wall=840s [valid 49/407] src=2a36d14ad942 ext=6fc3e7041ad3 head=108a0adf55acdb5743cd70a347fc7810fbcefe24
[06:39:16] LAUNCH clE2_east_half_1291443119 running=7 free_kb=8087160 sims_boxwide=6 attempt=1 src=2a36d14ad942 ext=6fc3e7041ad3 head=108a0adf55acdb5743cd70a347fc7810fbcefe24
[06:39:26] .. alive runid=20260927-033204-1937 event_age=10s | wave=s3 total=407 valid=49 running=7 pending=351 launched=56 failed=0 gaveup=0 forkfail=0 free_kb=8087160 sims_boxwide=6 last_event_age=0s last_event_epoch=1790483956
[06:40:26] .. alive runid=20260927-033204-1937 event_age=70s | wave=s3 total=407 valid=49 running=7 pending=351 launched=56 failed=0 gaveup=0 forkfail=0 free_kb=8087160 sims_boxwide=6 last_event_age=0s last_event_epoch=1790483956
[06:41:02] DONE clC_east_half_222 rc=0 963s clC east/half seed=222 rescued=4 dead=0 unreachable=0 never_detected=0 ff_deaths=0 terminal=130 completions=4 recycles=4 removals=4 returns=4 wall=962s [valid 50/407] src=2a36d14ad942 ext=6fc3e7041ad3 head=108a0adf55acdb5743cd70a347fc7810fbcefe24
[06:41:03] LAUNCH clE2_east_half_1433805104 running=7 free_kb=8096492 sims_boxwide=6 attempt=1 src=2a36d14ad942 ext=6fc3e7041ad3 head=108a0adf55acdb5743cd70a347fc7810fbcefe24
[06:41:26] .. alive runid=20260927-033204-1937 event_age=23s | wave=s3 total=407 valid=50 running=7 pending=350 launched=57 failed=0 gaveup=0 forkfail=0 free_kb=8096492 sims_boxwide=6 last_event_age=0s last_event_epoch=1790484063
[06:41:54] DONE clC_east_half_808 rc=0 802s clC east/half seed=808 rescued=3 dead=1 unreachable=0 never_detected=0 ff_deaths=0 terminal=103 completions=3 recycles=3 removals=3 returns=3 wall=801s [valid 51/407] src=2a36d14ad942 ext=6fc3e7041ad3 head=108a0adf55acdb5743cd70a347fc7810fbcefe24
[06:41:55] LAUNCH clE2_east_half_1636723358 running=7 free_kb=8106496 sims_boxwide=6 attempt=1 src=2a36d14ad942 ext=6fc3e7041ad3 head=108a0adf55acdb5743cd70a347fc7810fbcefe24
[06:42:26] .. alive runid=20260927-033204-1937 event_age=31s | wave=s3 total=407 valid=51 running=7 pending=349 launched=58 failed=0 gaveup=0 forkfail=0 free_kb=8106496 sims_boxwide=6 last_event_age=0s last_event_epoch=1790484115
[06:43:26] .. alive runid=20260927-033204-1937 event_age=91s | wave=s3 total=407 valid=51 running=7 pending=349 launched=58 failed=0 gaveup=0 forkfail=0 free_kb=8106496 sims_boxwide=6 last_event_age=0s last_event_epoch=1790484115
[06:44:26] .. alive runid=20260927-033204-1937 event_age=151s | wave=s3 total=407 valid=51 running=7 pending=349 launched=58 failed=0 gaveup=0 forkfail=0 free_kb=8106496 sims_boxwide=6 last_event_age=0s last_event_epoch=1790484115
[06:45:16] DONE clC_east_half_909 rc=0 915s clC east/half seed=909 rescued=4 dead=0 unreachable=0 never_detected=0 ff_deaths=0 terminal=117 completions=4 recycles=4 removals=4 returns=4 wall=913s [valid 52/407] src=2a36d14ad942 ext=6fc3e7041ad3 head=108a0adf55acdb5743cd70a347fc7810fbcefe24
[06:45:17] LAUNCH clE2_east_half_1252362635 running=7 free_kb=8021728 sims_boxwide=6 attempt=1 src=2a36d14ad942 ext=6fc3e7041ad3 head=108a0adf55acdb5743cd70a347fc7810fbcefe24
[06:45:26] .. alive runid=20260927-033204-1937 event_age=9s | wave=s3 total=407 valid=52 running=7 pending=348 launched=59 failed=0 gaveup=0 forkfail=0 free_kb=8021728 sims_boxwide=6 last_event_age=0s last_event_epoch=1790484317
[06:46:27] .. alive runid=20260927-033204-1937 event_age=69s | wave=s3 total=407 valid=52 running=7 pending=348 launched=59 failed=0 gaveup=0 forkfail=0 free_kb=8021728 sims_boxwide=6 last_event_age=0s last_event_epoch=1790484317
[06:47:27] .. alive runid=20260927-033204-1937 event_age=130s | wave=s3 total=407 valid=52 running=7 pending=348 launched=59 failed=0 gaveup=0 forkfail=0 free_kb=8021728 sims_boxwide=6 last_event_age=0s last_event_epoch=1790484317
[06:48:27] .. alive runid=20260927-033204-1937 event_age=190s | wave=s3 total=407 valid=52 running=7 pending=348 launched=59 failed=0 gaveup=0 forkfail=0 free_kb=8021728 sims_boxwide=6 last_event_age=0s last_event_epoch=1790484317
[06:49:27] .. alive runid=20260927-033204-1937 event_age=250s | wave=s3 total=407 valid=52 running=7 pending=348 launched=59 failed=0 gaveup=0 forkfail=0 free_kb=8021728 sims_boxwide=6 last_event_age=0s last_event_epoch=1790484317
[06:49:56] DONE clE2_east_half_2070841104 rc=0 952s clE2 east/half seed=2070841104 rescued=4 dead=0 unreachable=0 never_detected=0 ff_deaths=0 terminal=122 completions=4 recycles=4 removals=4 returns=4 wall=950s [valid 53/407] src=2a36d14ad942 ext=6fc3e7041ad3 head=108a0adf55acdb5743cd70a347fc7810fbcefe24
[06:49:57] LAUNCH clE2_east_half_294124329 running=7 free_kb=7942392 sims_boxwide=6 attempt=1 src=2a36d14ad942 ext=6fc3e7041ad3 head=108a0adf55acdb5743cd70a347fc7810fbcefe24
[06:50:10] DONE clC_east_half_606 rc=0 1446s clC east/half seed=606 rescued=4 dead=0 unreachable=0 never_detected=0 ff_deaths=0 terminal=245 completions=4 recycles=4 removals=4 returns=4 wall=1442s [valid 54/407] src=2a36d14ad942 ext=6fc3e7041ad3 head=108a0adf55acdb5743cd70a347fc7810fbcefe24
[06:50:11] LAUNCH clE2_east_half_1723100518 running=7 free_kb=7986668 sims_boxwide=6 attempt=1 src=2a36d14ad942 ext=6fc3e7041ad3 head=108a0adf55acdb5743cd70a347fc7810fbcefe24
[06:50:27] .. alive runid=20260927-033204-1937 event_age=16s | wave=s3 total=407 valid=54 running=7 pending=346 launched=61 failed=0 gaveup=0 forkfail=0 free_kb=7986668 sims_boxwide=6 last_event_age=0s last_event_epoch=1790484611
[06:51:27] .. alive runid=20260927-033204-1937 event_age=76s | wave=s3 total=407 valid=54 running=7 pending=346 launched=61 failed=0 gaveup=0 forkfail=0 free_kb=7986668 sims_boxwide=6 last_event_age=0s last_event_epoch=1790484611
[06:52:27] .. alive runid=20260927-033204-1937 event_age=136s | wave=s3 total=407 valid=54 running=7 pending=346 launched=61 failed=0 gaveup=0 forkfail=0 free_kb=7986668 sims_boxwide=6 last_event_age=0s last_event_epoch=1790484611
[06:52:28] DONE clE2_east_half_1147610331 rc=0 807s clE2 east/half seed=1147610331 rescued=2 dead=2 unreachable=0 never_detected=0 ff_deaths=0 terminal=93 completions=2 recycles=2 removals=2 returns=2 wall=805s [valid 55/407] src=2a36d14ad942 ext=6fc3e7041ad3 head=108a0adf55acdb5743cd70a347fc7810fbcefe24
[06:52:30] LAUNCH clE2_east_half_1532569567 running=7 free_kb=8060016 sims_boxwide=6 attempt=1 src=2a36d14ad942 ext=6fc3e7041ad3 head=108a0adf55acdb5743cd70a347fc7810fbcefe24
[06:53:27] .. alive runid=20260927-033204-1937 event_age=57s | wave=s3 total=407 valid=55 running=7 pending=345 launched=62 failed=0 gaveup=0 forkfail=0 free_kb=8060016 sims_boxwide=6 last_event_age=0s last_event_epoch=1790484750
[06:54:27] .. alive runid=20260927-033204-1937 event_age=117s | wave=s3 total=407 valid=55 running=7 pending=345 launched=62 failed=0 gaveup=0 forkfail=0 free_kb=8060016 sims_boxwide=6 last_event_age=0s last_event_epoch=1790484750
[06:55:26] DONE clE2_east_half_1291443119 rc=0 969s clE2 east/half seed=1291443119 rescued=4 dead=0 unreachable=0 never_detected=0 ff_deaths=0 terminal=126 completions=4 recycles=4 removals=4 returns=4 wall=968s [valid 56/407] src=2a36d14ad942 ext=6fc3e7041ad3 head=108a0adf55acdb5743cd70a347fc7810fbcefe24
[06:55:27] LAUNCH clE2_east_half_498896028 running=7 free_kb=8064668 sims_boxwide=6 attempt=1 src=2a36d14ad942 ext=6fc3e7041ad3 head=108a0adf55acdb5743cd70a347fc7810fbcefe24
[06:55:27] .. alive runid=20260927-033204-1937 event_age=0s | wave=s3 total=407 valid=56 running=7 pending=344 launched=63 failed=0 gaveup=0 forkfail=0 free_kb=8064668 sims_boxwide=6 last_event_age=0s last_event_epoch=1790484927
[06:55:45] DONE clE2_east_half_1636723358 rc=0 829s clE2 east/half seed=1636723358 rescued=3 dead=1 unreachable=0 never_detected=0 ff_deaths=0 terminal=105 completions=3 recycles=3 removals=3 returns=3 wall=827s [valid 57/407] src=2a36d14ad942 ext=6fc3e7041ad3 head=108a0adf55acdb5743cd70a347fc7810fbcefe24
[06:55:46] LAUNCH clE2_east_half_1401495347 running=7 free_kb=8118472 sims_boxwide=6 attempt=1 src=2a36d14ad942 ext=6fc3e7041ad3 head=108a0adf55acdb5743cd70a347fc7810fbcefe24
[06:56:27] .. alive runid=20260927-033204-1937 event_age=41s | wave=s3 total=407 valid=57 running=7 pending=343 launched=64 failed=0 gaveup=0 forkfail=0 free_kb=8118472 sims_boxwide=6 last_event_age=0s last_event_epoch=1790484946
[06:57:27] .. alive runid=20260927-033204-1937 event_age=101s | wave=s3 total=407 valid=57 running=7 pending=343 launched=64 failed=0 gaveup=0 forkfail=0 free_kb=8118472 sims_boxwide=6 last_event_age=0s last_event_epoch=1790484946
[06:58:28] .. alive runid=20260927-033204-1937 event_age=162s | wave=s3 total=407 valid=57 running=7 pending=343 launched=64 failed=0 gaveup=0 forkfail=0 free_kb=8118472 sims_boxwide=6 last_event_age=0s last_event_epoch=1790484946
[06:59:28] .. alive runid=20260927-033204-1937 event_age=222s | wave=s3 total=407 valid=57 running=7 pending=343 launched=64 failed=0 gaveup=0 forkfail=0 free_kb=8118472 sims_boxwide=6 last_event_age=0s last_event_epoch=1790484946
[07:00:28] .. alive runid=20260927-033204-1937 event_age=282s | wave=s3 total=407 valid=57 running=7 pending=343 launched=64 failed=0 gaveup=0 forkfail=0 free_kb=8118472 sims_boxwide=6 last_event_age=0s last_event_epoch=1790484946
[07:01:21] DONE clE2_east_half_1433805104 rc=0 1217s clE2 east/half seed=1433805104 rescued=4 dead=0 unreachable=0 never_detected=0 ff_deaths=0 terminal=217 completions=4 recycles=4 removals=4 returns=4 wall=1215s [valid 58/407] src=2a36d14ad942 ext=6fc3e7041ad3 head=108a0adf55acdb5743cd70a347fc7810fbcefe24
[07:01:22] LAUNCH clE2_east_half_133894353 running=7 free_kb=8017112 sims_boxwide=6 attempt=1 src=2a36d14ad942 ext=6fc3e7041ad3 head=108a0adf55acdb5743cd70a347fc7810fbcefe24
[07:01:28] .. alive runid=20260927-033204-1937 event_age=6s | wave=s3 total=407 valid=58 running=7 pending=342 launched=65 failed=0 gaveup=0 forkfail=0 free_kb=8017112 sims_boxwide=6 last_event_age=0s last_event_epoch=1790485282
[07:02:28] .. alive runid=20260927-033204-1937 event_age=66s | wave=s3 total=407 valid=58 running=7 pending=342 launched=65 failed=0 gaveup=0 forkfail=0 free_kb=8017112 sims_boxwide=6 last_event_age=0s last_event_epoch=1790485282
[07:02:55] DONE clE2_east_half_1723100518 rc=0 763s clE2 east/half seed=1723100518 rescued=2 dead=2 unreachable=0 never_detected=0 ff_deaths=0 terminal=96 completions=2 recycles=2 removals=2 returns=2 wall=761s [valid 59/407] src=2a36d14ad942 ext=6fc3e7041ad3 head=108a0adf55acdb5743cd70a347fc7810fbcefe24
[07:02:56] LAUNCH clE2_east_half_1788979460 running=7 free_kb=8019636 sims_boxwide=6 attempt=1 src=2a36d14ad942 ext=6fc3e7041ad3 head=108a0adf55acdb5743cd70a347fc7810fbcefe24
[07:03:28] .. alive runid=20260927-033204-1937 event_age=32s | wave=s3 total=407 valid=59 running=7 pending=341 launched=66 failed=0 gaveup=0 forkfail=0 free_kb=8019636 sims_boxwide=6 last_event_age=0s last_event_epoch=1790485376
[07:04:25] DONE clE2_east_half_294124329 rc=0 867s clE2 east/half seed=294124329 rescued=4 dead=0 unreachable=0 never_detected=0 ff_deaths=0 terminal=126 completions=4 recycles=4 removals=4 returns=4 wall=865s [valid 60/407] src=2a36d14ad942 ext=6fc3e7041ad3 head=108a0adf55acdb5743cd70a347fc7810fbcefe24
[07:04:26] LAUNCH clE2_south_half_1486866530 running=7 free_kb=7930744 sims_boxwide=6 attempt=1 src=2a36d14ad942 ext=6fc3e7041ad3 head=108a0adf55acdb5743cd70a347fc7810fbcefe24
[07:04:28] .. alive runid=20260927-033204-1937 event_age=2s | wave=s3 total=407 valid=60 running=7 pending=340 launched=67 failed=0 gaveup=0 forkfail=0 free_kb=7930744 sims_boxwide=6 last_event_age=0s last_event_epoch=1790485466
[07:05:28] .. alive runid=20260927-033204-1937 event_age=62s | wave=s3 total=407 valid=60 running=7 pending=340 launched=67 failed=0 gaveup=0 forkfail=0 free_kb=7930744 sims_boxwide=6 last_event_age=0s last_event_epoch=1790485466
[07:06:28] .. alive runid=20260927-033204-1937 event_age=122s | wave=s3 total=407 valid=60 running=7 pending=340 launched=67 failed=0 gaveup=0 forkfail=0 free_kb=7930744 sims_boxwide=6 last_event_age=0s last_event_epoch=1790485466
[07:07:28] .. alive runid=20260927-033204-1937 event_age=182s | wave=s3 total=407 valid=60 running=7 pending=340 launched=67 failed=0 gaveup=0 forkfail=0 free_kb=7930744 sims_boxwide=6 last_event_age=0s last_event_epoch=1790485466
[07:08:28] .. alive runid=20260927-033204-1937 event_age=242s | wave=s3 total=407 valid=60 running=7 pending=340 launched=67 failed=0 gaveup=0 forkfail=0 free_kb=7930744 sims_boxwide=6 last_event_age=0s last_event_epoch=1790485466
[07:09:26] DONE clE2_east_half_1252362635 rc=0 1449s clE2 east/half seed=1252362635 rescued=4 dead=0 unreachable=0 never_detected=0 ff_deaths=0 terminal=259 completions=4 recycles=4 removals=4 returns=4 wall=1447s [valid 61/407] src=2a36d14ad942 ext=6fc3e7041ad3 head=108a0adf55acdb5743cd70a347fc7810fbcefe24
[07:09:28] LAUNCH clE2_south_half_536769381 running=7 free_kb=7938356 sims_boxwide=6 attempt=1 src=2a36d14ad942 ext=6fc3e7041ad3 head=108a0adf55acdb5743cd70a347fc7810fbcefe24
[07:09:29] .. alive runid=20260927-033204-1937 event_age=1s | wave=s3 total=407 valid=61 running=7 pending=339 launched=68 failed=0 gaveup=0 forkfail=0 free_kb=7938356 sims_boxwide=6 last_event_age=0s last_event_epoch=1790485768
[07:10:29] .. alive runid=20260927-033204-1937 event_age=61s | wave=s3 total=407 valid=61 running=7 pending=339 launched=68 failed=0 gaveup=0 forkfail=0 free_kb=7938356 sims_boxwide=6 last_event_age=0s last_event_epoch=1790485768
[07:11:25] DONE clE2_east_half_1532569567 rc=0 1134s clE2 east/half seed=1532569567 rescued=3 dead=0 unreachable=1 never_detected=0 ff_deaths=1 terminal=215 completions=3 recycles=3 removals=3 returns=3 wall=1133s [valid 62/407] src=2a36d14ad942 ext=6fc3e7041ad3 head=108a0adf55acdb5743cd70a347fc7810fbcefe24
[07:11:26] LAUNCH clE2_south_half_791464433 running=7 free_kb=8081272 sims_boxwide=6 attempt=1 src=2a36d14ad942 ext=6fc3e7041ad3 head=108a0adf55acdb5743cd70a347fc7810fbcefe24
[07:11:29] .. alive runid=20260927-033204-1937 event_age=3s | wave=s3 total=407 valid=62 running=7 pending=338 launched=69 failed=0 gaveup=0 forkfail=0 free_kb=8081272 sims_boxwide=6 last_event_age=0s last_event_epoch=1790485886
[07:12:29] .. alive runid=20260927-033204-1937 event_age=63s | wave=s3 total=407 valid=62 running=7 pending=338 launched=69 failed=0 gaveup=0 forkfail=0 free_kb=8081272 sims_boxwide=6 last_event_age=0s last_event_epoch=1790485886
[07:12:50] DONE clE2_east_half_1401495347 rc=0 1023s clE2 east/half seed=1401495347 rescued=3 dead=1 unreachable=0 never_detected=0 ff_deaths=0 terminal=180 completions=3 recycles=3 removals=3 returns=3 wall=1022s [valid 63/407] src=2a36d14ad942 ext=6fc3e7041ad3 head=108a0adf55acdb5743cd70a347fc7810fbcefe24
[07:12:51] LAUNCH clE2_south_half_706299103 running=7 free_kb=8064000 sims_boxwide=6 attempt=1 src=2a36d14ad942 ext=6fc3e7041ad3 head=108a0adf55acdb5743cd70a347fc7810fbcefe24
[07:13:29] .. alive runid=20260927-033204-1937 event_age=38s | wave=s3 total=407 valid=63 running=7 pending=337 launched=70 failed=0 gaveup=0 forkfail=0 free_kb=8064000 sims_boxwide=6 last_event_age=0s last_event_epoch=1790485971
[07:14:29] .. alive runid=20260927-033204-1937 event_age=98s | wave=s3 total=407 valid=63 running=7 pending=337 launched=70 failed=0 gaveup=0 forkfail=0 free_kb=8064000 sims_boxwide=6 last_event_age=0s last_event_epoch=1790485971
[07:15:26] DONE clE2_south_half_1486866530 rc=0 659s clE2 south/half seed=1486866530 rescued=3 dead=0 unreachable=1 never_detected=1 ff_deaths=0 terminal=210 completions=3 recycles=3 removals=3 returns=3 wall=658s [valid 64/407] src=2a36d14ad942 ext=6fc3e7041ad3 head=108a0adf55acdb5743cd70a347fc7810fbcefe24
[07:15:27] LAUNCH clE2_south_half_1364948962 running=7 free_kb=8050028 sims_boxwide=6 attempt=1 src=2a36d14ad942 ext=6fc3e7041ad3 head=108a0adf55acdb5743cd70a347fc7810fbcefe24
[07:15:29] .. alive runid=20260927-033204-1937 event_age=2s | wave=s3 total=407 valid=64 running=7 pending=336 launched=71 failed=0 gaveup=0 forkfail=0 free_kb=8050028 sims_boxwide=6 last_event_age=0s last_event_epoch=1790486127
[07:16:29] .. alive runid=20260927-033204-1937 event_age=62s | wave=s3 total=407 valid=64 running=7 pending=336 launched=71 failed=0 gaveup=0 forkfail=0 free_kb=8050028 sims_boxwide=6 last_event_age=0s last_event_epoch=1790486127
[07:17:29] .. alive runid=20260927-033204-1937 event_age=122s | wave=s3 total=407 valid=64 running=7 pending=336 launched=71 failed=0 gaveup=0 forkfail=0 free_kb=8050028 sims_boxwide=6 last_event_age=0s last_event_epoch=1790486127
[07:17:50] DONE clE2_south_half_536769381 rc=0 502s clE2 south/half seed=536769381 rescued=4 dead=0 unreachable=0 never_detected=0 ff_deaths=0 terminal=118 completions=4 recycles=4 removals=4 returns=4 wall=500s [valid 65/407] src=2a36d14ad942 ext=6fc3e7041ad3 head=108a0adf55acdb5743cd70a347fc7810fbcefe24
[07:17:52] LAUNCH clE2_south_half_937041678 running=7 free_kb=8032400 sims_boxwide=6 attempt=1 src=2a36d14ad942 ext=6fc3e7041ad3 head=108a0adf55acdb5743cd70a347fc7810fbcefe24
[07:18:19] DONE clE2_east_half_498896028 rc=0 1371s clE2 east/half seed=498896028 rescued=4 dead=0 unreachable=0 never_detected=0 ff_deaths=0 terminal=254 completions=4 recycles=4 removals=4 returns=4 wall=1369s [valid 66/407] src=2a36d14ad942 ext=6fc3e7041ad3 head=108a0adf55acdb5743cd70a347fc7810fbcefe24
[07:18:20] LAUNCH clE2_south_half_954838929 running=7 free_kb=8069160 sims_boxwide=6 attempt=1 src=2a36d14ad942 ext=6fc3e7041ad3 head=108a0adf55acdb5743cd70a347fc7810fbcefe24
[07:18:29] .. alive runid=20260927-033204-1937 event_age=9s | wave=s3 total=407 valid=66 running=7 pending=334 launched=73 failed=0 gaveup=0 forkfail=0 free_kb=8069160 sims_boxwide=6 last_event_age=0s last_event_epoch=1790486300
[07:19:29] .. alive runid=20260927-033204-1937 event_age=69s | wave=s3 total=407 valid=66 running=7 pending=334 launched=73 failed=0 gaveup=0 forkfail=0 free_kb=8069160 sims_boxwide=6 last_event_age=0s last_event_epoch=1790486300
[07:20:30] .. alive runid=20260927-033204-1937 event_age=130s | wave=s3 total=407 valid=66 running=7 pending=334 launched=73 failed=0 gaveup=0 forkfail=0 free_kb=8069160 sims_boxwide=6 last_event_age=0s last_event_epoch=1790486300
[07:21:12] DONE clE2_south_half_1364948962 rc=0 344s clE2 south/half seed=1364948962 rescued=4 dead=0 unreachable=0 never_detected=0 ff_deaths=0 terminal=140 completions=4 recycles=4 removals=4 returns=4 wall=342s [valid 67/407] src=2a36d14ad942 ext=6fc3e7041ad3 head=108a0adf55acdb5743cd70a347fc7810fbcefe24
[07:21:13] LAUNCH clE2_south_half_139925734 running=7 free_kb=8011880 sims_boxwide=6 attempt=1 src=2a36d14ad942 ext=6fc3e7041ad3 head=108a0adf55acdb5743cd70a347fc7810fbcefe24
[07:21:30] .. alive runid=20260927-033204-1937 event_age=17s | wave=s3 total=407 valid=67 running=7 pending=333 launched=74 failed=0 gaveup=0 forkfail=0 free_kb=8011880 sims_boxwide=6 last_event_age=0s last_event_epoch=1790486473
[07:21:51] DONE clE2_south_half_706299103 rc=0 539s clE2 south/half seed=706299103 rescued=3 dead=0 unreachable=1 never_detected=0 ff_deaths=2 terminal=185 completions=3 recycles=3 removals=3 returns=3 wall=537s [valid 68/407] src=2a36d14ad942 ext=6fc3e7041ad3 head=108a0adf55acdb5743cd70a347fc7810fbcefe24
[07:21:52] LAUNCH clE2_south_half_1624156665 running=7 free_kb=8032372 sims_boxwide=6 attempt=1 src=2a36d14ad942 ext=6fc3e7041ad3 head=108a0adf55acdb5743cd70a347fc7810fbcefe24
[07:22:12] DONE clE2_east_half_1788979460 rc=0 1155s clE2 east/half seed=1788979460 rescued=4 dead=0 unreachable=0 never_detected=0 ff_deaths=0 terminal=209 completions=4 recycles=4 removals=4 returns=4 wall=1154s [valid 69/407] src=2a36d14ad942 ext=6fc3e7041ad3 head=108a0adf55acdb5743cd70a347fc7810fbcefe24
[07:22:13] LAUNCH clE2_south_half_285242396 running=7 free_kb=8090736 sims_boxwide=6 attempt=1 src=2a36d14ad942 ext=6fc3e7041ad3 head=108a0adf55acdb5743cd70a347fc7810fbcefe24
[07:22:26] DONE clE2_south_half_791464433 rc=0 659s clE2 south/half seed=791464433 rescued=4 dead=0 unreachable=0 never_detected=0 ff_deaths=0 terminal=180 completions=4 recycles=4 removals=4 returns=4 wall=655s [valid 70/407] src=2a36d14ad942 ext=6fc3e7041ad3 head=108a0adf55acdb5743cd70a347fc7810fbcefe24
[07:22:27] LAUNCH clE2_south_half_573250932 running=7 free_kb=8139264 sims_boxwide=6 attempt=1 src=2a36d14ad942 ext=6fc3e7041ad3 head=108a0adf55acdb5743cd70a347fc7810fbcefe24
[07:22:30] .. alive runid=20260927-033204-1937 event_age=3s | wave=s3 total=407 valid=70 running=7 pending=330 launched=77 failed=0 gaveup=0 forkfail=0 free_kb=8139264 sims_boxwide=6 last_event_age=0s last_event_epoch=1790486547
[07:23:30] .. alive runid=20260927-033204-1937 event_age=63s | wave=s3 total=407 valid=70 running=7 pending=330 launched=77 failed=0 gaveup=0 forkfail=0 free_kb=8139264 sims_boxwide=6 last_event_age=0s last_event_epoch=1790486547
[07:24:30] .. alive runid=20260927-033204-1937 event_age=123s | wave=s3 total=407 valid=70 running=7 pending=330 launched=77 failed=0 gaveup=0 forkfail=0 free_kb=8139264 sims_boxwide=6 last_event_age=0s last_event_epoch=1790486547
[07:25:30] .. alive runid=20260927-033204-1937 event_age=183s | wave=s3 total=407 valid=70 running=7 pending=330 launched=77 failed=0 gaveup=0 forkfail=0 free_kb=8139264 sims_boxwide=6 last_event_age=0s last_event_epoch=1790486547
[07:26:30] .. alive runid=20260927-033204-1937 event_age=243s | wave=s3 total=407 valid=70 running=7 pending=330 launched=77 failed=0 gaveup=0 forkfail=0 free_kb=8139264 sims_boxwide=6 last_event_age=0s last_event_epoch=1790486547
[07:27:30] .. alive runid=20260927-033204-1937 event_age=303s | wave=s3 total=407 valid=70 running=7 pending=330 launched=77 failed=0 gaveup=0 forkfail=0 free_kb=8139264 sims_boxwide=6 last_event_age=0s last_event_epoch=1790486547
[07:27:45] DONE clE2_south_half_937041678 rc=0 592s clE2 south/half seed=937041678 rescued=4 dead=0 unreachable=0 never_detected=0 ff_deaths=1 terminal=203 completions=4 recycles=4 removals=4 returns=4 wall=591s [valid 71/407] src=2a36d14ad942 ext=6fc3e7041ad3 head=108a0adf55acdb5743cd70a347fc7810fbcefe24
[07:27:46] LAUNCH clE2_south_half_1048395951 running=7 free_kb=7997548 sims_boxwide=6 attempt=1 src=2a36d14ad942 ext=6fc3e7041ad3 head=108a0adf55acdb5743cd70a347fc7810fbcefe24
[07:28:07] DONE clE2_south_half_954838929 rc=0 586s clE2 south/half seed=954838929 rescued=3 dead=1 unreachable=0 never_detected=0 ff_deaths=0 terminal=106 completions=3 recycles=3 removals=3 returns=3 wall=585s [valid 72/407] src=2a36d14ad942 ext=6fc3e7041ad3 head=108a0adf55acdb5743cd70a347fc7810fbcefe24
[07:28:08] LAUNCH clE2_south_half_903347495 running=7 free_kb=8043580 sims_boxwide=6 attempt=1 src=2a36d14ad942 ext=6fc3e7041ad3 head=108a0adf55acdb5743cd70a347fc7810fbcefe24
[07:28:30] .. alive runid=20260927-033204-1937 event_age=22s | wave=s3 total=407 valid=72 running=7 pending=328 launched=79 failed=0 gaveup=0 forkfail=0 free_kb=8043580 sims_boxwide=6 last_event_age=0s last_event_epoch=1790486888
[07:29:30] .. alive runid=20260927-033204-1937 event_age=82s | wave=s3 total=407 valid=72 running=7 pending=328 launched=79 failed=0 gaveup=0 forkfail=0 free_kb=8043580 sims_boxwide=6 last_event_age=0s last_event_epoch=1790486888
[07:29:58] DONE clE2_south_half_1624156665 rc=0 485s clE2 south/half seed=1624156665 rescued=4 dead=0 unreachable=0 never_detected=0 ff_deaths=0 terminal=192 completions=4 recycles=4 removals=4 returns=4 wall=484s [valid 73/407] src=2a36d14ad942 ext=6fc3e7041ad3 head=108a0adf55acdb5743cd70a347fc7810fbcefe24
[07:29:59] LAUNCH clE2_east_def_2038269169 running=7 free_kb=7929272 sims_boxwide=6 attempt=1 src=2a36d14ad942 ext=6fc3e7041ad3 head=108a0adf55acdb5743cd70a347fc7810fbcefe24
[07:30:30] .. alive runid=20260927-033204-1937 event_age=31s | wave=s3 total=407 valid=73 running=7 pending=327 launched=80 failed=0 gaveup=0 forkfail=0 free_kb=7929272 sims_boxwide=6 last_event_age=0s last_event_epoch=1790486999
[07:30:31] DONE clE2_south_half_285242396 rc=0 497s clE2 south/half seed=285242396 rescued=4 dead=0 unreachable=0 never_detected=0 ff_deaths=0 terminal=177 completions=4 recycles=4 removals=4 returns=4 wall=496s [valid 74/407] src=2a36d14ad942 ext=6fc3e7041ad3 head=108a0adf55acdb5743cd70a347fc7810fbcefe24
[07:30:33] LAUNCH clE2_east_def_1749069988 running=7 free_kb=7974760 sims_boxwide=6 attempt=1 src=2a36d14ad942 ext=6fc3e7041ad3 head=108a0adf55acdb5743cd70a347fc7810fbcefe24
[07:30:45] DONE clE2_south_half_573250932 rc=0 498s clE2 south/half seed=573250932 rescued=3 dead=0 unreachable=1 never_detected=1 ff_deaths=0 terminal=210 completions=3 recycles=3 removals=3 returns=3 wall=495s [valid 75/407] src=2a36d14ad942 ext=6fc3e7041ad3 head=108a0adf55acdb5743cd70a347fc7810fbcefe24
[07:30:47] LAUNCH clE2_east_def_1420331661 running=7 free_kb=8018280 sims_boxwide=6 attempt=1 src=2a36d14ad942 ext=6fc3e7041ad3 head=108a0adf55acdb5743cd70a347fc7810fbcefe24
[07:31:17] DONE clE2_east_half_133894353 rc=0 1794s clE2 east/half seed=133894353 rescued=4 dead=0 unreachable=0 never_detected=0 ff_deaths=1 terminal=327 completions=4 recycles=4 removals=4 returns=4 wall=1792s [valid 76/407] src=2a36d14ad942 ext=6fc3e7041ad3 head=108a0adf55acdb5743cd70a347fc7810fbcefe24
[07:31:18] LAUNCH clE2_east_def_1480870832 running=7 free_kb=7745148 sims_boxwide=6 attempt=1 src=2a36d14ad942 ext=6fc3e7041ad3 head=108a0adf55acdb5743cd70a347fc7810fbcefe24
[07:31:31] .. alive runid=20260927-033204-1937 event_age=13s | wave=s3 total=407 valid=76 running=7 pending=324 launched=83 failed=0 gaveup=0 forkfail=0 free_kb=7745148 sims_boxwide=6 last_event_age=0s last_event_epoch=1790487078
[07:31:31] DONE clE2_south_half_139925734 rc=0 617s clE2 south/half seed=139925734 rescued=3 dead=1 unreachable=0 never_detected=0 ff_deaths=0 terminal=101 completions=3 recycles=3 removals=3 returns=3 wall=610s [valid 77/407] src=2a36d14ad942 ext=6fc3e7041ad3 head=108a0adf55acdb5743cd70a347fc7810fbcefe24
[07:31:32] LAUNCH clE2_east_half_1506055301 running=7 free_kb=7842884 sims_boxwide=6 attempt=1 src=2a36d14ad942 ext=6fc3e7041ad3 head=108a0adf55acdb5743cd70a347fc7810fbcefe24
[07:32:31] .. alive runid=20260927-033204-1937 event_age=59s | wave=s3 total=407 valid=77 running=7 pending=323 launched=84 failed=0 gaveup=0 forkfail=0 free_kb=7842884 sims_boxwide=6 last_event_age=0s last_event_epoch=1790487092
[07:33:31] .. alive runid=20260927-033204-1937 event_age=119s | wave=s3 total=407 valid=77 running=7 pending=323 launched=84 failed=0 gaveup=0 forkfail=0 free_kb=7842884 sims_boxwide=6 last_event_age=0s last_event_epoch=1790487092
[07:34:31] .. alive runid=20260927-033204-1937 event_age=179s | wave=s3 total=407 valid=77 running=7 pending=323 launched=84 failed=0 gaveup=0 forkfail=0 free_kb=7842884 sims_boxwide=6 last_event_age=0s last_event_epoch=1790487092
[07:35:31] .. alive runid=20260927-033204-1937 event_age=239s | wave=s3 total=407 valid=77 running=7 pending=323 launched=84 failed=0 gaveup=0 forkfail=0 free_kb=7842884 sims_boxwide=6 last_event_age=0s last_event_epoch=1790487092
[07:36:31] .. alive runid=20260927-033204-1937 event_age=299s | wave=s3 total=407 valid=77 running=7 pending=323 launched=84 failed=0 gaveup=0 forkfail=0 free_kb=7842884 sims_boxwide=6 last_event_age=0s last_event_epoch=1790487092
[07:37:31] .. alive runid=20260927-033204-1937 event_age=359s | wave=s3 total=407 valid=77 running=7 pending=323 launched=84 failed=0 gaveup=0 forkfail=0 free_kb=7842884 sims_boxwide=6 last_event_age=0s last_event_epoch=1790487092
[07:38:02] DONE clE2_south_half_1048395951 rc=0 615s clE2 south/half seed=1048395951 rescued=4 dead=0 unreachable=0 never_detected=0 ff_deaths=0 terminal=152 completions=4 recycles=4 removals=4 returns=4 wall=613s [valid 78/407] src=2a36d14ad942 ext=6fc3e7041ad3 head=108a0adf55acdb5743cd70a347fc7810fbcefe24
[07:38:03] LAUNCH clE2_east_half_1999015533 running=7 free_kb=7956288 sims_boxwide=6 attempt=1 src=2a36d14ad942 ext=6fc3e7041ad3 head=108a0adf55acdb5743cd70a347fc7810fbcefe24
[07:38:31] .. alive runid=20260927-033204-1937 event_age=28s | wave=s3 total=407 valid=78 running=7 pending=322 launched=85 failed=0 gaveup=0 forkfail=0 free_kb=7956288 sims_boxwide=6 last_event_age=0s last_event_epoch=1790487483
[07:39:31] .. alive runid=20260927-033204-1937 event_age=88s | wave=s3 total=407 valid=78 running=7 pending=322 launched=85 failed=0 gaveup=0 forkfail=0 free_kb=7956288 sims_boxwide=6 last_event_age=0s last_event_epoch=1790487483
[07:39:32] DONE clE2_east_def_2038269169 rc=0 572s clE2 east/default seed=2038269169 rescued=3 dead=0 unreachable=1 never_detected=1 ff_deaths=0 terminal=254 completions=3 recycles=3 removals=3 returns=3 wall=570s [valid 79/407] src=2a36d14ad942 ext=6fc3e7041ad3 head=108a0adf55acdb5743cd70a347fc7810fbcefe24
[07:39:33] LAUNCH clE2_east_half_2095654154 running=7 free_kb=7916368 sims_boxwide=6 attempt=1 src=2a36d14ad942 ext=6fc3e7041ad3 head=108a0adf55acdb5743cd70a347fc7810fbcefe24
[07:39:46] DONE clE2_east_def_1749069988 rc=0 552s clE2 east/default seed=1749069988 rescued=3 dead=1 unreachable=0 never_detected=0 ff_deaths=0 terminal=194 completions=3 recycles=3 removals=3 returns=3 wall=546s [valid 80/407] src=2a36d14ad942 ext=6fc3e7041ad3 head=108a0adf55acdb5743cd70a347fc7810fbcefe24
[07:39:47] LAUNCH clE2_east_half_824498143 running=7 free_kb=7934032 sims_boxwide=6 attempt=1 src=2a36d14ad942 ext=6fc3e7041ad3 head=108a0adf55acdb5743cd70a347fc7810fbcefe24
[07:40:31] .. alive runid=20260927-033204-1937 event_age=44s | wave=s3 total=407 valid=80 running=7 pending=320 launched=87 failed=0 gaveup=0 forkfail=0 free_kb=7934032 sims_boxwide=6 last_event_age=0s last_event_epoch=1790487587
[07:40:42] DONE clE2_south_half_903347495 rc=0 753s clE2 south/half seed=903347495 rescued=4 dead=0 unreachable=0 never_detected=0 ff_deaths=0 terminal=276 completions=4 recycles=4 removals=4 returns=4 wall=752s [valid 81/407] src=2a36d14ad942 ext=6fc3e7041ad3 head=108a0adf55acdb5743cd70a347fc7810fbcefe24
[07:40:43] LAUNCH clE2_east_half_1468405687 running=7 free_kb=8018068 sims_boxwide=6 attempt=1 src=2a36d14ad942 ext=6fc3e7041ad3 head=108a0adf55acdb5743cd70a347fc7810fbcefe24
[07:41:02] DONE clE2_east_def_1480870832 rc=0 583s clE2 east/default seed=1480870832 rescued=2 dead=1 unreachable=1 never_detected=1 ff_deaths=0 terminal=210 completions=2 recycles=2 removals=2 returns=2 wall=581s [valid 82/407] src=2a36d14ad942 ext=6fc3e7041ad3 head=108a0adf55acdb5743cd70a347fc7810fbcefe24
[07:41:03] LAUNCH clE2_east_half_731846821 running=7 free_kb=8067136 sims_boxwide=6 attempt=1 src=2a36d14ad942 ext=6fc3e7041ad3 head=108a0adf55acdb5743cd70a347fc7810fbcefe24
[07:41:16] DONE clE2_east_def_1420331661 rc=0 628s clE2 east/default seed=1420331661 rescued=3 dead=1 unreachable=0 never_detected=0 ff_deaths=0 terminal=171 completions=3 recycles=3 removals=3 returns=3 wall=623s [valid 83/407] src=2a36d14ad942 ext=6fc3e7041ad3 head=108a0adf55acdb5743cd70a347fc7810fbcefe24
[07:41:17] LAUNCH clE2_east_half_1301429659 running=7 free_kb=8119948 sims_boxwide=6 attempt=1 src=2a36d14ad942 ext=6fc3e7041ad3 head=108a0adf55acdb5743cd70a347fc7810fbcefe24
[07:41:31] .. alive runid=20260927-033204-1937 event_age=14s | wave=s3 total=407 valid=83 running=7 pending=317 launched=90 failed=0 gaveup=0 forkfail=0 free_kb=8119948 sims_boxwide=6 last_event_age=0s last_event_epoch=1790487677
[07:42:32] .. alive runid=20260927-033204-1937 event_age=75s | wave=s3 total=407 valid=83 running=7 pending=317 launched=90 failed=0 gaveup=0 forkfail=0 free_kb=8119948 sims_boxwide=6 last_event_age=0s last_event_epoch=1790487677
[07:43:32] .. alive runid=20260927-033204-1937 event_age=135s | wave=s3 total=407 valid=83 running=7 pending=317 launched=90 failed=0 gaveup=0 forkfail=0 free_kb=8119948 sims_boxwide=6 last_event_age=0s last_event_epoch=1790487677
[07:44:32] .. alive runid=20260927-033204-1937 event_age=195s | wave=s3 total=407 valid=83 running=7 pending=317 launched=90 failed=0 gaveup=0 forkfail=0 free_kb=8119948 sims_boxwide=6 last_event_age=0s last_event_epoch=1790487677
[07:45:00] DONE clE2_east_half_1506055301 rc=0 807s clE2 east/half seed=1506055301 rescued=3 dead=1 unreachable=0 never_detected=0 ff_deaths=0 terminal=96 completions=3 recycles=3 removals=3 returns=3 wall=805s [valid 84/407] src=2a36d14ad942 ext=6fc3e7041ad3 head=108a0adf55acdb5743cd70a347fc7810fbcefe24
[07:45:01] LAUNCH clE2_east_half_53258209 running=7 free_kb=7971536 sims_boxwide=6 attempt=1 src=2a36d14ad942 ext=6fc3e7041ad3 head=108a0adf55acdb5743cd70a347fc7810fbcefe24
[07:45:32] .. alive runid=20260927-033204-1937 event_age=31s | wave=s3 total=407 valid=84 running=7 pending=316 launched=91 failed=0 gaveup=0 forkfail=0 free_kb=7971536 sims_boxwide=6 last_event_age=0s last_event_epoch=1790487901
[07:46:32] .. alive runid=20260927-033204-1937 event_age=91s | wave=s3 total=407 valid=84 running=7 pending=316 launched=91 failed=0 gaveup=0 forkfail=0 free_kb=7971536 sims_boxwide=6 last_event_age=0s last_event_epoch=1790487901
[07:47:32] .. alive runid=20260927-033204-1937 event_age=151s | wave=s3 total=407 valid=84 running=7 pending=316 launched=91 failed=0 gaveup=0 forkfail=0 free_kb=7971536 sims_boxwide=6 last_event_age=0s last_event_epoch=1790487901
[07:48:32] .. alive runid=20260927-033204-1937 event_age=211s | wave=s3 total=407 valid=84 running=7 pending=316 launched=91 failed=0 gaveup=0 forkfail=0 free_kb=7971536 sims_boxwide=6 last_event_age=0s last_event_epoch=1790487901
[07:49:32] .. alive runid=20260927-033204-1937 event_age=271s | wave=s3 total=407 valid=84 running=7 pending=316 launched=91 failed=0 gaveup=0 forkfail=0 free_kb=7971536 sims_boxwide=6 last_event_age=0s last_event_epoch=1790487901
[07:50:32] .. alive runid=20260927-033204-1937 event_age=331s | wave=s3 total=407 valid=84 running=7 pending=316 launched=91 failed=0 gaveup=0 forkfail=0 free_kb=7971536 sims_boxwide=6 last_event_age=0s last_event_epoch=1790487901
[07:51:32] .. alive runid=20260927-033204-1937 event_age=391s | wave=s3 total=407 valid=84 running=7 pending=316 launched=91 failed=0 gaveup=0 forkfail=0 free_kb=7971536 sims_boxwide=6 last_event_age=0s last_event_epoch=1790487901
[07:52:32] .. alive runid=20260927-033204-1937 event_age=451s | wave=s3 total=407 valid=84 running=7 pending=316 launched=91 failed=0 gaveup=0 forkfail=0 free_kb=7971536 sims_boxwide=6 last_event_age=0s last_event_epoch=1790487901
[07:53:33] .. alive runid=20260927-033204-1937 event_age=512s | wave=s3 total=407 valid=84 running=7 pending=316 launched=91 failed=0 gaveup=0 forkfail=0 free_kb=7971536 sims_boxwide=6 last_event_age=0s last_event_epoch=1790487901
[07:54:22] DONE clE2_east_half_1468405687 rc=0 818s clE2 east/half seed=1468405687 rescued=3 dead=1 unreachable=0 never_detected=0 ff_deaths=0 terminal=108 completions=3 recycles=3 removals=3 returns=3 wall=816s [valid 85/407] src=2a36d14ad942 ext=6fc3e7041ad3 head=108a0adf55acdb5743cd70a347fc7810fbcefe24
[07:54:23] LAUNCH clE2_east_half_1341701987 running=7 free_kb=7869316 sims_boxwide=6 attempt=1 src=2a36d14ad942 ext=6fc3e7041ad3 head=108a0adf55acdb5743cd70a347fc7810fbcefe24
[07:54:33] .. alive runid=20260927-033204-1937 event_age=10s | wave=s3 total=407 valid=85 running=7 pending=315 launched=92 failed=0 gaveup=0 forkfail=0 free_kb=7869316 sims_boxwide=6 last_event_age=0s last_event_epoch=1790488463
[07:54:36] DONE clE2_east_half_1301429659 rc=0 798s clE2 east/half seed=1301429659 rescued=3 dead=1 unreachable=0 never_detected=0 ff_deaths=0 terminal=91 completions=3 recycles=3 removals=3 returns=3 wall=784s [valid 86/407] src=2a36d14ad942 ext=6fc3e7041ad3 head=108a0adf55acdb5743cd70a347fc7810fbcefe24
[07:54:37] LAUNCH clE2_east_half_264075293 running=7 free_kb=7937088 sims_boxwide=6 attempt=1 src=2a36d14ad942 ext=6fc3e7041ad3 head=108a0adf55acdb5743cd70a347fc7810fbcefe24
[07:54:59] DONE clE2_east_half_1999015533 rc=0 1016s clE2 east/half seed=1999015533 rescued=4 dead=0 unreachable=0 never_detected=0 ff_deaths=0 terminal=156 completions=4 recycles=4 removals=4 returns=4 wall=1014s [valid 87/407] src=2a36d14ad942 ext=6fc3e7041ad3 head=108a0adf55acdb5743cd70a347fc7810fbcefe24
[07:55:01] LAUNCH clE2_east_half_2091896221 running=7 free_kb=7979332 sims_boxwide=6 attempt=1 src=2a36d14ad942 ext=6fc3e7041ad3 head=108a0adf55acdb5743cd70a347fc7810fbcefe24
[07:55:16] DONE clE2_east_half_824498143 rc=0 928s clE2 east/half seed=824498143 rescued=3 dead=1 unreachable=0 never_detected=0 ff_deaths=0 terminal=105 completions=3 recycles=3 removals=3 returns=3 wall=926s [valid 88/407] src=2a36d14ad942 ext=6fc3e7041ad3 head=108a0adf55acdb5743cd70a347fc7810fbcefe24
[07:55:17] LAUNCH clE2_east_half_21892117 running=7 free_kb=8001104 sims_boxwide=6 attempt=1 src=2a36d14ad942 ext=6fc3e7041ad3 head=108a0adf55acdb5743cd70a347fc7810fbcefe24
[07:55:33] .. alive runid=20260927-033204-1937 event_age=16s | wave=s3 total=407 valid=88 running=7 pending=312 launched=95 failed=0 gaveup=0 forkfail=0 free_kb=8001104 sims_boxwide=6 last_event_age=0s last_event_epoch=1790488517
[07:56:33] .. alive runid=20260927-033204-1937 event_age=76s | wave=s3 total=407 valid=88 running=7 pending=312 launched=95 failed=0 gaveup=0 forkfail=0 free_kb=8001104 sims_boxwide=6 last_event_age=0s last_event_epoch=1790488517
[07:56:45] DONE clE2_east_half_731846821 rc=0 941s clE2 east/half seed=731846821 rescued=3 dead=1 unreachable=0 never_detected=0 ff_deaths=0 terminal=133 completions=3 recycles=3 removals=3 returns=3 wall=939s [valid 89/407] src=2a36d14ad942 ext=6fc3e7041ad3 head=108a0adf55acdb5743cd70a347fc7810fbcefe24
[07:56:46] LAUNCH clE2_east_half_1717500098 running=7 free_kb=8127240 sims_boxwide=6 attempt=1 src=2a36d14ad942 ext=6fc3e7041ad3 head=108a0adf55acdb5743cd70a347fc7810fbcefe24
[07:57:33] .. alive runid=20260927-033204-1937 event_age=47s | wave=s3 total=407 valid=89 running=7 pending=311 launched=96 failed=0 gaveup=0 forkfail=0 free_kb=8127240 sims_boxwide=6 last_event_age=0s last_event_epoch=1790488606
[07:58:33] .. alive runid=20260927-033204-1937 event_age=107s | wave=s3 total=407 valid=89 running=7 pending=311 launched=96 failed=0 gaveup=0 forkfail=0 free_kb=8127240 sims_boxwide=6 last_event_age=0s last_event_epoch=1790488606
[07:59:33] .. alive runid=20260927-033204-1937 event_age=167s | wave=s3 total=407 valid=89 running=7 pending=311 launched=96 failed=0 gaveup=0 forkfail=0 free_kb=8127240 sims_boxwide=6 last_event_age=0s last_event_epoch=1790488606
[08:00:33] .. alive runid=20260927-033204-1937 event_age=227s | wave=s3 total=407 valid=89 running=7 pending=311 launched=96 failed=0 gaveup=0 forkfail=0 free_kb=8127240 sims_boxwide=6 last_event_age=0s last_event_epoch=1790488606
[08:01:33] .. alive runid=20260927-033204-1937 event_age=287s | wave=s3 total=407 valid=89 running=7 pending=311 launched=96 failed=0 gaveup=0 forkfail=0 free_kb=8127240 sims_boxwide=6 last_event_age=0s last_event_epoch=1790488606
[08:02:33] .. alive runid=20260927-033204-1937 event_age=347s | wave=s3 total=407 valid=89 running=7 pending=311 launched=96 failed=0 gaveup=0 forkfail=0 free_kb=8127240 sims_boxwide=6 last_event_age=0s last_event_epoch=1790488606
[08:02:37] DONE clE2_east_half_53258209 rc=0 1056s clE2 east/half seed=53258209 rescued=4 dead=0 unreachable=0 never_detected=0 ff_deaths=1 terminal=162 completions=4 recycles=4 removals=4 returns=4 wall=1054s [valid 90/407] src=2a36d14ad942 ext=6fc3e7041ad3 head=108a0adf55acdb5743cd70a347fc7810fbcefe24
[08:02:39] LAUNCH clE2_south_half_1386492524 running=7 free_kb=7949444 sims_boxwide=6 attempt=1 src=2a36d14ad942 ext=6fc3e7041ad3 head=108a0adf55acdb5743cd70a347fc7810fbcefe24
[08:03:33] .. alive runid=20260927-033204-1937 event_age=54s | wave=s3 total=407 valid=90 running=7 pending=310 launched=97 failed=0 gaveup=0 forkfail=0 free_kb=7949444 sims_boxwide=6 last_event_age=0s last_event_epoch=1790488959
[08:04:34] .. alive runid=20260927-033204-1937 event_age=115s | wave=s3 total=407 valid=90 running=7 pending=310 launched=97 failed=0 gaveup=0 forkfail=0 free_kb=7949444 sims_boxwide=6 last_event_age=0s last_event_epoch=1790488959
[08:05:08] DONE clE2_east_half_2095654154 rc=0 1535s clE2 east/half seed=2095654154 rescued=4 dead=0 unreachable=0 never_detected=0 ff_deaths=1 terminal=273 completions=4 recycles=4 removals=4 returns=4 wall=1533s [valid 91/407] src=2a36d14ad942 ext=6fc3e7041ad3 head=108a0adf55acdb5743cd70a347fc7810fbcefe24
[08:05:10] LAUNCH clE2_south_half_481765503 running=7 free_kb=7893296 sims_boxwide=6 attempt=1 src=2a36d14ad942 ext=6fc3e7041ad3 head=108a0adf55acdb5743cd70a347fc7810fbcefe24
[08:05:34] .. alive runid=20260927-033204-1937 event_age=24s | wave=s3 total=407 valid=91 running=7 pending=309 launched=98 failed=0 gaveup=0 forkfail=0 free_kb=7893296 sims_boxwide=6 last_event_age=0s last_event_epoch=1790489110
[08:06:34] .. alive runid=20260927-033204-1937 event_age=84s | wave=s3 total=407 valid=91 running=7 pending=309 launched=98 failed=0 gaveup=0 forkfail=0 free_kb=7893296 sims_boxwide=6 last_event_age=0s last_event_epoch=1790489110
[08:07:34] .. alive runid=20260927-033204-1937 event_age=144s | wave=s3 total=407 valid=91 running=7 pending=309 launched=98 failed=0 gaveup=0 forkfail=0 free_kb=7893296 sims_boxwide=6 last_event_age=0s last_event_epoch=1790489110
[08:08:05] DONE clE2_east_half_264075293 rc=0 807s clE2 east/half seed=264075293 rescued=3 dead=1 unreachable=0 never_detected=0 ff_deaths=0 terminal=107 completions=3 recycles=3 removals=3 returns=3 wall=806s [valid 92/407] src=2a36d14ad942 ext=6fc3e7041ad3 head=108a0adf55acdb5743cd70a347fc7810fbcefe24
[08:08:06] LAUNCH clE2_south_half_1415738618 running=7 free_kb=8025024 sims_boxwide=6 attempt=1 src=2a36d14ad942 ext=6fc3e7041ad3 head=108a0adf55acdb5743cd70a347fc7810fbcefe24
[08:08:26] DONE clE2_east_half_1341701987 rc=0 842s clE2 east/half seed=1341701987 rescued=4 dead=0 unreachable=0 never_detected=0 ff_deaths=0 terminal=128 completions=4 recycles=4 removals=4 returns=4 wall=840s [valid 93/407] src=2a36d14ad942 ext=6fc3e7041ad3 head=108a0adf55acdb5743cd70a347fc7810fbcefe24
[08:08:27] LAUNCH clE2_south_half_1218089274 running=7 free_kb=8011152 sims_boxwide=6 attempt=1 src=2a36d14ad942 ext=6fc3e7041ad3 head=108a0adf55acdb5743cd70a347fc7810fbcefe24
[08:08:34] .. alive runid=20260927-033204-1937 event_age=7s | wave=s3 total=407 valid=93 running=7 pending=307 launched=100 failed=0 gaveup=0 forkfail=0 free_kb=8011152 sims_boxwide=6 last_event_age=0s last_event_epoch=1790489307
[08:09:34] .. alive runid=20260927-033204-1937 event_age=67s | wave=s3 total=407 valid=93 running=7 pending=307 launched=100 failed=0 gaveup=0 forkfail=0 free_kb=8011152 sims_boxwide=6 last_event_age=0s last_event_epoch=1790489307
[08:10:34] .. alive runid=20260927-033204-1937 event_age=127s | wave=s3 total=407 valid=93 running=7 pending=307 launched=100 failed=0 gaveup=0 forkfail=0 free_kb=8011152 sims_boxwide=6 last_event_age=0s last_event_epoch=1790489307
[08:11:00] DONE clE2_east_half_21892117 rc=0 943s clE2 east/half seed=21892117 rescued=4 dead=0 unreachable=0 never_detected=0 ff_deaths=0 terminal=123 completions=4 recycles=4 removals=4 returns=4 wall=941s [valid 94/407] src=2a36d14ad942 ext=6fc3e7041ad3 head=108a0adf55acdb5743cd70a347fc7810fbcefe24
[08:11:02] LAUNCH clE2_south_half_2084799913 running=7 free_kb=7949644 sims_boxwide=6 attempt=1 src=2a36d14ad942 ext=6fc3e7041ad3 head=108a0adf55acdb5743cd70a347fc7810fbcefe24
[08:11:34] .. alive runid=20260927-033204-1937 event_age=32s | wave=s3 total=407 valid=94 running=7 pending=306 launched=101 failed=0 gaveup=0 forkfail=0 free_kb=7949644 sims_boxwide=6 last_event_age=0s last_event_epoch=1790489462
[08:12:26] DONE clE2_east_half_1717500098 rc=0 940s clE2 east/half seed=1717500098 rescued=4 dead=0 unreachable=0 never_detected=0 ff_deaths=0 terminal=125 completions=4 recycles=4 removals=4 returns=4 wall=938s [valid 95/407] src=2a36d14ad942 ext=6fc3e7041ad3 head=108a0adf55acdb5743cd70a347fc7810fbcefe24
[08:12:28] LAUNCH clE2_south_half_1335705976 running=7 free_kb=8004824 sims_boxwide=6 attempt=1 src=2a36d14ad942 ext=6fc3e7041ad3 head=108a0adf55acdb5743cd70a347fc7810fbcefe24
[08:12:34] .. alive runid=20260927-033204-1937 event_age=6s | wave=s3 total=407 valid=95 running=7 pending=305 launched=102 failed=0 gaveup=0 forkfail=0 free_kb=8004824 sims_boxwide=6 last_event_age=0s last_event_epoch=1790489548
[08:13:10] DONE clE2_south_half_1386492524 rc=0 631s clE2 south/half seed=1386492524 rescued=3 dead=1 unreachable=0 never_detected=0 ff_deaths=0 terminal=128 completions=3 recycles=3 removals=3 returns=3 wall=629s [valid 96/407] src=2a36d14ad942 ext=6fc3e7041ad3 head=108a0adf55acdb5743cd70a347fc7810fbcefe24
[08:13:12] LAUNCH clE2_south_half_588279432 running=7 free_kb=8025780 sims_boxwide=6 attempt=1 src=2a36d14ad942 ext=6fc3e7041ad3 head=108a0adf55acdb5743cd70a347fc7810fbcefe24
[08:13:25] DONE clE2_east_half_2091896221 rc=0 1103s clE2 east/half seed=2091896221 rescued=3 dead=0 unreachable=1 never_detected=1 ff_deaths=0 terminal=210 completions=3 recycles=3 removals=3 returns=3 wall=1102s [valid 97/407] src=2a36d14ad942 ext=6fc3e7041ad3 head=108a0adf55acdb5743cd70a347fc7810fbcefe24
[08:13:26] LAUNCH clE2_south_half_1887778617 running=7 free_kb=8828588 sims_boxwide=6 attempt=1 src=2a36d14ad942 ext=6fc3e7041ad3 head=108a0adf55acdb5743cd70a347fc7810fbcefe24
[08:13:34] .. alive runid=20260927-033204-1937 event_age=8s | wave=s3 total=407 valid=97 running=7 pending=303 launched=104 failed=0 gaveup=0 forkfail=0 free_kb=8828588 sims_boxwide=6 last_event_age=0s last_event_epoch=1790489606
[08:14:19] DONE clE2_south_half_481765503 rc=0 548s clE2 south/half seed=481765503 rescued=4 dead=0 unreachable=0 never_detected=0 ff_deaths=0 terminal=102 completions=4 recycles=4 removals=4 returns=4 wall=547s [valid 98/407] src=2a36d14ad942 ext=6fc3e7041ad3 head=108a0adf55acdb5743cd70a347fc7810fbcefe24
[08:14:20] LAUNCH clE2_south_half_2128361047 running=7 free_kb=8013148 sims_boxwide=6 attempt=1 src=2a36d14ad942 ext=6fc3e7041ad3 head=108a0adf55acdb5743cd70a347fc7810fbcefe24
[08:14:34] .. alive runid=20260927-033204-1937 event_age=14s | wave=s3 total=407 valid=98 running=7 pending=302 launched=105 failed=0 gaveup=0 forkfail=0 free_kb=8013148 sims_boxwide=6 last_event_age=0s last_event_epoch=1790489660
[08:15:35] .. alive runid=20260927-033204-1937 event_age=75s | wave=s3 total=407 valid=98 running=7 pending=302 launched=105 failed=0 gaveup=0 forkfail=0 free_kb=8013148 sims_boxwide=6 last_event_age=0s last_event_epoch=1790489660
[08:15:37] DONE clE2_south_half_1415738618 rc=0 450s clE2 south/half seed=1415738618 rescued=4 dead=0 unreachable=0 never_detected=0 ff_deaths=0 terminal=118 completions=4 recycles=4 removals=4 returns=4 wall=448s [valid 99/407] src=2a36d14ad942 ext=6fc3e7041ad3 head=108a0adf55acdb5743cd70a347fc7810fbcefe24
[08:15:38] LAUNCH clE2_south_half_684332673 running=7 free_kb=8030512 sims_boxwide=6 attempt=1 src=2a36d14ad942 ext=6fc3e7041ad3 head=108a0adf55acdb5743cd70a347fc7810fbcefe24
[08:16:35] .. alive runid=20260927-033204-1937 event_age=57s | wave=s3 total=407 valid=99 running=7 pending=301 launched=106 failed=0 gaveup=0 forkfail=0 free_kb=8030512 sims_boxwide=6 last_event_age=0s last_event_epoch=1790489738
[08:17:35] .. alive runid=20260927-033204-1937 event_age=117s | wave=s3 total=407 valid=99 running=7 pending=301 launched=106 failed=0 gaveup=0 forkfail=0 free_kb=8030512 sims_boxwide=6 last_event_age=0s last_event_epoch=1790489738
[08:17:54] DONE clE2_south_half_1218089274 rc=0 567s clE2 south/half seed=1218089274 rescued=3 dead=0 unreachable=1 never_detected=0 ff_deaths=2 terminal=175 completions=3 recycles=3 removals=3 returns=3 wall=565s [valid 100/407] src=2a36d14ad942 ext=6fc3e7041ad3 head=108a0adf55acdb5743cd70a347fc7810fbcefe24
[08:17:56] LAUNCH clE2_south_half_1320165480 running=7 free_kb=7976756 sims_boxwide=6 attempt=1 src=2a36d14ad942 ext=6fc3e7041ad3 head=108a0adf55acdb5743cd70a347fc7810fbcefe24
[08:18:35] .. alive runid=20260927-033204-1937 event_age=39s | wave=s3 total=407 valid=100 running=7 pending=300 launched=107 failed=0 gaveup=0 forkfail=0 free_kb=7976756 sims_boxwide=6 last_event_age=0s last_event_epoch=1790489876
[08:19:28] DONE clE2_south_half_2084799913 rc=0 506s clE2 south/half seed=2084799913 rescued=4 dead=0 unreachable=0 never_detected=0 ff_deaths=0 terminal=178 completions=4 recycles=4 removals=4 returns=4 wall=504s [valid 101/407] src=2a36d14ad942 ext=6fc3e7041ad3 head=108a0adf55acdb5743cd70a347fc7810fbcefe24
[08:19:30] LAUNCH clE2_south_half_751617716 running=7 free_kb=7887216 sims_boxwide=6 attempt=1 src=2a36d14ad942 ext=6fc3e7041ad3 head=108a0adf55acdb5743cd70a347fc7810fbcefe24
[08:19:35] .. alive runid=20260927-033204-1937 event_age=5s | wave=s3 total=407 valid=101 running=7 pending=299 launched=108 failed=0 gaveup=0 forkfail=0 free_kb=7887216 sims_boxwide=6 last_event_age=0s last_event_epoch=1790489970
[08:20:31] DONE clE2_south_half_1335705976 rc=0 483s clE2 south/half seed=1335705976 rescued=4 dead=0 unreachable=0 never_detected=0 ff_deaths=0 terminal=151 completions=4 recycles=4 removals=4 returns=4 wall=481s [valid 102/407] src=2a36d14ad942 ext=6fc3e7041ad3 head=108a0adf55acdb5743cd70a347fc7810fbcefe24
[08:20:33] LAUNCH clE2_south_half_422588777 running=7 free_kb=7934340 sims_boxwide=6 attempt=1 src=2a36d14ad942 ext=6fc3e7041ad3 head=108a0adf55acdb5743cd70a347fc7810fbcefe24
[08:20:35] .. alive runid=20260927-033204-1937 event_age=2s | wave=s3 total=407 valid=102 running=7 pending=298 launched=109 failed=0 gaveup=0 forkfail=0 free_kb=7934340 sims_boxwide=6 last_event_age=0s last_event_epoch=1790490033
[08:21:33] DONE clE2_south_half_588279432 rc=0 501s clE2 south/half seed=588279432 rescued=4 dead=0 unreachable=0 never_detected=0 ff_deaths=0 terminal=139 completions=4 recycles=4 removals=4 returns=4 wall=499s [valid 103/407] src=2a36d14ad942 ext=6fc3e7041ad3 head=108a0adf55acdb5743cd70a347fc7810fbcefe24
[08:21:35] LAUNCH clE2_east_def_6554204 running=7 free_kb=7993416 sims_boxwide=6 attempt=1 src=2a36d14ad942 ext=6fc3e7041ad3 head=108a0adf55acdb5743cd70a347fc7810fbcefe24
[08:21:35] .. alive runid=20260927-033204-1937 event_age=0s | wave=s3 total=407 valid=103 running=7 pending=297 launched=110 failed=0 gaveup=0 forkfail=0 free_kb=7993416 sims_boxwide=6 last_event_age=0s last_event_epoch=1790490095
[08:22:15] DONE clE2_south_half_2128361047 rc=0 474s clE2 south/half seed=2128361047 rescued=4 dead=0 unreachable=0 never_detected=0 ff_deaths=0 terminal=148 completions=4 recycles=4 removals=4 returns=4 wall=472s [valid 104/407] src=2a36d14ad942 ext=6fc3e7041ad3 head=108a0adf55acdb5743cd70a347fc7810fbcefe24
[08:22:16] LAUNCH clE2_east_def_1325753362 running=7 free_kb=8004360 sims_boxwide=6 attempt=1 src=2a36d14ad942 ext=6fc3e7041ad3 head=108a0adf55acdb5743cd70a347fc7810fbcefe24
[08:22:35] .. alive runid=20260927-033204-1937 event_age=19s | wave=s3 total=407 valid=104 running=7 pending=296 launched=111 failed=0 gaveup=0 forkfail=0 free_kb=8004360 sims_boxwide=6 last_event_age=0s last_event_epoch=1790490136
[08:23:35] .. alive runid=20260927-033204-1937 event_age=79s | wave=s3 total=407 valid=104 running=7 pending=296 launched=111 failed=0 gaveup=0 forkfail=0 free_kb=8004360 sims_boxwide=6 last_event_age=0s last_event_epoch=1790490136
[08:23:54] DONE clE2_south_half_1887778617 rc=0 627s clE2 south/half seed=1887778617 rescued=3 dead=0 unreachable=1 never_detected=0 ff_deaths=2 terminal=213 completions=3 recycles=3 removals=3 returns=3 wall=625s [valid 105/407] src=2a36d14ad942 ext=6fc3e7041ad3 head=108a0adf55acdb5743cd70a347fc7810fbcefe24
[08:23:55] LAUNCH clE2_east_def_265702576 running=7 free_kb=7973220 sims_boxwide=6 attempt=1 src=2a36d14ad942 ext=6fc3e7041ad3 head=108a0adf55acdb5743cd70a347fc7810fbcefe24
[08:24:35] .. alive runid=20260927-033204-1937 event_age=40s | wave=s3 total=407 valid=105 running=7 pending=295 launched=112 failed=0 gaveup=0 forkfail=0 free_kb=7973220 sims_boxwide=6 last_event_age=0s last_event_epoch=1790490235
[08:25:35] .. alive runid=20260927-033204-1937 event_age=100s | wave=s3 total=407 valid=105 running=7 pending=295 launched=112 failed=0 gaveup=0 forkfail=0 free_kb=7973220 sims_boxwide=6 last_event_age=0s last_event_epoch=1790490235
[08:26:36] .. alive runid=20260927-033204-1937 event_age=161s | wave=s3 total=407 valid=105 running=7 pending=295 launched=112 failed=0 gaveup=0 forkfail=0 free_kb=7973220 sims_boxwide=6 last_event_age=0s last_event_epoch=1790490235
[08:27:09] DONE clE2_south_half_684332673 rc=0 690s clE2 south/half seed=684332673 rescued=4 dead=0 unreachable=0 never_detected=0 ff_deaths=0 terminal=187 completions=4 recycles=4 removals=4 returns=4 wall=689s [valid 106/407] src=2a36d14ad942 ext=6fc3e7041ad3 head=108a0adf55acdb5743cd70a347fc7810fbcefe24
[08:27:10] LAUNCH clE2_east_def_1686457565 running=7 free_kb=7923528 sims_boxwide=6 attempt=1 src=2a36d14ad942 ext=6fc3e7041ad3 head=108a0adf55acdb5743cd70a347fc7810fbcefe24
[08:27:36] .. alive runid=20260927-033204-1937 event_age=26s | wave=s3 total=407 valid=106 running=7 pending=294 launched=113 failed=0 gaveup=0 forkfail=0 free_kb=7923528 sims_boxwide=6 last_event_age=0s last_event_epoch=1790490430
[08:28:34] DONE clE2_south_half_422588777 rc=0 481s clE2 south/half seed=422588777 rescued=4 dead=0 unreachable=0 never_detected=0 ff_deaths=0 terminal=104 completions=4 recycles=4 removals=4 returns=4 wall=479s [valid 107/407] src=2a36d14ad942 ext=6fc3e7041ad3 head=108a0adf55acdb5743cd70a347fc7810fbcefe24
[08:28:36] LAUNCH clE2_east_half_111 running=7 free_kb=7919536 sims_boxwide=6 attempt=1 src=2a36d14ad942 ext=6fc3e7041ad3 head=108a0adf55acdb5743cd70a347fc7810fbcefe24
[08:28:36] .. alive runid=20260927-033204-1937 event_age=0s | wave=s3 total=407 valid=107 running=7 pending=293 launched=114 failed=0 gaveup=0 forkfail=0 free_kb=7919536 sims_boxwide=6 last_event_age=0s last_event_epoch=1790490516
[08:29:05] DONE clE2_south_half_751617716 rc=0 574s clE2 south/half seed=751617716 rescued=2 dead=1 unreachable=1 never_detected=0 ff_deaths=2 terminal=179 completions=2 recycles=2 removals=2 returns=2 wall=573s [valid 108/407] src=2a36d14ad942 ext=6fc3e7041ad3 head=108a0adf55acdb5743cd70a347fc7810fbcefe24
[08:29:07] LAUNCH clE2_east_half_222 running=7 free_kb=7991204 sims_boxwide=6 attempt=1 src=2a36d14ad942 ext=6fc3e7041ad3 head=108a0adf55acdb5743cd70a347fc7810fbcefe24
[08:29:36] .. alive runid=20260927-033204-1937 event_age=30s | wave=s3 total=407 valid=108 running=7 pending=292 launched=115 failed=0 gaveup=0 forkfail=0 free_kb=7991204 sims_boxwide=6 last_event_age=1s last_event_epoch=1790490546
[08:29:46] DONE clE2_east_def_6554204 rc=0 490s clE2 east/default seed=6554204 rescued=4 dead=0 unreachable=0 never_detected=0 ff_deaths=0 terminal=189 completions=4 recycles=4 removals=4 returns=4 wall=489s [valid 109/407] src=2a36d14ad942 ext=6fc3e7041ad3 head=108a0adf55acdb5743cd70a347fc7810fbcefe24
[08:29:47] LAUNCH clE2_east_half_333 running=7 free_kb=7908324 sims_boxwide=6 attempt=1 src=2a36d14ad942 ext=6fc3e7041ad3 head=108a0adf55acdb5743cd70a347fc7810fbcefe24
[08:30:15] DONE clE2_south_half_1320165480 rc=0 739s clE2 south/half seed=1320165480 rescued=3 dead=1 unreachable=0 never_detected=0 ff_deaths=0 terminal=219 completions=3 recycles=3 removals=3 returns=3 wall=737s [valid 110/407] src=2a36d14ad942 ext=6fc3e7041ad3 head=108a0adf55acdb5743cd70a347fc7810fbcefe24
[08:30:17] LAUNCH clE2_east_half_444 running=7 free_kb=8738704 sims_boxwide=6 attempt=1 src=2a36d14ad942 ext=6fc3e7041ad3 head=108a0adf55acdb5743cd70a347fc7810fbcefe24
[08:30:29] DONE clE2_east_def_1325753362 rc=0 493s clE2 east/default seed=1325753362 rescued=4 dead=0 unreachable=0 never_detected=0 ff_deaths=0 terminal=106 completions=4 recycles=4 removals=4 returns=4 wall=485s [valid 111/407] src=2a36d14ad942 ext=6fc3e7041ad3 head=108a0adf55acdb5743cd70a347fc7810fbcefe24
[08:30:31] LAUNCH clE2_east_half_606 running=7 free_kb=8027012 sims_boxwide=6 attempt=1 src=2a36d14ad942 ext=6fc3e7041ad3 head=108a0adf55acdb5743cd70a347fc7810fbcefe24
[08:30:36] .. alive runid=20260927-033204-1937 event_age=5s | wave=s3 total=407 valid=111 running=7 pending=289 launched=118 failed=0 gaveup=0 forkfail=0 free_kb=8027012 sims_boxwide=6 last_event_age=0s last_event_epoch=1790490631
[08:31:36] .. alive runid=20260927-033204-1937 event_age=65s | wave=s3 total=407 valid=111 running=7 pending=289 launched=118 failed=0 gaveup=0 forkfail=0 free_kb=8027012 sims_boxwide=6 last_event_age=0s last_event_epoch=1790490631
[08:32:36] .. alive runid=20260927-033204-1937 event_age=125s | wave=s3 total=407 valid=111 running=7 pending=289 launched=118 failed=0 gaveup=0 forkfail=0 free_kb=8027012 sims_boxwide=6 last_event_age=0s last_event_epoch=1790490631
[08:32:37] DONE clE2_east_def_265702576 rc=0 521s clE2 east/default seed=265702576 rescued=3 dead=1 unreachable=0 never_detected=0 ff_deaths=0 terminal=157 completions=3 recycles=3 removals=3 returns=3 wall=519s [valid 112/407] src=2a36d14ad942 ext=6fc3e7041ad3 head=108a0adf55acdb5743cd70a347fc7810fbcefe24
[08:32:38] LAUNCH clE2_east_half_808 running=7 free_kb=7801768 sims_boxwide=6 attempt=1 src=2a36d14ad942 ext=6fc3e7041ad3 head=108a0adf55acdb5743cd70a347fc7810fbcefe24
[08:33:36] .. alive runid=20260927-033204-1937 event_age=58s | wave=s3 total=407 valid=112 running=7 pending=288 launched=119 failed=0 gaveup=0 forkfail=0 free_kb=7801768 sims_boxwide=6 last_event_age=0s last_event_epoch=1790490758
[08:34:36] .. alive runid=20260927-033204-1937 event_age=118s | wave=s3 total=407 valid=112 running=7 pending=288 launched=119 failed=0 gaveup=0 forkfail=0 free_kb=7801768 sims_boxwide=6 last_event_age=0s last_event_epoch=1790490758
[08:35:23] DONE clE2_east_def_1686457565 rc=0 492s clE2 east/default seed=1686457565 rescued=4 dead=0 unreachable=0 never_detected=0 ff_deaths=0 terminal=205 completions=4 recycles=4 removals=4 returns=4 wall=490s [valid 113/407] src=2a36d14ad942 ext=6fc3e7041ad3 head=108a0adf55acdb5743cd70a347fc7810fbcefe24
[08:35:24] LAUNCH clE2_east_half_909 running=7 free_kb=7780364 sims_boxwide=6 attempt=1 src=2a36d14ad942 ext=6fc3e7041ad3 head=108a0adf55acdb5743cd70a347fc7810fbcefe24
[08:35:36] .. alive runid=20260927-033204-1937 event_age=12s | wave=s3 total=407 valid=113 running=7 pending=287 launched=120 failed=0 gaveup=0 forkfail=0 free_kb=7780364 sims_boxwide=6 last_event_age=0s last_event_epoch=1790490924
[08:36:36] .. alive runid=20260927-033204-1937 event_age=72s | wave=s3 total=407 valid=113 running=7 pending=287 launched=120 failed=0 gaveup=0 forkfail=0 free_kb=7780364 sims_boxwide=6 last_event_age=0s last_event_epoch=1790490924
[08:37:37] .. alive runid=20260927-033204-1937 event_age=133s | wave=s3 total=407 valid=113 running=7 pending=287 launched=120 failed=0 gaveup=0 forkfail=0 free_kb=7780364 sims_boxwide=6 last_event_age=0s last_event_epoch=1790490924
[08:38:35] DONE clE2_east_half_444 rc=0 497s clE2 east/half seed=444 rescued=4 dead=0 unreachable=0 never_detected=0 ff_deaths=0 terminal=226 completions=4 recycles=4 removals=4 returns=4 wall=496s [valid 114/407] src=2a36d14ad942 ext=6fc3e7041ad3 head=108a0adf55acdb5743cd70a347fc7810fbcefe24
[08:38:36] LAUNCH clH_east_half_2070841104 running=7 free_kb=7973372 sims_boxwide=6 attempt=1 src=2a36d14ad942 ext=6fc3e7041ad3 head=108a0adf55acdb5743cd70a347fc7810fbcefe24
[08:38:37] .. alive runid=20260927-033204-1937 event_age=1s | wave=s3 total=407 valid=114 running=7 pending=286 launched=121 failed=0 gaveup=0 forkfail=0 free_kb=7973372 sims_boxwide=6 last_event_age=0s last_event_epoch=1790491116
[08:39:37] .. alive runid=20260927-033204-1937 event_age=61s | wave=s3 total=407 valid=114 running=7 pending=286 launched=121 failed=0 gaveup=0 forkfail=0 free_kb=7973372 sims_boxwide=6 last_event_age=0s last_event_epoch=1790491116
[08:40:37] .. alive runid=20260927-033204-1937 event_age=121s | wave=s3 total=407 valid=114 running=7 pending=286 launched=121 failed=0 gaveup=0 forkfail=0 free_kb=7973372 sims_boxwide=6 last_event_age=0s last_event_epoch=1790491116
[08:41:37] .. alive runid=20260927-033204-1937 event_age=181s | wave=s3 total=407 valid=114 running=7 pending=286 launched=121 failed=0 gaveup=0 forkfail=0 free_kb=7973372 sims_boxwide=6 last_event_age=0s last_event_epoch=1790491116
[08:42:37] .. alive runid=20260927-033204-1937 event_age=241s | wave=s3 total=407 valid=114 running=7 pending=286 launched=121 failed=0 gaveup=0 forkfail=0 free_kb=7973372 sims_boxwide=6 last_event_age=0s last_event_epoch=1790491116
[08:43:07] DONE clE2_east_half_333 rc=0 800s clE2 east/half seed=333 rescued=3 dead=1 unreachable=0 never_detected=0 ff_deaths=0 terminal=104 completions=3 recycles=3 removals=3 returns=3 wall=798s [valid 115/407] src=2a36d14ad942 ext=6fc3e7041ad3 head=108a0adf55acdb5743cd70a347fc7810fbcefe24
[08:43:09] LAUNCH clH_east_half_1147610331 running=7 free_kb=8207920 sims_boxwide=6 attempt=1 src=2a36d14ad942 ext=6fc3e7041ad3 head=108a0adf55acdb5743cd70a347fc7810fbcefe24
[08:43:21] DONE clE2_east_half_111 rc=0 885s clE2 east/half seed=111 rescued=4 dead=0 unreachable=0 never_detected=0 ff_deaths=0 terminal=127 completions=4 recycles=4 removals=4 returns=4 wall=874s [valid 116/407] src=2a36d14ad942 ext=6fc3e7041ad3 head=108a0adf55acdb5743cd70a347fc7810fbcefe24
[08:43:23] LAUNCH clH_east_half_1291443119 running=7 free_kb=8212940 sims_boxwide=6 attempt=1 src=2a36d14ad942 ext=6fc3e7041ad3 head=108a0adf55acdb5743cd70a347fc7810fbcefe24
[08:43:37] .. alive runid=20260927-033204-1937 event_age=14s | wave=s3 total=407 valid=116 running=7 pending=284 launched=123 failed=0 gaveup=0 forkfail=0 free_kb=8212940 sims_boxwide=6 last_event_age=0s last_event_epoch=1790491403
[08:44:22] DONE clE2_east_half_222 rc=0 916s clE2 east/half seed=222 rescued=4 dead=0 unreachable=0 never_detected=0 ff_deaths=0 terminal=127 completions=4 recycles=4 removals=4 returns=4 wall=914s [valid 117/407] src=2a36d14ad942 ext=6fc3e7041ad3 head=108a0adf55acdb5743cd70a347fc7810fbcefe24
[08:44:24] LAUNCH clH_east_half_1433805104 running=7 free_kb=8243760 sims_boxwide=6 attempt=1 src=2a36d14ad942 ext=6fc3e7041ad3 head=108a0adf55acdb5743cd70a347fc7810fbcefe24
[08:44:37] .. alive runid=20260927-033204-1937 event_age=13s | wave=s3 total=407 valid=117 running=7 pending=283 launched=124 failed=0 gaveup=0 forkfail=0 free_kb=8243760 sims_boxwide=6 last_event_age=0s last_event_epoch=1790491464
[08:44:40] DONE clE2_east_half_808 rc=0 722s clE2 east/half seed=808 rescued=3 dead=1 unreachable=0 never_detected=0 ff_deaths=0 terminal=103 completions=3 recycles=3 removals=3 returns=3 wall=720s [valid 118/407] src=2a36d14ad942 ext=6fc3e7041ad3 head=108a0adf55acdb5743cd70a347fc7810fbcefe24
[08:44:42] LAUNCH clH_east_half_1636723358 running=7 free_kb=8176716 sims_boxwide=6 attempt=1 src=2a36d14ad942 ext=6fc3e7041ad3 head=108a0adf55acdb5743cd70a347fc7810fbcefe24
[08:45:37] .. alive runid=20260927-033204-1937 event_age=55s | wave=s3 total=407 valid=118 running=7 pending=282 launched=125 failed=0 gaveup=0 forkfail=0 free_kb=8176716 sims_boxwide=6 last_event_age=0s last_event_epoch=1790491482
[08:46:37] .. alive runid=20260927-033204-1937 event_age=115s | wave=s3 total=407 valid=118 running=7 pending=282 launched=125 failed=0 gaveup=0 forkfail=0 free_kb=8176716 sims_boxwide=6 last_event_age=0s last_event_epoch=1790491482
[08:46:48] DONE clE2_east_half_909 rc=0 684s clE2 east/half seed=909 rescued=4 dead=0 unreachable=0 never_detected=0 ff_deaths=0 terminal=110 completions=4 recycles=4 removals=4 returns=4 wall=682s [valid 119/407] src=2a36d14ad942 ext=6fc3e7041ad3 head=108a0adf55acdb5743cd70a347fc7810fbcefe24
[08:46:50] LAUNCH clH_east_half_1252362635 running=7 free_kb=8372100 sims_boxwide=6 attempt=1 src=2a36d14ad942 ext=6fc3e7041ad3 head=108a0adf55acdb5743cd70a347fc7810fbcefe24
[08:47:37] .. alive runid=20260927-033204-1937 event_age=47s | wave=s3 total=407 valid=119 running=7 pending=281 launched=126 failed=0 gaveup=0 forkfail=0 free_kb=8372100 sims_boxwide=6 last_event_age=0s last_event_epoch=1790491610
[08:48:38] .. alive runid=20260927-033204-1937 event_age=108s | wave=s3 total=407 valid=119 running=7 pending=281 launched=126 failed=0 gaveup=0 forkfail=0 free_kb=8372100 sims_boxwide=6 last_event_age=0s last_event_epoch=1790491610
[08:49:30] DONE clE2_east_half_606 rc=0 1138s clE2 east/half seed=606 rescued=4 dead=0 unreachable=0 never_detected=0 ff_deaths=0 terminal=245 completions=4 recycles=4 removals=4 returns=4 wall=1137s [valid 120/407] src=2a36d14ad942 ext=6fc3e7041ad3 head=108a0adf55acdb5743cd70a347fc7810fbcefe24
[08:49:31] LAUNCH clH_east_half_294124329 running=7 free_kb=8291064 sims_boxwide=6 attempt=1 src=2a36d14ad942 ext=6fc3e7041ad3 head=108a0adf55acdb5743cd70a347fc7810fbcefe24
[08:49:38] .. alive runid=20260927-033204-1937 event_age=7s | wave=s3 total=407 valid=120 running=7 pending=280 launched=127 failed=0 gaveup=0 forkfail=0 free_kb=8291064 sims_boxwide=6 last_event_age=0s last_event_epoch=1790491771
[08:50:38] .. alive runid=20260927-033204-1937 event_age=67s | wave=s3 total=407 valid=120 running=7 pending=280 launched=127 failed=0 gaveup=0 forkfail=0 free_kb=8291064 sims_boxwide=6 last_event_age=0s last_event_epoch=1790491771
[08:51:08] DONE clH_east_half_2070841104 rc=0 751s clH east/half seed=2070841104 rescued=4 dead=0 unreachable=0 never_detected=0 ff_deaths=0 terminal=122 completions=4 recycles=4 removals=4 returns=4 wall=749s [valid 121/407] src=2a36d14ad942 ext=6fc3e7041ad3 head=108a0adf55acdb5743cd70a347fc7810fbcefe24
[08:51:09] LAUNCH clH_east_half_1723100518 running=7 free_kb=8393668 sims_boxwide=6 attempt=1 src=2a36d14ad942 ext=6fc3e7041ad3 head=108a0adf55acdb5743cd70a347fc7810fbcefe24
[08:51:38] .. alive runid=20260927-033204-1937 event_age=29s | wave=s3 total=407 valid=121 running=7 pending=279 launched=128 failed=0 gaveup=0 forkfail=0 free_kb=8393668 sims_boxwide=6 last_event_age=0s last_event_epoch=1790491869
[08:51:50] DONE clH_east_half_1147610331 rc=0 521s clH east/half seed=1147610331 rescued=2 dead=2 unreachable=0 never_detected=0 ff_deaths=0 terminal=93 completions=2 recycles=2 removals=2 returns=2 wall=519s [valid 122/407] src=2a36d14ad942 ext=6fc3e7041ad3 head=108a0adf55acdb5743cd70a347fc7810fbcefe24
[08:51:52] LAUNCH clH_east_half_1532569567 running=7 free_kb=8358116 sims_boxwide=6 attempt=1 src=2a36d14ad942 ext=6fc3e7041ad3 head=108a0adf55acdb5743cd70a347fc7810fbcefe24
[08:52:38] .. alive runid=20260927-033204-1937 event_age=46s | wave=s3 total=407 valid=122 running=7 pending=278 launched=129 failed=0 gaveup=0 forkfail=0 free_kb=8358116 sims_boxwide=6 last_event_age=0s last_event_epoch=1790491912
[08:53:38] .. alive runid=20260927-033204-1937 event_age=106s | wave=s3 total=407 valid=122 running=7 pending=278 launched=129 failed=0 gaveup=0 forkfail=0 free_kb=8358116 sims_boxwide=6 last_event_age=0s last_event_epoch=1790491912
[08:54:01] DONE clH_east_half_1636723358 rc=0 558s clH east/half seed=1636723358 rescued=3 dead=1 unreachable=0 never_detected=0 ff_deaths=0 terminal=105 completions=3 recycles=3 removals=3 returns=3 wall=557s [valid 123/407] src=2a36d14ad942 ext=6fc3e7041ad3 head=108a0adf55acdb5743cd70a347fc7810fbcefe24
[08:54:02] LAUNCH clH_east_half_498896028 running=7 free_kb=8339972 sims_boxwide=6 attempt=1 src=2a36d14ad942 ext=6fc3e7041ad3 head=108a0adf55acdb5743cd70a347fc7810fbcefe24
[08:54:25] DONE clH_east_half_1291443119 rc=0 661s clH east/half seed=1291443119 rescued=3 dead=1 unreachable=0 never_detected=0 ff_deaths=1 terminal=162 completions=3 recycles=3 removals=3 returns=3 wall=660s [valid 124/407] src=2a36d14ad942 ext=6fc3e7041ad3 head=108a0adf55acdb5743cd70a347fc7810fbcefe24
[08:54:26] LAUNCH clH_east_half_1401495347 running=7 free_kb=8270748 sims_boxwide=6 attempt=1 src=2a36d14ad942 ext=6fc3e7041ad3 head=108a0adf55acdb5743cd70a347fc7810fbcefe24
[08:54:38] .. alive runid=20260927-033204-1937 event_age=12s | wave=s3 total=407 valid=124 running=7 pending=276 launched=131 failed=0 gaveup=0 forkfail=0 free_kb=8270748 sims_boxwide=6 last_event_age=0s last_event_epoch=1790492066
[08:55:38] .. alive runid=20260927-033204-1937 event_age=72s | wave=s3 total=407 valid=124 running=7 pending=276 launched=131 failed=0 gaveup=0 forkfail=0 free_kb=8270748 sims_boxwide=6 last_event_age=0s last_event_epoch=1790492066
[08:56:38] .. alive runid=20260927-033204-1937 event_age=132s | wave=s3 total=407 valid=124 running=7 pending=276 launched=131 failed=0 gaveup=0 forkfail=0 free_kb=8270748 sims_boxwide=6 last_event_age=0s last_event_epoch=1790492066
[08:57:38] .. alive runid=20260927-033204-1937 event_age=192s | wave=s3 total=407 valid=124 running=7 pending=276 launched=131 failed=0 gaveup=0 forkfail=0 free_kb=8270748 sims_boxwide=6 last_event_age=0s last_event_epoch=1790492066
[08:58:38] .. alive runid=20260927-033204-1937 event_age=252s | wave=s3 total=407 valid=124 running=7 pending=276 launched=131 failed=0 gaveup=0 forkfail=0 free_kb=8270748 sims_boxwide=6 last_event_age=0s last_event_epoch=1790492066
[08:58:56] DONE clH_east_half_294124329 rc=0 564s clH east/half seed=294124329 rescued=4 dead=0 unreachable=0 never_detected=0 ff_deaths=0 terminal=143 completions=4 recycles=4 removals=4 returns=4 wall=562s [valid 125/407] src=2a36d14ad942 ext=6fc3e7041ad3 head=108a0adf55acdb5743cd70a347fc7810fbcefe24
[08:58:57] LAUNCH clH_east_half_133894353 running=7 free_kb=8329604 sims_boxwide=6 attempt=1 src=2a36d14ad942 ext=6fc3e7041ad3 head=108a0adf55acdb5743cd70a347fc7810fbcefe24
[08:59:10] DONE clH_east_half_1723100518 rc=0 480s clH east/half seed=1723100518 rescued=2 dead=2 unreachable=0 never_detected=0 ff_deaths=0 terminal=96 completions=2 recycles=2 removals=2 returns=2 wall=469s [valid 126/407] src=2a36d14ad942 ext=6fc3e7041ad3 head=108a0adf55acdb5743cd70a347fc7810fbcefe24
[08:59:11] LAUNCH clH_east_half_1788979460 running=7 free_kb=8366228 sims_boxwide=6 attempt=1 src=2a36d14ad942 ext=6fc3e7041ad3 head=108a0adf55acdb5743cd70a347fc7810fbcefe24
[08:59:39] .. alive runid=20260927-033204-1937 event_age=28s | wave=s3 total=407 valid=126 running=7 pending=274 launched=133 failed=0 gaveup=0 forkfail=0 free_kb=8366228 sims_boxwide=6 last_event_age=0s last_event_epoch=1790492351
[08:59:40] DONE clH_east_half_1433805104 rc=0 915s clH east/half seed=1433805104 rescued=4 dead=0 unreachable=0 never_detected=0 ff_deaths=0 terminal=282 completions=4 recycles=4 removals=4 returns=4 wall=914s [valid 127/407] src=2a36d14ad942 ext=6fc3e7041ad3 head=108a0adf55acdb5743cd70a347fc7810fbcefe24
[08:59:41] LAUNCH clH_south_half_1486866530 running=7 free_kb=8306052 sims_boxwide=6 attempt=1 src=2a36d14ad942 ext=6fc3e7041ad3 head=108a0adf55acdb5743cd70a347fc7810fbcefe24
[09:00:39] .. alive runid=20260927-033204-1937 event_age=58s | wave=s3 total=407 valid=127 running=7 pending=273 launched=134 failed=0 gaveup=0 forkfail=0 free_kb=8306052 sims_boxwide=6 last_event_age=0s last_event_epoch=1790492381
[09:01:35] DONE clH_east_half_1252362635 rc=0 884s clH east/half seed=1252362635 rescued=4 dead=0 unreachable=0 never_detected=0 ff_deaths=0 terminal=259 completions=4 recycles=4 removals=4 returns=4 wall=883s [valid 128/407] src=2a36d14ad942 ext=6fc3e7041ad3 head=108a0adf55acdb5743cd70a347fc7810fbcefe24
[09:01:36] LAUNCH clH_south_half_536769381 running=7 free_kb=9106260 sims_boxwide=6 attempt=1 src=2a36d14ad942 ext=6fc3e7041ad3 head=108a0adf55acdb5743cd70a347fc7810fbcefe24
[09:01:39] .. alive runid=20260927-033204-1937 event_age=3s | wave=s3 total=407 valid=128 running=7 pending=272 launched=135 failed=0 gaveup=0 forkfail=0 free_kb=9106260 sims_boxwide=6 last_event_age=0s last_event_epoch=1790492496
[09:02:39] .. alive runid=20260927-033204-1937 event_age=63s | wave=s3 total=407 valid=128 running=7 pending=272 launched=135 failed=0 gaveup=0 forkfail=0 free_kb=9106260 sims_boxwide=6 last_event_age=0s last_event_epoch=1790492496
[09:03:13] DONE clH_east_half_1532569567 rc=0 680s clH east/half seed=1532569567 rescued=3 dead=0 unreachable=1 never_detected=0 ff_deaths=1 terminal=215 completions=3 recycles=3 removals=3 returns=3 wall=679s [valid 129/407] src=2a36d14ad942 ext=6fc3e7041ad3 head=108a0adf55acdb5743cd70a347fc7810fbcefe24
[09:03:14] LAUNCH clH_south_half_791464433 running=7 free_kb=8301472 sims_boxwide=6 attempt=1 src=2a36d14ad942 ext=6fc3e7041ad3 head=108a0adf55acdb5743cd70a347fc7810fbcefe24
[09:03:39] .. alive runid=20260927-033204-1937 event_age=25s | wave=s3 total=407 valid=129 running=7 pending=271 launched=136 failed=0 gaveup=0 forkfail=0 free_kb=8301472 sims_boxwide=6 last_event_age=0s last_event_epoch=1790492594
[09:04:39] .. alive runid=20260927-033204-1937 event_age=85s | wave=s3 total=407 valid=129 running=7 pending=271 launched=136 failed=0 gaveup=0 forkfail=0 free_kb=8301472 sims_boxwide=6 last_event_age=0s last_event_epoch=1790492594
[09:04:46] DONE clH_east_half_1401495347 rc=0 619s clH east/half seed=1401495347 rescued=3 dead=1 unreachable=0 never_detected=0 ff_deaths=0 terminal=180 completions=3 recycles=3 removals=3 returns=3 wall=617s [valid 130/407] src=2a36d14ad942 ext=6fc3e7041ad3 head=108a0adf55acdb5743cd70a347fc7810fbcefe24
[09:04:47] LAUNCH clH_south_half_706299103 running=7 free_kb=8150728 sims_boxwide=6 attempt=1 src=2a36d14ad942 ext=6fc3e7041ad3 head=108a0adf55acdb5743cd70a347fc7810fbcefe24
[09:05:39] .. alive runid=20260927-033204-1937 event_age=52s | wave=s3 total=407 valid=130 running=7 pending=270 launched=137 failed=0 gaveup=0 forkfail=0 free_kb=8150728 sims_boxwide=6 last_event_age=0s last_event_epoch=1790492687
[09:06:25] DONE clH_south_half_1486866530 rc=0 403s clH south/half seed=1486866530 rescued=3 dead=0 unreachable=1 never_detected=1 ff_deaths=0 terminal=210 completions=3 recycles=3 removals=3 returns=3 wall=401s [valid 131/407] src=2a36d14ad942 ext=6fc3e7041ad3 head=108a0adf55acdb5743cd70a347fc7810fbcefe24
[09:06:26] LAUNCH clH_south_half_1364948962 running=7 free_kb=8305608 sims_boxwide=6 attempt=1 src=2a36d14ad942 ext=6fc3e7041ad3 head=108a0adf55acdb5743cd70a347fc7810fbcefe24
[09:06:39] .. alive runid=20260927-033204-1937 event_age=13s | wave=s3 total=407 valid=131 running=7 pending=269 launched=138 failed=0 gaveup=0 forkfail=0 free_kb=8305608 sims_boxwide=6 last_event_age=0s last_event_epoch=1790492786
[09:06:46] DONE clH_south_half_536769381 rc=0 309s clH south/half seed=536769381 rescued=4 dead=0 unreachable=0 never_detected=0 ff_deaths=0 terminal=118 completions=4 recycles=4 removals=4 returns=4 wall=307s [valid 132/407] src=2a36d14ad942 ext=6fc3e7041ad3 head=108a0adf55acdb5743cd70a347fc7810fbcefe24
[09:06:47] LAUNCH clH_south_half_937041678 running=7 free_kb=8288440 sims_boxwide=6 attempt=1 src=2a36d14ad942 ext=6fc3e7041ad3 head=108a0adf55acdb5743cd70a347fc7810fbcefe24
[09:07:39] .. alive runid=20260927-033204-1937 event_age=52s | wave=s3 total=407 valid=132 running=7 pending=268 launched=139 failed=0 gaveup=0 forkfail=0 free_kb=8288440 sims_boxwide=6 last_event_age=0s last_event_epoch=1790492807
[09:08:08] DONE clH_east_half_498896028 rc=0 845s clH east/half seed=498896028 rescued=4 dead=0 unreachable=0 never_detected=0 ff_deaths=0 terminal=254 completions=4 recycles=4 removals=4 returns=4 wall=843s [valid 133/407] src=2a36d14ad942 ext=6fc3e7041ad3 head=108a0adf55acdb5743cd70a347fc7810fbcefe24
[09:08:09] LAUNCH clH_south_half_954838929 running=7 free_kb=8346692 sims_boxwide=6 attempt=1 src=2a36d14ad942 ext=6fc3e7041ad3 head=108a0adf55acdb5743cd70a347fc7810fbcefe24
[09:08:39] .. alive runid=20260927-033204-1937 event_age=30s | wave=s3 total=407 valid=133 running=7 pending=267 launched=140 failed=0 gaveup=0 forkfail=0 free_kb=8346692 sims_boxwide=6 last_event_age=0s last_event_epoch=1790492889
[09:09:39] .. alive runid=20260927-033204-1937 event_age=90s | wave=s3 total=407 valid=133 running=7 pending=267 launched=140 failed=0 gaveup=0 forkfail=0 free_kb=8346692 sims_boxwide=6 last_event_age=0s last_event_epoch=1790492889
[09:10:01] DONE clH_south_half_1364948962 rc=0 214s clH south/half seed=1364948962 rescued=4 dead=0 unreachable=0 never_detected=0 ff_deaths=0 terminal=140 completions=4 recycles=4 removals=4 returns=4 wall=212s [valid 134/407] src=2a36d14ad942 ext=6fc3e7041ad3 head=108a0adf55acdb5743cd70a347fc7810fbcefe24
[09:10:02] LAUNCH clH_south_half_139925734 running=7 free_kb=9064984 sims_boxwide=6 attempt=1 src=2a36d14ad942 ext=6fc3e7041ad3 head=108a0adf55acdb5743cd70a347fc7810fbcefe24
[09:10:15] DONE clH_south_half_791464433 rc=0 420s clH south/half seed=791464433 rescued=4 dead=0 unreachable=0 never_detected=0 ff_deaths=0 terminal=180 completions=4 recycles=4 removals=4 returns=4 wall=407s [valid 135/407] src=2a36d14ad942 ext=6fc3e7041ad3 head=108a0adf55acdb5743cd70a347fc7810fbcefe24
[09:10:16] LAUNCH clH_south_half_1624156665 running=7 free_kb=9213392 sims_boxwide=5 attempt=1 src=2a36d14ad942 ext=6fc3e7041ad3 head=108a0adf55acdb5743cd70a347fc7810fbcefe24
[09:10:29] DONE clH_south_half_706299103 rc=0 341s clH south/half seed=706299103 rescued=3 dead=0 unreachable=1 never_detected=0 ff_deaths=2 terminal=185 completions=3 recycles=3 removals=3 returns=3 wall=326s [valid 136/407] src=2a36d14ad942 ext=6fc3e7041ad3 head=108a0adf55acdb5743cd70a347fc7810fbcefe24
[09:10:30] LAUNCH clH_south_half_285242396 running=7 free_kb=8374340 sims_boxwide=6 attempt=1 src=2a36d14ad942 ext=6fc3e7041ad3 head=108a0adf55acdb5743cd70a347fc7810fbcefe24
[09:10:39] .. alive runid=20260927-033204-1937 event_age=9s | wave=s3 total=407 valid=136 running=7 pending=264 launched=143 failed=0 gaveup=0 forkfail=0 free_kb=8374340 sims_boxwide=6 last_event_age=0s last_event_epoch=1790493030
[09:10:55] DONE clH_east_half_1788979460 rc=0 704s clH east/half seed=1788979460 rescued=4 dead=0 unreachable=0 never_detected=0 ff_deaths=0 terminal=209 completions=4 recycles=4 removals=4 returns=4 wall=702s [valid 137/407] src=2a36d14ad942 ext=6fc3e7041ad3 head=108a0adf55acdb5743cd70a347fc7810fbcefe24
[09:10:57] LAUNCH clH_south_half_573250932 running=7 free_kb=8375952 sims_boxwide=6 attempt=1 src=2a36d14ad942 ext=6fc3e7041ad3 head=108a0adf55acdb5743cd70a347fc7810fbcefe24
[09:11:40] .. alive runid=20260927-033204-1937 event_age=43s | wave=s3 total=407 valid=137 running=7 pending=263 launched=144 failed=0 gaveup=0 forkfail=0 free_kb=8375952 sims_boxwide=6 last_event_age=0s last_event_epoch=1790493057
[09:12:40] .. alive runid=20260927-033204-1937 event_age=103s | wave=s3 total=407 valid=137 running=7 pending=263 launched=144 failed=0 gaveup=0 forkfail=0 free_kb=8375952 sims_boxwide=6 last_event_age=0s last_event_epoch=1790493057
[09:12:54] DONE clH_south_half_937041678 rc=0 366s clH south/half seed=937041678 rescued=4 dead=0 unreachable=0 never_detected=0 ff_deaths=1 terminal=203 completions=4 recycles=4 removals=4 returns=4 wall=365s [valid 138/407] src=2a36d14ad942 ext=6fc3e7041ad3 head=108a0adf55acdb5743cd70a347fc7810fbcefe24
[09:12:55] LAUNCH clH_south_half_1048395951 running=7 free_kb=9213436 sims_boxwide=6 attempt=1 src=2a36d14ad942 ext=6fc3e7041ad3 head=108a0adf55acdb5743cd70a347fc7810fbcefe24
[09:13:40] .. alive runid=20260927-033204-1937 event_age=45s | wave=s3 total=407 valid=138 running=7 pending=262 launched=145 failed=0 gaveup=0 forkfail=0 free_kb=9213436 sims_boxwide=6 last_event_age=0s last_event_epoch=1790493175
[09:14:14] DONE clH_south_half_954838929 rc=0 364s clH south/half seed=954838929 rescued=3 dead=1 unreachable=0 never_detected=0 ff_deaths=0 terminal=106 completions=3 recycles=3 removals=3 returns=3 wall=362s [valid 139/407] src=2a36d14ad942 ext=6fc3e7041ad3 head=108a0adf55acdb5743cd70a347fc7810fbcefe24
[09:14:15] LAUNCH clH_south_half_903347495 running=7 free_kb=8296096 sims_boxwide=6 attempt=1 src=2a36d14ad942 ext=6fc3e7041ad3 head=108a0adf55acdb5743cd70a347fc7810fbcefe24
[09:14:40] .. alive runid=20260927-033204-1937 event_age=25s | wave=s3 total=407 valid=139 running=7 pending=261 launched=146 failed=0 gaveup=0 forkfail=0 free_kb=8296096 sims_boxwide=6 last_event_age=0s last_event_epoch=1790493255
[09:15:14] DONE clH_south_half_1624156665 rc=0 297s clH south/half seed=1624156665 rescued=4 dead=0 unreachable=0 never_detected=0 ff_deaths=0 terminal=192 completions=4 recycles=4 removals=4 returns=4 wall=296s [valid 140/407] src=2a36d14ad942 ext=6fc3e7041ad3 head=108a0adf55acdb5743cd70a347fc7810fbcefe24
[09:15:15] LAUNCH clH_east_def_2038269169 running=7 free_kb=8238840 sims_boxwide=6 attempt=1 src=2a36d14ad942 ext=6fc3e7041ad3 head=108a0adf55acdb5743cd70a347fc7810fbcefe24
[09:15:31] DONE clH_south_half_285242396 rc=0 300s clH south/half seed=285242396 rescued=4 dead=0 unreachable=0 never_detected=0 ff_deaths=0 terminal=177 completions=4 recycles=4 removals=4 returns=4 wall=299s [valid 141/407] src=2a36d14ad942 ext=6fc3e7041ad3 head=108a0adf55acdb5743cd70a347fc7810fbcefe24
[09:15:32] LAUNCH clH_east_def_1749069988 running=7 free_kb=8280364 sims_boxwide=6 attempt=1 src=2a36d14ad942 ext=6fc3e7041ad3 head=108a0adf55acdb5743cd70a347fc7810fbcefe24
[09:15:40] .. alive runid=20260927-033204-1937 event_age=8s | wave=s3 total=407 valid=141 running=7 pending=259 launched=148 failed=0 gaveup=0 forkfail=0 free_kb=8280364 sims_boxwide=6 last_event_age=0s last_event_epoch=1790493332
[09:16:00] DONE clH_south_half_573250932 rc=0 302s clH south/half seed=573250932 rescued=3 dead=0 unreachable=1 never_detected=1 ff_deaths=0 terminal=210 completions=3 recycles=3 removals=3 returns=3 wall=301s [valid 142/407] src=2a36d14ad942 ext=6fc3e7041ad3 head=108a0adf55acdb5743cd70a347fc7810fbcefe24
[09:16:01] LAUNCH clH_east_def_1420331661 running=7 free_kb=9175400 sims_boxwide=6 attempt=1 src=2a36d14ad942 ext=6fc3e7041ad3 head=108a0adf55acdb5743cd70a347fc7810fbcefe24
[09:16:14] DONE clH_south_half_139925734 rc=0 372s clH south/half seed=139925734 rescued=3 dead=1 unreachable=0 never_detected=0 ff_deaths=0 terminal=101 completions=3 recycles=3 removals=3 returns=3 wall=369s [valid 143/407] src=2a36d14ad942 ext=6fc3e7041ad3 head=108a0adf55acdb5743cd70a347fc7810fbcefe24
[09:16:16] LAUNCH clH_east_def_1480870832 running=7 free_kb=8417708 sims_boxwide=6 attempt=1 src=2a36d14ad942 ext=6fc3e7041ad3 head=108a0adf55acdb5743cd70a347fc7810fbcefe24
[09:16:40] .. alive runid=20260927-033204-1937 event_age=24s | wave=s3 total=407 valid=143 running=7 pending=257 launched=150 failed=0 gaveup=0 forkfail=0 free_kb=8417708 sims_boxwide=6 last_event_age=0s last_event_epoch=1790493376
[09:16:58] DONE clH_east_half_133894353 rc=0 1080s clH east/half seed=133894353 rescued=4 dead=0 unreachable=0 never_detected=0 ff_deaths=1 terminal=327 completions=4 recycles=4 removals=4 returns=4 wall=1079s [valid 144/407] src=2a36d14ad942 ext=6fc3e7041ad3 head=108a0adf55acdb5743cd70a347fc7810fbcefe24
[09:16:59] LAUNCH clH_east_half_1506055301 running=7 free_kb=8396072 sims_boxwide=6 attempt=1 src=2a36d14ad942 ext=6fc3e7041ad3 head=108a0adf55acdb5743cd70a347fc7810fbcefe24
[09:17:40] .. alive runid=20260927-033204-1937 event_age=41s | wave=s3 total=407 valid=144 running=7 pending=256 launched=151 failed=0 gaveup=0 forkfail=0 free_kb=8396072 sims_boxwide=6 last_event_age=0s last_event_epoch=1790493419
[09:18:40] .. alive runid=20260927-033204-1937 event_age=101s | wave=s3 total=407 valid=144 running=7 pending=256 launched=151 failed=0 gaveup=0 forkfail=0 free_kb=8396072 sims_boxwide=6 last_event_age=0s last_event_epoch=1790493419
[09:19:40] .. alive runid=20260927-033204-1937 event_age=161s | wave=s3 total=407 valid=144 running=7 pending=256 launched=151 failed=0 gaveup=0 forkfail=0 free_kb=8396072 sims_boxwide=6 last_event_age=0s last_event_epoch=1790493419
[09:19:54] DONE clH_south_half_1048395951 rc=0 418s clH south/half seed=1048395951 rescued=4 dead=0 unreachable=0 never_detected=0 ff_deaths=0 terminal=263 completions=4 recycles=4 removals=4 returns=4 wall=416s [valid 145/407] src=2a36d14ad942 ext=6fc3e7041ad3 head=108a0adf55acdb5743cd70a347fc7810fbcefe24
[09:19:55] LAUNCH clH_east_half_1999015533 running=7 free_kb=8239280 sims_boxwide=6 attempt=1 src=2a36d14ad942 ext=6fc3e7041ad3 head=108a0adf55acdb5743cd70a347fc7810fbcefe24
[09:20:40] .. alive runid=20260927-033204-1937 event_age=45s | wave=s3 total=407 valid=145 running=7 pending=255 launched=152 failed=0 gaveup=0 forkfail=0 free_kb=8239280 sims_boxwide=6 last_event_age=0s last_event_epoch=1790493595
[09:20:59] DONE clH_east_def_2038269169 rc=0 343s clH east/default seed=2038269169 rescued=3 dead=0 unreachable=1 never_detected=1 ff_deaths=0 terminal=254 completions=3 recycles=3 removals=3 returns=3 wall=342s [valid 146/407] src=2a36d14ad942 ext=6fc3e7041ad3 head=108a0adf55acdb5743cd70a347fc7810fbcefe24
[09:21:00] LAUNCH clH_east_half_2095654154 running=7 free_kb=8296764 sims_boxwide=6 attempt=1 src=2a36d14ad942 ext=6fc3e7041ad3 head=108a0adf55acdb5743cd70a347fc7810fbcefe24
[09:21:13] DONE clH_east_def_1749069988 rc=0 340s clH east/default seed=1749069988 rescued=3 dead=1 unreachable=0 never_detected=0 ff_deaths=0 terminal=199 completions=3 recycles=3 removals=3 returns=3 wall=331s [valid 147/407] src=2a36d14ad942 ext=6fc3e7041ad3 head=108a0adf55acdb5743cd70a347fc7810fbcefe24
[09:21:14] LAUNCH clH_east_half_824498143 running=7 free_kb=8343564 sims_boxwide=6 attempt=1 src=2a36d14ad942 ext=6fc3e7041ad3 head=108a0adf55acdb5743cd70a347fc7810fbcefe24
[09:21:40] .. alive runid=20260927-033204-1937 event_age=26s | wave=s3 total=407 valid=147 running=7 pending=253 launched=154 failed=0 gaveup=0 forkfail=0 free_kb=8343564 sims_boxwide=6 last_event_age=0s last_event_epoch=1790493674
[09:22:09] DONE clH_south_half_903347495 rc=0 474s clH south/half seed=903347495 rescued=4 dead=0 unreachable=0 never_detected=0 ff_deaths=0 terminal=276 completions=4 recycles=4 removals=4 returns=4 wall=472s [valid 148/407] src=2a36d14ad942 ext=6fc3e7041ad3 head=108a0adf55acdb5743cd70a347fc7810fbcefe24
[09:22:11] LAUNCH clH_east_half_1468405687 running=7 free_kb=8314796 sims_boxwide=6 attempt=1 src=2a36d14ad942 ext=6fc3e7041ad3 head=108a0adf55acdb5743cd70a347fc7810fbcefe24
[09:22:23] DONE clH_east_def_1420331661 rc=0 382s clH east/default seed=1420331661 rescued=3 dead=1 unreachable=0 never_detected=0 ff_deaths=0 terminal=171 completions=3 recycles=3 removals=3 returns=3 wall=377s [valid 149/407] src=2a36d14ad942 ext=6fc3e7041ad3 head=108a0adf55acdb5743cd70a347fc7810fbcefe24
[09:22:25] LAUNCH clH_east_half_731846821 running=7 free_kb=8352528 sims_boxwide=6 attempt=1 src=2a36d14ad942 ext=6fc3e7041ad3 head=108a0adf55acdb5743cd70a347fc7810fbcefe24
[09:22:40] .. alive runid=20260927-033204-1937 event_age=15s | wave=s3 total=407 valid=149 running=7 pending=251 launched=156 failed=0 gaveup=0 forkfail=0 free_kb=8352528 sims_boxwide=6 last_event_age=0s last_event_epoch=1790493745
[09:22:55] DONE clH_east_def_1480870832 rc=0 398s clH east/default seed=1480870832 rescued=2 dead=1 unreachable=1 never_detected=1 ff_deaths=0 terminal=210 completions=2 recycles=2 removals=2 returns=2 wall=397s [valid 150/407] src=2a36d14ad942 ext=6fc3e7041ad3 head=108a0adf55acdb5743cd70a347fc7810fbcefe24
[09:22:56] LAUNCH clH_east_half_1301429659 running=7 free_kb=8312088 sims_boxwide=6 attempt=1 src=2a36d14ad942 ext=6fc3e7041ad3 head=108a0adf55acdb5743cd70a347fc7810fbcefe24
[09:23:41] .. alive runid=20260927-033204-1937 event_age=45s | wave=s3 total=407 valid=150 running=7 pending=250 launched=157 failed=0 gaveup=0 forkfail=0 free_kb=8312088 sims_boxwide=6 last_event_age=0s last_event_epoch=1790493776
[09:24:41] .. alive runid=20260927-033204-1937 event_age=105s | wave=s3 total=407 valid=150 running=7 pending=250 launched=157 failed=0 gaveup=0 forkfail=0 free_kb=8312088 sims_boxwide=6 last_event_age=0s last_event_epoch=1790493776
[09:25:10] DONE clH_east_half_1506055301 rc=0 490s clH east/half seed=1506055301 rescued=3 dead=1 unreachable=0 never_detected=0 ff_deaths=0 terminal=96 completions=3 recycles=3 removals=3 returns=3 wall=488s [valid 151/407] src=2a36d14ad942 ext=6fc3e7041ad3 head=108a0adf55acdb5743cd70a347fc7810fbcefe24
[09:25:11] LAUNCH clH_east_half_53258209 running=7 free_kb=8300976 sims_boxwide=6 attempt=1 src=2a36d14ad942 ext=6fc3e7041ad3 head=108a0adf55acdb5743cd70a347fc7810fbcefe24
[09:25:41] .. alive runid=20260927-033204-1937 event_age=30s | wave=s3 total=407 valid=151 running=7 pending=249 launched=158 failed=0 gaveup=0 forkfail=0 free_kb=8300976 sims_boxwide=6 last_event_age=0s last_event_epoch=1790493911
[09:26:41] .. alive runid=20260927-033204-1937 event_age=90s | wave=s3 total=407 valid=151 running=7 pending=249 launched=158 failed=0 gaveup=0 forkfail=0 free_kb=8300976 sims_boxwide=6 last_event_age=0s last_event_epoch=1790493911
[09:27:41] .. alive runid=20260927-033204-1937 event_age=150s | wave=s3 total=407 valid=151 running=7 pending=249 launched=158 failed=0 gaveup=0 forkfail=0 free_kb=8300976 sims_boxwide=6 last_event_age=0s last_event_epoch=1790493911
[09:28:41] .. alive runid=20260927-033204-1937 event_age=210s | wave=s3 total=407 valid=151 running=7 pending=249 launched=158 failed=0 gaveup=0 forkfail=0 free_kb=8300976 sims_boxwide=6 last_event_age=0s last_event_epoch=1790493911
[09:29:41] .. alive runid=20260927-033204-1937 event_age=270s | wave=s3 total=407 valid=151 running=7 pending=249 launched=158 failed=0 gaveup=0 forkfail=0 free_kb=8300976 sims_boxwide=6 last_event_age=0s last_event_epoch=1790493911
[09:30:09] DONE clH_east_half_1999015533 rc=0 614s clH east/half seed=1999015533 rescued=4 dead=0 unreachable=0 never_detected=0 ff_deaths=0 terminal=156 completions=4 recycles=4 removals=4 returns=4 wall=612s [valid 152/407] src=2a36d14ad942 ext=6fc3e7041ad3 head=108a0adf55acdb5743cd70a347fc7810fbcefe24
[09:30:11] LAUNCH clH_east_half_1341701987 running=7 free_kb=8172168 sims_boxwide=6 attempt=1 src=2a36d14ad942 ext=6fc3e7041ad3 head=108a0adf55acdb5743cd70a347fc7810fbcefe24
[09:30:23] DONE clH_east_half_1468405687 rc=0 492s clH east/half seed=1468405687 rescued=3 dead=1 unreachable=0 never_detected=0 ff_deaths=0 terminal=108 completions=3 recycles=3 removals=3 returns=3 wall=480s [valid 153/407] src=2a36d14ad942 ext=6fc3e7041ad3 head=108a0adf55acdb5743cd70a347fc7810fbcefe24
[09:30:25] LAUNCH clH_east_half_264075293 running=7 free_kb=8239276 sims_boxwide=6 attempt=1 src=2a36d14ad942 ext=6fc3e7041ad3 head=108a0adf55acdb5743cd70a347fc7810fbcefe24
[09:30:41] .. alive runid=20260927-033204-1937 event_age=16s | wave=s3 total=407 valid=153 running=7 pending=247 launched=160 failed=0 gaveup=0 forkfail=0 free_kb=8239276 sims_boxwide=6 last_event_age=0s last_event_epoch=1790494225
[09:30:44] DONE clH_east_half_824498143 rc=0 569s clH east/half seed=824498143 rescued=3 dead=1 unreachable=0 never_detected=0 ff_deaths=0 terminal=105 completions=3 recycles=3 removals=3 returns=3 wall=568s [valid 154/407] src=2a36d14ad942 ext=6fc3e7041ad3 head=108a0adf55acdb5743cd70a347fc7810fbcefe24
[09:30:45] LAUNCH clH_east_half_2091896221 running=7 free_kb=8228332 sims_boxwide=6 attempt=1 src=2a36d14ad942 ext=6fc3e7041ad3 head=108a0adf55acdb5743cd70a347fc7810fbcefe24
[09:30:58] DONE clH_east_half_1301429659 rc=0 482s clH east/half seed=1301429659 rescued=3 dead=1 unreachable=0 never_detected=0 ff_deaths=0 terminal=91 completions=3 recycles=3 removals=3 returns=3 wall=478s [valid 155/407] src=2a36d14ad942 ext=6fc3e7041ad3 head=108a0adf55acdb5743cd70a347fc7810fbcefe24
[09:30:59] LAUNCH clH_east_half_21892117 running=7 free_kb=8282020 sims_boxwide=6 attempt=1 src=2a36d14ad942 ext=6fc3e7041ad3 head=108a0adf55acdb5743cd70a347fc7810fbcefe24
[09:31:41] .. alive runid=20260927-033204-1937 event_age=42s | wave=s3 total=407 valid=155 running=7 pending=245 launched=162 failed=0 gaveup=0 forkfail=0 free_kb=8282020 sims_boxwide=6 last_event_age=0s last_event_epoch=1790494259
[09:31:58] DONE clH_east_half_731846821 rc=0 572s clH east/half seed=731846821 rescued=3 dead=1 unreachable=0 never_detected=0 ff_deaths=0 terminal=133 completions=3 recycles=3 removals=3 returns=3 wall=571s [valid 156/407] src=2a36d14ad942 ext=6fc3e7041ad3 head=108a0adf55acdb5743cd70a347fc7810fbcefe24
[09:31:59] LAUNCH clH_east_half_1717500098 running=7 free_kb=8271312 sims_boxwide=6 attempt=1 src=2a36d14ad942 ext=6fc3e7041ad3 head=108a0adf55acdb5743cd70a347fc7810fbcefe24
[09:32:41] .. alive runid=20260927-033204-1937 event_age=42s | wave=s3 total=407 valid=156 running=7 pending=244 launched=163 failed=0 gaveup=0 forkfail=0 free_kb=8271312 sims_boxwide=6 last_event_age=0s last_event_epoch=1790494319
[09:33:41] .. alive runid=20260927-033204-1937 event_age=102s | wave=s3 total=407 valid=156 running=7 pending=244 launched=163 failed=0 gaveup=0 forkfail=0 free_kb=8271312 sims_boxwide=6 last_event_age=0s last_event_epoch=1790494319
[09:34:41] .. alive runid=20260927-033204-1937 event_age=162s | wave=s3 total=407 valid=156 running=7 pending=244 launched=163 failed=0 gaveup=0 forkfail=0 free_kb=8271312 sims_boxwide=6 last_event_age=0s last_event_epoch=1790494319
[09:35:39] DONE clH_east_half_53258209 rc=0 628s clH east/half seed=53258209 rescued=4 dead=0 unreachable=0 never_detected=0 ff_deaths=1 terminal=162 completions=4 recycles=4 removals=4 returns=4 wall=626s [valid 157/407] src=2a36d14ad942 ext=6fc3e7041ad3 head=108a0adf55acdb5743cd70a347fc7810fbcefe24
[09:35:41] LAUNCH clH_south_half_1386492524 running=7 free_kb=8122332 sims_boxwide=6 attempt=1 src=2a36d14ad942 ext=6fc3e7041ad3 head=108a0adf55acdb5743cd70a347fc7810fbcefe24
[09:35:42] .. alive runid=20260927-033204-1937 event_age=1s | wave=s3 total=407 valid=157 running=7 pending=243 launched=164 failed=0 gaveup=0 forkfail=0 free_kb=8122332 sims_boxwide=6 last_event_age=0s last_event_epoch=1790494541
[09:36:29] DONE clH_east_half_2095654154 rc=0 929s clH east/half seed=2095654154 rescued=4 dead=0 unreachable=0 never_detected=0 ff_deaths=1 terminal=273 completions=4 recycles=4 removals=4 returns=4 wall=927s [valid 158/407] src=2a36d14ad942 ext=6fc3e7041ad3 head=108a0adf55acdb5743cd70a347fc7810fbcefe24
[09:36:31] LAUNCH clH_south_half_481765503 running=7 free_kb=8154092 sims_boxwide=6 attempt=1 src=2a36d14ad942 ext=6fc3e7041ad3 head=108a0adf55acdb5743cd70a347fc7810fbcefe24
[09:36:42] .. alive runid=20260927-033204-1937 event_age=11s | wave=s3 total=407 valid=158 running=7 pending=242 launched=165 failed=0 gaveup=0 forkfail=0 free_kb=8154092 sims_boxwide=6 last_event_age=0s last_event_epoch=1790494591
[09:37:42] .. alive runid=20260927-033204-1937 event_age=71s | wave=s3 total=407 valid=158 running=7 pending=242 launched=165 failed=0 gaveup=0 forkfail=0 free_kb=8154092 sims_boxwide=6 last_event_age=0s last_event_epoch=1790494591
[09:38:30] DONE clH_east_half_264075293 rc=0 484s clH east/half seed=264075293 rescued=3 dead=1 unreachable=0 never_detected=0 ff_deaths=0 terminal=107 completions=3 recycles=3 removals=3 returns=3 wall=483s [valid 159/407] src=2a36d14ad942 ext=6fc3e7041ad3 head=108a0adf55acdb5743cd70a347fc7810fbcefe24
[09:38:31] LAUNCH clH_south_half_1415738618 running=7 free_kb=8252872 sims_boxwide=6 attempt=1 src=2a36d14ad942 ext=6fc3e7041ad3 head=108a0adf55acdb5743cd70a347fc7810fbcefe24
[09:38:42] .. alive runid=20260927-033204-1937 event_age=11s | wave=s3 total=407 valid=159 running=7 pending=241 launched=166 failed=0 gaveup=0 forkfail=0 free_kb=8252872 sims_boxwide=6 last_event_age=0s last_event_epoch=1790494711
[09:39:42] .. alive runid=20260927-033204-1937 event_age=71s | wave=s3 total=407 valid=159 running=7 pending=241 launched=166 failed=0 gaveup=0 forkfail=0 free_kb=8252872 sims_boxwide=6 last_event_age=0s last_event_epoch=1790494711
[09:39:51] DONE clH_east_half_1341701987 rc=0 579s clH east/half seed=1341701987 rescued=4 dead=0 unreachable=0 never_detected=0 ff_deaths=0 terminal=149 completions=4 recycles=4 removals=4 returns=4 wall=578s [valid 160/407] src=2a36d14ad942 ext=6fc3e7041ad3 head=108a0adf55acdb5743cd70a347fc7810fbcefe24
[09:39:52] LAUNCH clH_south_half_1218089274 running=7 free_kb=8209284 sims_boxwide=6 attempt=1 src=2a36d14ad942 ext=6fc3e7041ad3 head=108a0adf55acdb5743cd70a347fc7810fbcefe24
[09:40:42] .. alive runid=20260927-033204-1937 event_age=50s | wave=s3 total=407 valid=160 running=7 pending=240 launched=167 failed=0 gaveup=0 forkfail=0 free_kb=8209284 sims_boxwide=6 last_event_age=0s last_event_epoch=1790494792
[09:41:31] DONE clH_east_half_21892117 rc=0 631s clH east/half seed=21892117 rescued=4 dead=0 unreachable=0 never_detected=0 ff_deaths=0 terminal=157 completions=4 recycles=4 removals=4 returns=4 wall=629s [valid 161/407] src=2a36d14ad942 ext=6fc3e7041ad3 head=108a0adf55acdb5743cd70a347fc7810fbcefe24
[09:41:32] LAUNCH clH_south_half_2084799913 running=7 free_kb=8226980 sims_boxwide=6 attempt=1 src=2a36d14ad942 ext=6fc3e7041ad3 head=108a0adf55acdb5743cd70a347fc7810fbcefe24
[09:41:42] .. alive runid=20260927-033204-1937 event_age=10s | wave=s3 total=407 valid=161 running=7 pending=239 launched=168 failed=0 gaveup=0 forkfail=0 free_kb=8226980 sims_boxwide=6 last_event_age=0s last_event_epoch=1790494892
[09:42:01] DONE clH_east_half_2091896221 rc=0 675s clH east/half seed=2091896221 rescued=3 dead=0 unreachable=1 never_detected=1 ff_deaths=0 terminal=210 completions=3 recycles=3 removals=3 returns=3 wall=673s [valid 162/407] src=2a36d14ad942 ext=6fc3e7041ad3 head=108a0adf55acdb5743cd70a347fc7810fbcefe24
[09:42:02] LAUNCH clH_south_half_1335705976 running=7 free_kb=8248212 sims_boxwide=6 attempt=1 src=2a36d14ad942 ext=6fc3e7041ad3 head=108a0adf55acdb5743cd70a347fc7810fbcefe24
[09:42:15] DONE clH_south_half_481765503 rc=0 343s clH south/half seed=481765503 rescued=4 dead=0 unreachable=0 never_detected=0 ff_deaths=0 terminal=102 completions=4 recycles=4 removals=4 returns=4 wall=339s [valid 163/407] src=2a36d14ad942 ext=6fc3e7041ad3 head=108a0adf55acdb5743cd70a347fc7810fbcefe24
[09:42:16] DONE clH_south_half_1386492524 rc=0 394s clH south/half seed=1386492524 rescued=3 dead=1 unreachable=0 never_detected=0 ff_deaths=0 terminal=128 completions=3 recycles=3 removals=3 returns=3 wall=388s [valid 164/407] src=2a36d14ad942 ext=6fc3e7041ad3 head=108a0adf55acdb5743cd70a347fc7810fbcefe24
[09:42:17] LAUNCH clH_south_half_588279432 running=6 free_kb=9205492 sims_boxwide=5 attempt=1 src=2a36d14ad942 ext=6fc3e7041ad3 head=108a0adf55acdb5743cd70a347fc7810fbcefe24
[09:42:30] LAUNCH clH_south_half_1887778617 running=7 free_kb=8308804 sims_boxwide=6 attempt=1 src=2a36d14ad942 ext=6fc3e7041ad3 head=108a0adf55acdb5743cd70a347fc7810fbcefe24
[09:42:42] .. alive runid=20260927-033204-1937 event_age=12s | wave=s3 total=407 valid=164 running=7 pending=236 launched=171 failed=0 gaveup=0 forkfail=0 free_kb=8308804 sims_boxwide=6 last_event_age=0s last_event_epoch=1790494950
[09:43:09] DONE clH_south_half_1415738618 rc=0 277s clH south/half seed=1415738618 rescued=4 dead=0 unreachable=0 never_detected=0 ff_deaths=0 terminal=118 completions=4 recycles=4 removals=4 returns=4 wall=276s [valid 165/407] src=2a36d14ad942 ext=6fc3e7041ad3 head=108a0adf55acdb5743cd70a347fc7810fbcefe24
[09:43:10] LAUNCH clH_south_half_2128361047 running=7 free_kb=8291192 sims_boxwide=6 attempt=1 src=2a36d14ad942 ext=6fc3e7041ad3 head=108a0adf55acdb5743cd70a347fc7810fbcefe24
[09:43:23] DONE clH_east_half_1717500098 rc=0 683s clH east/half seed=1717500098 rescued=4 dead=0 unreachable=0 never_detected=0 ff_deaths=0 terminal=182 completions=4 recycles=4 removals=4 returns=4 wall=681s [valid 166/407] src=2a36d14ad942 ext=6fc3e7041ad3 head=108a0adf55acdb5743cd70a347fc7810fbcefe24
[09:43:24] LAUNCH clH_south_half_684332673 running=7 free_kb=8296000 sims_boxwide=6 attempt=1 src=2a36d14ad942 ext=6fc3e7041ad3 head=108a0adf55acdb5743cd70a347fc7810fbcefe24
[09:43:42] .. alive runid=20260927-033204-1937 event_age=18s | wave=s3 total=407 valid=166 running=7 pending=234 launched=173 failed=0 gaveup=0 forkfail=0 free_kb=8296000 sims_boxwide=6 last_event_age=0s last_event_epoch=1790495004
[09:44:42] .. alive runid=20260927-033204-1937 event_age=78s | wave=s3 total=407 valid=166 running=7 pending=234 launched=173 failed=0 gaveup=0 forkfail=0 free_kb=8296000 sims_boxwide=6 last_event_age=0s last_event_epoch=1790495004
[09:45:42] .. alive runid=20260927-033204-1937 event_age=138s | wave=s3 total=407 valid=166 running=7 pending=234 launched=173 failed=0 gaveup=0 forkfail=0 free_kb=8296000 sims_boxwide=6 last_event_age=0s last_event_epoch=1790495004
[09:45:45] DONE clH_south_half_1218089274 rc=0 353s clH south/half seed=1218089274 rescued=3 dead=0 unreachable=1 never_detected=0 ff_deaths=2 terminal=175 completions=3 recycles=3 removals=3 returns=3 wall=351s [valid 167/407] src=2a36d14ad942 ext=6fc3e7041ad3 head=108a0adf55acdb5743cd70a347fc7810fbcefe24
[09:45:47] LAUNCH clH_south_half_1320165480 running=7 free_kb=8225556 sims_boxwide=6 attempt=1 src=2a36d14ad942 ext=6fc3e7041ad3 head=108a0adf55acdb5743cd70a347fc7810fbcefe24
[09:46:39] DONE clH_south_half_2084799913 rc=0 307s clH south/half seed=2084799913 rescued=4 dead=0 unreachable=0 never_detected=0 ff_deaths=0 terminal=178 completions=4 recycles=4 removals=4 returns=4 wall=305s [valid 168/407] src=2a36d14ad942 ext=6fc3e7041ad3 head=108a0adf55acdb5743cd70a347fc7810fbcefe24
[09:46:41] LAUNCH clH_south_half_751617716 running=7 free_kb=8235744 sims_boxwide=6 attempt=1 src=2a36d14ad942 ext=6fc3e7041ad3 head=108a0adf55acdb5743cd70a347fc7810fbcefe24
[09:46:42] .. alive runid=20260927-033204-1937 event_age=1s | wave=s3 total=407 valid=168 running=7 pending=232 launched=175 failed=0 gaveup=0 forkfail=0 free_kb=8235744 sims_boxwide=6 last_event_age=0s last_event_epoch=1790495201
[09:46:57] DONE clH_south_half_1335705976 rc=0 294s clH south/half seed=1335705976 rescued=4 dead=0 unreachable=0 never_detected=0 ff_deaths=0 terminal=151 completions=4 recycles=4 removals=4 returns=4 wall=292s [valid 169/407] src=2a36d14ad942 ext=6fc3e7041ad3 head=108a0adf55acdb5743cd70a347fc7810fbcefe24
[09:46:58] LAUNCH clH_south_half_422588777 running=7 free_kb=8294128 sims_boxwide=6 attempt=1 src=2a36d14ad942 ext=6fc3e7041ad3 head=108a0adf55acdb5743cd70a347fc7810fbcefe24
[09:47:11] DONE clH_south_half_588279432 rc=0 293s clH south/half seed=588279432 rescued=4 dead=0 unreachable=0 never_detected=0 ff_deaths=0 terminal=139 completions=4 recycles=4 removals=4 returns=4 wall=282s [valid 170/407] src=2a36d14ad942 ext=6fc3e7041ad3 head=108a0adf55acdb5743cd70a347fc7810fbcefe24
[09:47:12] LAUNCH clH_east_def_6554204 running=7 free_kb=8307876 sims_boxwide=6 attempt=1 src=2a36d14ad942 ext=6fc3e7041ad3 head=108a0adf55acdb5743cd70a347fc7810fbcefe24
[09:47:43] .. alive runid=20260927-033204-1937 event_age=31s | wave=s3 total=407 valid=170 running=7 pending=230 launched=177 failed=0 gaveup=0 forkfail=0 free_kb=8307876 sims_boxwide=6 last_event_age=0s last_event_epoch=1790495232
[09:48:01] DONE clH_south_half_2128361047 rc=0 290s clH south/half seed=2128361047 rescued=4 dead=0 unreachable=0 never_detected=0 ff_deaths=0 terminal=148 completions=4 recycles=4 removals=4 returns=4 wall=289s [valid 171/407] src=2a36d14ad942 ext=6fc3e7041ad3 head=108a0adf55acdb5743cd70a347fc7810fbcefe24
[09:48:02] LAUNCH clH_east_def_1325753362 running=7 free_kb=8268720 sims_boxwide=6 attempt=1 src=2a36d14ad942 ext=6fc3e7041ad3 head=108a0adf55acdb5743cd70a347fc7810fbcefe24
[09:48:43] .. alive runid=20260927-033204-1937 event_age=41s | wave=s3 total=407 valid=171 running=7 pending=229 launched=178 failed=0 gaveup=0 forkfail=0 free_kb=8268720 sims_boxwide=6 last_event_age=0s last_event_epoch=1790495282
[09:48:57] DONE clH_south_half_1887778617 rc=0 386s clH south/half seed=1887778617 rescued=3 dead=0 unreachable=1 never_detected=0 ff_deaths=2 terminal=213 completions=3 recycles=3 removals=3 returns=3 wall=384s [valid 172/407] src=2a36d14ad942 ext=6fc3e7041ad3 head=108a0adf55acdb5743cd70a347fc7810fbcefe24
[09:48:58] LAUNCH clH_east_def_265702576 running=7 free_kb=8226248 sims_boxwide=6 attempt=1 src=2a36d14ad942 ext=6fc3e7041ad3 head=108a0adf55acdb5743cd70a347fc7810fbcefe24
[09:49:43] .. alive runid=20260927-033204-1937 event_age=45s | wave=s3 total=407 valid=172 running=7 pending=228 launched=179 failed=0 gaveup=0 forkfail=0 free_kb=8226248 sims_boxwide=6 last_event_age=0s last_event_epoch=1790495338
[09:50:32] DONE clH_south_half_684332673 rc=0 428s clH south/half seed=684332673 rescued=4 dead=0 unreachable=0 never_detected=0 ff_deaths=0 terminal=187 completions=4 recycles=4 removals=4 returns=4 wall=426s [valid 173/407] src=2a36d14ad942 ext=6fc3e7041ad3 head=108a0adf55acdb5743cd70a347fc7810fbcefe24
[09:50:34] LAUNCH clH_east_def_1686457565 running=7 free_kb=8274912 sims_boxwide=6 attempt=1 src=2a36d14ad942 ext=6fc3e7041ad3 head=108a0adf55acdb5743cd70a347fc7810fbcefe24
[09:50:43] .. alive runid=20260927-033204-1937 event_age=9s | wave=s3 total=407 valid=173 running=7 pending=227 launched=180 failed=0 gaveup=0 forkfail=0 free_kb=8274912 sims_boxwide=6 last_event_age=0s last_event_epoch=1790495434
[09:51:43] .. alive runid=20260927-033204-1937 event_age=69s | wave=s3 total=407 valid=173 running=7 pending=227 launched=180 failed=0 gaveup=0 forkfail=0 free_kb=8274912 sims_boxwide=6 last_event_age=0s last_event_epoch=1790495434
[09:52:01] DONE clH_south_half_422588777 rc=0 302s clH south/half seed=422588777 rescued=4 dead=0 unreachable=0 never_detected=0 ff_deaths=0 terminal=104 completions=4 recycles=4 removals=4 returns=4 wall=301s [valid 174/407] src=2a36d14ad942 ext=6fc3e7041ad3 head=108a0adf55acdb5743cd70a347fc7810fbcefe24
[09:52:03] LAUNCH clH_east_half_111 running=7 free_kb=8247852 sims_boxwide=6 attempt=1 src=2a36d14ad942 ext=6fc3e7041ad3 head=108a0adf55acdb5743cd70a347fc7810fbcefe24
[09:52:42] DONE clH_south_half_751617716 rc=0 360s clH south/half seed=751617716 rescued=2 dead=1 unreachable=1 never_detected=0 ff_deaths=2 terminal=179 completions=2 recycles=2 removals=2 returns=2 wall=359s [valid 175/407] src=2a36d14ad942 ext=6fc3e7041ad3 head=108a0adf55acdb5743cd70a347fc7810fbcefe24
[09:52:43] .. alive runid=20260927-033204-1937 event_age=2s | wave=s3 total=407 valid=175 running=6 pending=226 launched=181 failed=0 gaveup=0 forkfail=0 free_kb=8256564 sims_boxwide=6 last_event_age=1s last_event_epoch=1790495561
[09:52:43] LAUNCH clH_east_half_222 running=7 free_kb=8256564 sims_boxwide=6 attempt=1 src=2a36d14ad942 ext=6fc3e7041ad3 head=108a0adf55acdb5743cd70a347fc7810fbcefe24
[09:52:57] DONE clH_east_def_6554204 rc=0 344s clH east/default seed=6554204 rescued=4 dead=0 unreachable=0 never_detected=0 ff_deaths=0 terminal=202 completions=4 recycles=4 removals=4 returns=4 wall=343s [valid 176/407] src=2a36d14ad942 ext=6fc3e7041ad3 head=108a0adf55acdb5743cd70a347fc7810fbcefe24
[09:52:58] LAUNCH clH_east_half_333 running=7 free_kb=8289236 sims_boxwide=6 attempt=1 src=2a36d14ad942 ext=6fc3e7041ad3 head=108a0adf55acdb5743cd70a347fc7810fbcefe24
[09:53:11] DONE clH_east_def_1325753362 rc=0 308s clH east/default seed=1325753362 rescued=4 dead=0 unreachable=0 never_detected=0 ff_deaths=0 terminal=106 completions=4 recycles=4 removals=4 returns=4 wall=300s [valid 177/407] src=2a36d14ad942 ext=6fc3e7041ad3 head=108a0adf55acdb5743cd70a347fc7810fbcefe24
[09:53:12] LAUNCH clH_east_half_444 running=7 free_kb=8332384 sims_boxwide=6 attempt=1 src=2a36d14ad942 ext=6fc3e7041ad3 head=108a0adf55acdb5743cd70a347fc7810fbcefe24
[09:53:31] DONE clH_south_half_1320165480 rc=0 464s clH south/half seed=1320165480 rescued=3 dead=1 unreachable=0 never_detected=0 ff_deaths=0 terminal=219 completions=3 recycles=3 removals=3 returns=3 wall=462s [valid 178/407] src=2a36d14ad942 ext=6fc3e7041ad3 head=108a0adf55acdb5743cd70a347fc7810fbcefe24
[09:53:32] LAUNCH clH_east_half_606 running=7 free_kb=8308664 sims_boxwide=6 attempt=1 src=2a36d14ad942 ext=6fc3e7041ad3 head=108a0adf55acdb5743cd70a347fc7810fbcefe24
[09:53:43] .. alive runid=20260927-033204-1937 event_age=11s | wave=s3 total=407 valid=178 running=7 pending=222 launched=185 failed=0 gaveup=0 forkfail=0 free_kb=8308664 sims_boxwide=6 last_event_age=0s last_event_epoch=1790495612
[09:54:20] DONE clH_east_def_265702576 rc=0 321s clH east/default seed=265702576 rescued=3 dead=1 unreachable=0 never_detected=0 ff_deaths=0 terminal=157 completions=3 recycles=3 removals=3 returns=3 wall=320s [valid 179/407] src=2a36d14ad942 ext=6fc3e7041ad3 head=108a0adf55acdb5743cd70a347fc7810fbcefe24
[09:54:22] LAUNCH clH_east_half_808 running=7 free_kb=8286664 sims_boxwide=6 attempt=1 src=2a36d14ad942 ext=6fc3e7041ad3 head=108a0adf55acdb5743cd70a347fc7810fbcefe24
[09:54:43] .. alive runid=20260927-033204-1937 event_age=21s | wave=s3 total=407 valid=179 running=7 pending=221 launched=186 failed=0 gaveup=0 forkfail=0 free_kb=8286664 sims_boxwide=6 last_event_age=0s last_event_epoch=1790495662
[09:55:24] DONE clH_east_def_1686457565 rc=0 289s clH east/default seed=1686457565 rescued=4 dead=0 unreachable=0 never_detected=0 ff_deaths=0 terminal=214 completions=4 recycles=4 removals=4 returns=4 wall=288s [valid 180/407] src=2a36d14ad942 ext=6fc3e7041ad3 head=108a0adf55acdb5743cd70a347fc7810fbcefe24
[09:55:25] LAUNCH clH_east_half_909 running=7 free_kb=8291304 sims_boxwide=6 attempt=1 src=2a36d14ad942 ext=6fc3e7041ad3 head=108a0adf55acdb5743cd70a347fc7810fbcefe24
[09:55:43] .. alive runid=20260927-033204-1937 event_age=18s | wave=s3 total=407 valid=180 running=7 pending=220 launched=187 failed=0 gaveup=0 forkfail=0 free_kb=8291304 sims_boxwide=6 last_event_age=0s last_event_epoch=1790495725
[09:56:43] .. alive runid=20260927-033204-1937 event_age=78s | wave=s3 total=407 valid=180 running=7 pending=220 launched=187 failed=0 gaveup=0 forkfail=0 free_kb=8291304 sims_boxwide=6 last_event_age=0s last_event_epoch=1790495725
[09:57:43] .. alive runid=20260927-033204-1937 event_age=138s | wave=s3 total=407 valid=180 running=7 pending=220 launched=187 failed=0 gaveup=0 forkfail=0 free_kb=8291304 sims_boxwide=6 last_event_age=0s last_event_epoch=1790495725
[09:58:28] DONE clH_east_half_444 rc=0 315s clH east/half seed=444 rescued=4 dead=0 unreachable=0 never_detected=0 ff_deaths=0 terminal=226 completions=4 recycles=4 removals=4 returns=4 wall=313s [valid 181/407] src=2a36d14ad942 ext=6fc3e7041ad3 head=108a0adf55acdb5743cd70a347fc7810fbcefe24
[09:58:29] LAUNCH clSN_east_half_2070841104 running=7 free_kb=8287812 sims_boxwide=6 attempt=1 src=2a36d14ad942 ext=6fc3e7041ad3 head=108a0adf55acdb5743cd70a347fc7810fbcefe24
[09:58:43] .. alive runid=20260927-033204-1937 event_age=14s | wave=s3 total=407 valid=181 running=7 pending=219 launched=188 failed=0 gaveup=0 forkfail=0 free_kb=8287812 sims_boxwide=6 last_event_age=0s last_event_epoch=1790495909
[09:59:44] .. alive runid=20260927-033204-1937 event_age=75s | wave=s3 total=407 valid=181 running=7 pending=219 launched=188 failed=0 gaveup=0 forkfail=0 free_kb=8287812 sims_boxwide=6 last_event_age=0s last_event_epoch=1790495909
[10:00:44] .. alive runid=20260927-033204-1937 event_age=135s | wave=s3 total=407 valid=181 running=7 pending=219 launched=188 failed=0 gaveup=0 forkfail=0 free_kb=8287812 sims_boxwide=6 last_event_age=0s last_event_epoch=1790495909
[10:00:51] DONE clH_east_half_111 rc=0 528s clH east/half seed=111 rescued=4 dead=0 unreachable=0 never_detected=0 ff_deaths=0 terminal=130 completions=4 recycles=4 removals=4 returns=4 wall=527s [valid 182/407] src=2a36d14ad942 ext=6fc3e7041ad3 head=108a0adf55acdb5743cd70a347fc7810fbcefe24
[10:00:53] LAUNCH clSN_east_half_1147610331 running=7 free_kb=8167112 sims_boxwide=6 attempt=1 src=2a36d14ad942 ext=6fc3e7041ad3 head=108a0adf55acdb5743cd70a347fc7810fbcefe24
[10:01:39] DONE clH_east_half_333 rc=0 520s clH east/half seed=333 rescued=3 dead=1 unreachable=0 never_detected=0 ff_deaths=0 terminal=104 completions=3 recycles=3 removals=3 returns=3 wall=518s [valid 183/407] src=2a36d14ad942 ext=6fc3e7041ad3 head=108a0adf55acdb5743cd70a347fc7810fbcefe24
[10:01:40] LAUNCH clSN_east_half_1291443119 running=7 free_kb=8169376 sims_boxwide=6 attempt=1 src=2a36d14ad942 ext=6fc3e7041ad3 head=108a0adf55acdb5743cd70a347fc7810fbcefe24
[10:01:44] .. alive runid=20260927-033204-1937 event_age=4s | wave=s3 total=407 valid=183 running=7 pending=217 launched=190 failed=0 gaveup=0 forkfail=0 free_kb=8169376 sims_boxwide=6 last_event_age=0s last_event_epoch=1790496100
[10:02:44] .. alive runid=20260927-033204-1937 event_age=64s | wave=s3 total=407 valid=183 running=7 pending=217 launched=190 failed=0 gaveup=0 forkfail=0 free_kb=8169376 sims_boxwide=6 last_event_age=0s last_event_epoch=1790496100
[10:02:44] DONE clH_east_half_222 rc=0 600s clH east/half seed=222 rescued=4 dead=0 unreachable=0 never_detected=0 ff_deaths=0 terminal=130 completions=4 recycles=4 removals=4 returns=4 wall=599s [valid 184/407] src=2a36d14ad942 ext=6fc3e7041ad3 head=108a0adf55acdb5743cd70a347fc7810fbcefe24
[10:02:46] LAUNCH clSN_east_half_1433805104 running=7 free_kb=8178888 sims_boxwide=6 attempt=1 src=2a36d14ad942 ext=6fc3e7041ad3 head=108a0adf55acdb5743cd70a347fc7810fbcefe24
[10:02:58] DONE clH_east_half_808 rc=0 516s clH east/half seed=808 rescued=3 dead=1 unreachable=0 never_detected=0 ff_deaths=0 terminal=103 completions=3 recycles=3 removals=3 returns=3 wall=504s [valid 185/407] src=2a36d14ad942 ext=6fc3e7041ad3 head=108a0adf55acdb5743cd70a347fc7810fbcefe24
[10:03:00] LAUNCH clSN_east_half_1636723358 running=7 free_kb=8257948 sims_boxwide=6 attempt=1 src=2a36d14ad942 ext=6fc3e7041ad3 head=108a0adf55acdb5743cd70a347fc7810fbcefe24
[10:03:44] .. alive runid=20260927-033204-1937 event_age=44s | wave=s3 total=407 valid=185 running=7 pending=215 launched=192 failed=0 gaveup=0 forkfail=0 free_kb=8257948 sims_boxwide=6 last_event_age=0s last_event_epoch=1790496180
[10:04:41] DONE clH_east_half_909 rc=0 555s clH east/half seed=909 rescued=4 dead=0 unreachable=0 never_detected=0 ff_deaths=0 terminal=117 completions=4 recycles=4 removals=4 returns=4 wall=554s [valid 186/407] src=2a36d14ad942 ext=6fc3e7041ad3 head=108a0adf55acdb5743cd70a347fc7810fbcefe24
[10:04:42] LAUNCH clSN_east_half_1252362635 running=7 free_kb=8198568 sims_boxwide=6 attempt=1 src=2a36d14ad942 ext=6fc3e7041ad3 head=108a0adf55acdb5743cd70a347fc7810fbcefe24
[10:04:44] .. alive runid=20260927-033204-1937 event_age=2s | wave=s3 total=407 valid=186 running=7 pending=214 launched=193 failed=0 gaveup=0 forkfail=0 free_kb=8198568 sims_boxwide=6 last_event_age=0s last_event_epoch=1790496282
[10:05:44] .. alive runid=20260927-033204-1937 event_age=62s | wave=s3 total=407 valid=186 running=7 pending=214 launched=193 failed=0 gaveup=0 forkfail=0 free_kb=8198568 sims_boxwide=6 last_event_age=0s last_event_epoch=1790496282
[10:06:44] .. alive runid=20260927-033204-1937 event_age=122s | wave=s3 total=407 valid=186 running=7 pending=214 launched=193 failed=0 gaveup=0 forkfail=0 free_kb=8198568 sims_boxwide=6 last_event_age=0s last_event_epoch=1790496282
[10:07:27] DONE clH_east_half_606 rc=0 835s clH east/half seed=606 rescued=4 dead=0 unreachable=0 never_detected=0 ff_deaths=0 terminal=245 completions=4 recycles=4 removals=4 returns=4 wall=833s [valid 187/407] src=2a36d14ad942 ext=6fc3e7041ad3 head=108a0adf55acdb5743cd70a347fc7810fbcefe24
[10:07:29] LAUNCH clSN_east_half_294124329 running=7 free_kb=8278784 sims_boxwide=6 attempt=1 src=2a36d14ad942 ext=6fc3e7041ad3 head=108a0adf55acdb5743cd70a347fc7810fbcefe24
[10:07:44] .. alive runid=20260927-033204-1937 event_age=15s | wave=s3 total=407 valid=187 running=7 pending=213 launched=194 failed=0 gaveup=0 forkfail=0 free_kb=8278784 sims_boxwide=6 last_event_age=0s last_event_epoch=1790496449
[10:08:29] DONE clSN_east_half_2070841104 rc=0 599s clSN east/half seed=2070841104 rescued=4 dead=0 unreachable=0 never_detected=0 ff_deaths=0 terminal=122 completions=4 recycles=4 removals=4 returns=4 wall=598s [valid 188/407] src=2a36d14ad942 ext=6fc3e7041ad3 head=108a0adf55acdb5743cd70a347fc7810fbcefe24
[10:08:30] LAUNCH clSN_east_half_1723100518 running=7 free_kb=8263172 sims_boxwide=6 attempt=1 src=2a36d14ad942 ext=6fc3e7041ad3 head=108a0adf55acdb5743cd70a347fc7810fbcefe24
[10:08:44] .. alive runid=20260927-033204-1937 event_age=14s | wave=s3 total=407 valid=188 running=7 pending=212 launched=195 failed=0 gaveup=0 forkfail=0 free_kb=8263172 sims_boxwide=6 last_event_age=0s last_event_epoch=1790496510
[10:09:19] DONE clSN_east_half_1147610331 rc=0 506s clSN east/half seed=1147610331 rescued=2 dead=2 unreachable=0 never_detected=0 ff_deaths=0 terminal=93 completions=2 recycles=2 removals=2 returns=2 wall=504s [valid 189/407] src=2a36d14ad942 ext=6fc3e7041ad3 head=108a0adf55acdb5743cd70a347fc7810fbcefe24
[10:09:21] LAUNCH clSN_east_half_1532569567 running=7 free_kb=8213868 sims_boxwide=6 attempt=1 src=2a36d14ad942 ext=6fc3e7041ad3 head=108a0adf55acdb5743cd70a347fc7810fbcefe24
[10:09:44] .. alive runid=20260927-033204-1937 event_age=23s | wave=s3 total=407 valid=189 running=7 pending=211 launched=196 failed=0 gaveup=0 forkfail=0 free_kb=8213868 sims_boxwide=6 last_event_age=0s last_event_epoch=1790496561
[10:10:44] .. alive runid=20260927-033204-1937 event_age=83s | wave=s3 total=407 valid=189 running=7 pending=211 launched=196 failed=0 gaveup=0 forkfail=0 free_kb=8213868 sims_boxwide=6 last_event_age=0s last_event_epoch=1790496561
[10:11:27] DONE clSN_east_half_1636723358 rc=0 507s clSN east/half seed=1636723358 rescued=3 dead=1 unreachable=0 never_detected=0 ff_deaths=0 terminal=105 completions=3 recycles=3 removals=3 returns=3 wall=506s [valid 190/407] src=2a36d14ad942 ext=6fc3e7041ad3 head=108a0adf55acdb5743cd70a347fc7810fbcefe24
[10:11:29] LAUNCH clSN_east_half_498896028 running=7 free_kb=8236196 sims_boxwide=6 attempt=1 src=2a36d14ad942 ext=6fc3e7041ad3 head=108a0adf55acdb5743cd70a347fc7810fbcefe24
[10:11:45] .. alive runid=20260927-033204-1937 event_age=16s | wave=s3 total=407 valid=190 running=7 pending=210 launched=197 failed=0 gaveup=0 forkfail=0 free_kb=8236196 sims_boxwide=6 last_event_age=0s last_event_epoch=1790496689
[10:12:05] DONE clSN_east_half_1291443119 rc=0 624s clSN east/half seed=1291443119 rescued=3 dead=1 unreachable=0 never_detected=0 ff_deaths=1 terminal=150 completions=3 recycles=3 removals=3 returns=3 wall=622s [valid 191/407] src=2a36d14ad942 ext=6fc3e7041ad3 head=108a0adf55acdb5743cd70a347fc7810fbcefe24
[10:12:06] LAUNCH clSN_east_half_1401495347 running=7 free_kb=8268932 sims_boxwide=6 attempt=1 src=2a36d14ad942 ext=6fc3e7041ad3 head=108a0adf55acdb5743cd70a347fc7810fbcefe24
[10:12:45] .. alive runid=20260927-033204-1937 event_age=39s | wave=s3 total=407 valid=191 running=7 pending=209 launched=198 failed=0 gaveup=0 forkfail=0 free_kb=8268932 sims_boxwide=6 last_event_age=0s last_event_epoch=1790496726
[10:13:45] .. alive runid=20260927-033204-1937 event_age=99s | wave=s3 total=407 valid=191 running=7 pending=209 launched=198 failed=0 gaveup=0 forkfail=0 free_kb=8268932 sims_boxwide=6 last_event_age=0s last_event_epoch=1790496726
[10:14:45] .. alive runid=20260927-033204-1937 event_age=159s | wave=s3 total=407 valid=191 running=7 pending=209 launched=198 failed=0 gaveup=0 forkfail=0 free_kb=8268932 sims_boxwide=6 last_event_age=0s last_event_epoch=1790496726
[10:15:45] .. alive runid=20260927-033204-1937 event_age=219s | wave=s3 total=407 valid=191 running=7 pending=209 launched=198 failed=0 gaveup=0 forkfail=0 free_kb=8268932 sims_boxwide=6 last_event_age=0s last_event_epoch=1790496726
[10:16:33] DONE clSN_east_half_1723100518 rc=0 482s clSN east/half seed=1723100518 rescued=2 dead=2 unreachable=0 never_detected=0 ff_deaths=0 terminal=96 completions=2 recycles=2 removals=2 returns=2 wall=480s [valid 192/407] src=2a36d14ad942 ext=6fc3e7041ad3 head=108a0adf55acdb5743cd70a347fc7810fbcefe24
[10:16:34] LAUNCH clSN_east_half_133894353 running=7 free_kb=8218952 sims_boxwide=6 attempt=1 src=2a36d14ad942 ext=6fc3e7041ad3 head=108a0adf55acdb5743cd70a347fc7810fbcefe24
[10:16:45] .. alive runid=20260927-033204-1937 event_age=11s | wave=s3 total=407 valid=192 running=7 pending=208 launched=199 failed=0 gaveup=0 forkfail=0 free_kb=8218952 sims_boxwide=6 last_event_age=0s last_event_epoch=1790496994
[10:16:47] DONE clSN_east_half_294124329 rc=0 557s clSN east/half seed=294124329 rescued=4 dead=0 unreachable=0 never_detected=0 ff_deaths=0 terminal=143 completions=4 recycles=4 removals=4 returns=4 wall=544s [valid 193/407] src=2a36d14ad942 ext=6fc3e7041ad3 head=108a0adf55acdb5743cd70a347fc7810fbcefe24
[10:16:48] LAUNCH clSN_east_half_1788979460 running=7 free_kb=8251584 sims_boxwide=6 attempt=1 src=2a36d14ad942 ext=6fc3e7041ad3 head=108a0adf55acdb5743cd70a347fc7810fbcefe24
[10:17:45] .. alive runid=20260927-033204-1937 event_age=57s | wave=s3 total=407 valid=193 running=7 pending=207 launched=200 failed=0 gaveup=0 forkfail=0 free_kb=8251584 sims_boxwide=6 last_event_age=0s last_event_epoch=1790497008
[10:17:56] DONE clSN_east_half_1433805104 rc=0 909s clSN east/half seed=1433805104 rescued=4 dead=0 unreachable=0 never_detected=0 ff_deaths=0 terminal=282 completions=4 recycles=4 removals=4 returns=4 wall=908s [valid 194/407] src=2a36d14ad942 ext=6fc3e7041ad3 head=108a0adf55acdb5743cd70a347fc7810fbcefe24
[10:17:57] LAUNCH clSN_south_half_1486866530 running=7 free_kb=8278156 sims_boxwide=6 attempt=1 src=2a36d14ad942 ext=6fc3e7041ad3 head=108a0adf55acdb5743cd70a347fc7810fbcefe24
[10:18:45] .. alive runid=20260927-033204-1937 event_age=48s | wave=s3 total=407 valid=194 running=7 pending=206 launched=201 failed=0 gaveup=0 forkfail=0 free_kb=8278156 sims_boxwide=6 last_event_age=0s last_event_epoch=1790497077
[10:19:22] DONE clSN_east_half_1252362635 rc=0 880s clSN east/half seed=1252362635 rescued=4 dead=0 unreachable=0 never_detected=0 ff_deaths=0 terminal=259 completions=4 recycles=4 removals=4 returns=4 wall=878s [valid 195/407] src=2a36d14ad942 ext=6fc3e7041ad3 head=108a0adf55acdb5743cd70a347fc7810fbcefe24
[10:19:24] LAUNCH clSN_south_half_536769381 running=7 free_kb=8202456 sims_boxwide=6 attempt=1 src=2a36d14ad942 ext=6fc3e7041ad3 head=108a0adf55acdb5743cd70a347fc7810fbcefe24
[10:19:45] .. alive runid=20260927-033204-1937 event_age=21s | wave=s3 total=407 valid=195 running=7 pending=205 launched=202 failed=0 gaveup=0 forkfail=0 free_kb=8202456 sims_boxwide=6 last_event_age=0s last_event_epoch=1790497164
[10:20:45] .. alive runid=20260927-033204-1937 event_age=81s | wave=s3 total=407 valid=195 running=7 pending=205 launched=202 failed=0 gaveup=0 forkfail=0 free_kb=8202456 sims_boxwide=6 last_event_age=0s last_event_epoch=1790497164
[10:20:59] DONE clSN_east_half_1532569567 rc=0 697s clSN east/half seed=1532569567 rescued=3 dead=0 unreachable=1 never_detected=0 ff_deaths=1 terminal=215 completions=3 recycles=3 removals=3 returns=3 wall=696s [valid 196/407] src=2a36d14ad942 ext=6fc3e7041ad3 head=108a0adf55acdb5743cd70a347fc7810fbcefe24
[10:21:00] LAUNCH clSN_south_half_791464433 running=7 free_kb=8253652 sims_boxwide=6 attempt=1 src=2a36d14ad942 ext=6fc3e7041ad3 head=108a0adf55acdb5743cd70a347fc7810fbcefe24
[10:21:45] .. alive runid=20260927-033204-1937 event_age=45s | wave=s3 total=407 valid=196 running=7 pending=204 launched=203 failed=0 gaveup=0 forkfail=0 free_kb=8253652 sims_boxwide=6 last_event_age=0s last_event_epoch=1790497260
[10:22:11] DONE clSN_east_half_1401495347 rc=0 604s clSN east/half seed=1401495347 rescued=3 dead=1 unreachable=0 never_detected=0 ff_deaths=0 terminal=180 completions=3 recycles=3 removals=3 returns=3 wall=603s [valid 197/407] src=2a36d14ad942 ext=6fc3e7041ad3 head=108a0adf55acdb5743cd70a347fc7810fbcefe24
[10:22:12] LAUNCH clSN_south_half_706299103 running=7 free_kb=8248412 sims_boxwide=6 attempt=1 src=2a36d14ad942 ext=6fc3e7041ad3 head=108a0adf55acdb5743cd70a347fc7810fbcefe24
[10:22:46] .. alive runid=20260927-033204-1937 event_age=33s | wave=s3 total=407 valid=197 running=7 pending=203 launched=204 failed=0 gaveup=0 forkfail=0 free_kb=8248412 sims_boxwide=6 last_event_age=0s last_event_epoch=1790497332
[10:23:46] .. alive runid=20260927-033204-1937 event_age=94s | wave=s3 total=407 valid=197 running=7 pending=203 launched=204 failed=0 gaveup=0 forkfail=0 free_kb=8248412 sims_boxwide=6 last_event_age=0s last_event_epoch=1790497332
[10:24:46] .. alive runid=20260927-033204-1937 event_age=154s | wave=s3 total=407 valid=197 running=7 pending=203 launched=204 failed=0 gaveup=0 forkfail=0 free_kb=8248412 sims_boxwide=6 last_event_age=0s last_event_epoch=1790497332
[10:25:41] DONE clSN_south_half_536769381 rc=0 376s clSN south/half seed=536769381 rescued=4 dead=0 unreachable=0 never_detected=0 ff_deaths=0 terminal=118 completions=4 recycles=4 removals=4 returns=4 wall=375s [valid 198/407] src=2a36d14ad942 ext=6fc3e7041ad3 head=108a0adf55acdb5743cd70a347fc7810fbcefe24
[10:25:42] LAUNCH clSN_south_half_1364948962 running=7 free_kb=8182728 sims_boxwide=6 attempt=1 src=2a36d14ad942 ext=6fc3e7041ad3 head=108a0adf55acdb5743cd70a347fc7810fbcefe24
[10:25:46] .. alive runid=20260927-033204-1937 event_age=4s | wave=s3 total=407 valid=198 running=7 pending=202 launched=205 failed=0 gaveup=0 forkfail=0 free_kb=8182728 sims_boxwide=6 last_event_age=0s last_event_epoch=1790497542
[10:25:59] DONE clSN_south_half_1486866530 rc=0 481s clSN south/half seed=1486866530 rescued=3 dead=0 unreachable=1 never_detected=1 ff_deaths=0 terminal=210 completions=3 recycles=3 removals=3 returns=3 wall=480s [valid 199/407] src=2a36d14ad942 ext=6fc3e7041ad3 head=108a0adf55acdb5743cd70a347fc7810fbcefe24
[10:26:00] LAUNCH clSN_south_half_937041678 running=7 free_kb=8218876 sims_boxwide=6 attempt=1 src=2a36d14ad942 ext=6fc3e7041ad3 head=108a0adf55acdb5743cd70a347fc7810fbcefe24
[10:26:46] .. alive runid=20260927-033204-1937 event_age=46s | wave=s3 total=407 valid=199 running=7 pending=201 launched=206 failed=0 gaveup=0 forkfail=0 free_kb=8218876 sims_boxwide=6 last_event_age=0s last_event_epoch=1790497560
[10:27:18] DONE clSN_east_half_498896028 rc=0 948s clSN east/half seed=498896028 rescued=4 dead=0 unreachable=0 never_detected=0 ff_deaths=0 terminal=254 completions=4 recycles=4 removals=4 returns=4 wall=947s [valid 200/407] src=2a36d14ad942 ext=6fc3e7041ad3 head=108a0adf55acdb5743cd70a347fc7810fbcefe24
[10:27:19] LAUNCH clSN_south_half_954838929 running=7 free_kb=8175540 sims_boxwide=6 attempt=1 src=2a36d14ad942 ext=6fc3e7041ad3 head=108a0adf55acdb5743cd70a347fc7810fbcefe24
[10:27:46] .. alive runid=20260927-033204-1937 event_age=27s | wave=s3 total=407 valid=200 running=7 pending=200 launched=207 failed=0 gaveup=0 forkfail=0 free_kb=8175540 sims_boxwide=6 last_event_age=0s last_event_epoch=1790497639
[10:28:46] .. alive runid=20260927-033204-1937 event_age=87s | wave=s3 total=407 valid=200 running=7 pending=200 launched=207 failed=0 gaveup=0 forkfail=0 free_kb=8175540 sims_boxwide=6 last_event_age=0s last_event_epoch=1790497639
[10:29:46] .. alive runid=20260927-033204-1937 event_age=147s | wave=s3 total=407 valid=200 running=7 pending=200 launched=207 failed=0 gaveup=0 forkfail=0 free_kb=8175540 sims_boxwide=6 last_event_age=0s last_event_epoch=1790497639
[10:30:43] DONE clSN_south_half_706299103 rc=0 511s clSN south/half seed=706299103 rescued=3 dead=0 unreachable=1 never_detected=0 ff_deaths=2 terminal=185 completions=3 recycles=3 removals=3 returns=3 wall=509s [valid 201/407] src=2a36d14ad942 ext=6fc3e7041ad3 head=108a0adf55acdb5743cd70a347fc7810fbcefe24
[10:30:45] LAUNCH clSN_south_half_139925734 running=7 free_kb=8023332 sims_boxwide=6 attempt=1 src=2a36d14ad942 ext=6fc3e7041ad3 head=108a0adf55acdb5743cd70a347fc7810fbcefe24
[10:30:46] .. alive runid=20260927-033204-1937 event_age=1s | wave=s3 total=407 valid=201 running=7 pending=199 launched=208 failed=0 gaveup=0 forkfail=0 free_kb=8023332 sims_boxwide=6 last_event_age=0s last_event_epoch=1790497845
[10:30:57] DONE clSN_south_half_791464433 rc=0 597s clSN south/half seed=791464433 rescued=4 dead=0 unreachable=0 never_detected=0 ff_deaths=0 terminal=180 completions=4 recycles=4 removals=4 returns=4 wall=583s [valid 202/407] src=2a36d14ad942 ext=6fc3e7041ad3 head=108a0adf55acdb5743cd70a347fc7810fbcefe24
[10:30:59] LAUNCH clSN_south_half_1624156665 running=7 free_kb=8069076 sims_boxwide=6 attempt=1 src=2a36d14ad942 ext=6fc3e7041ad3 head=108a0adf55acdb5743cd70a347fc7810fbcefe24
[10:31:18] DONE clSN_south_half_1364948962 rc=0 335s clSN south/half seed=1364948962 rescued=4 dead=0 unreachable=0 never_detected=0 ff_deaths=0 terminal=140 completions=4 recycles=4 removals=4 returns=4 wall=334s [valid 203/407] src=2a36d14ad942 ext=6fc3e7041ad3 head=108a0adf55acdb5743cd70a347fc7810fbcefe24
[10:31:19] LAUNCH clSN_south_half_285242396 running=7 free_kb=8107128 sims_boxwide=6 attempt=1 src=2a36d14ad942 ext=6fc3e7041ad3 head=108a0adf55acdb5743cd70a347fc7810fbcefe24
[10:31:46] .. alive runid=20260927-033204-1937 event_age=27s | wave=s3 total=407 valid=203 running=7 pending=197 launched=210 failed=0 gaveup=0 forkfail=0 free_kb=8107128 sims_boxwide=6 last_event_age=0s last_event_epoch=1790497879
[10:31:52] DONE clSN_east_half_1788979460 rc=0 903s clSN east/half seed=1788979460 rescued=4 dead=0 unreachable=0 never_detected=0 ff_deaths=0 terminal=209 completions=4 recycles=4 removals=4 returns=4 wall=902s [valid 204/407] src=2a36d14ad942 ext=6fc3e7041ad3 head=108a0adf55acdb5743cd70a347fc7810fbcefe24
[10:31:53] LAUNCH clSN_south_half_573250932 running=7 free_kb=8144324 sims_boxwide=6 attempt=1 src=2a36d14ad942 ext=6fc3e7041ad3 head=108a0adf55acdb5743cd70a347fc7810fbcefe24
[10:32:46] .. alive runid=20260927-033204-1937 event_age=53s | wave=s3 total=407 valid=204 running=7 pending=196 launched=211 failed=0 gaveup=0 forkfail=0 free_kb=8144324 sims_boxwide=6 last_event_age=0s last_event_epoch=1790497913
[10:33:47] .. alive runid=20260927-033204-1937 event_age=114s | wave=s3 total=407 valid=204 running=7 pending=196 launched=211 failed=0 gaveup=0 forkfail=0 free_kb=8144324 sims_boxwide=6 last_event_age=0s last_event_epoch=1790497913
[10:34:47] .. alive runid=20260927-033204-1937 event_age=174s | wave=s3 total=407 valid=204 running=7 pending=196 launched=211 failed=0 gaveup=0 forkfail=0 free_kb=8144324 sims_boxwide=6 last_event_age=0s last_event_epoch=1790497913
[10:35:39] DONE clSN_south_half_937041678 rc=0 578s clSN south/half seed=937041678 rescued=4 dead=0 unreachable=0 never_detected=0 ff_deaths=1 terminal=203 completions=4 recycles=4 removals=4 returns=4 wall=576s [valid 205/407] src=2a36d14ad942 ext=6fc3e7041ad3 head=108a0adf55acdb5743cd70a347fc7810fbcefe24
[10:35:40] LAUNCH clSN_south_half_1048395951 running=7 free_kb=7747128 sims_boxwide=6 attempt=1 src=2a36d14ad942 ext=6fc3e7041ad3 head=108a0adf55acdb5743cd70a347fc7810fbcefe24
[10:35:47] .. alive runid=20260927-033204-1937 event_age=7s | wave=s3 total=407 valid=205 running=7 pending=195 launched=212 failed=0 gaveup=0 forkfail=0 free_kb=7747128 sims_boxwide=6 last_event_age=0s last_event_epoch=1790498140
[10:36:47] .. alive runid=20260927-033204-1937 event_age=67s | wave=s3 total=407 valid=205 running=7 pending=195 launched=212 failed=0 gaveup=0 forkfail=0 free_kb=7747128 sims_boxwide=6 last_event_age=0s last_event_epoch=1790498140
[10:36:51] DONE clSN_south_half_954838929 rc=0 571s clSN south/half seed=954838929 rescued=3 dead=1 unreachable=0 never_detected=0 ff_deaths=0 terminal=106 completions=3 recycles=3 removals=3 returns=3 wall=569s [valid 206/407] src=2a36d14ad942 ext=6fc3e7041ad3 head=108a0adf55acdb5743cd70a347fc7810fbcefe24
[10:36:52] LAUNCH clSN_south_half_903347495 running=7 free_kb=8055220 sims_boxwide=6 attempt=1 src=2a36d14ad942 ext=6fc3e7041ad3 head=108a0adf55acdb5743cd70a347fc7810fbcefe24
[10:37:47] .. alive runid=20260927-033204-1937 event_age=55s | wave=s3 total=407 valid=206 running=7 pending=194 launched=213 failed=0 gaveup=0 forkfail=0 free_kb=8055220 sims_boxwide=6 last_event_age=0s last_event_epoch=1790498212
[10:38:47] .. alive runid=20260927-033204-1937 event_age=115s | wave=s3 total=407 valid=206 running=7 pending=194 launched=213 failed=0 gaveup=0 forkfail=0 free_kb=8055220 sims_boxwide=6 last_event_age=0s last_event_epoch=1790498212
[10:38:48] DONE clSN_south_half_1624156665 rc=0 469s clSN south/half seed=1624156665 rescued=4 dead=0 unreachable=0 never_detected=0 ff_deaths=0 terminal=192 completions=4 recycles=4 removals=4 returns=4 wall=468s [valid 207/407] src=2a36d14ad942 ext=6fc3e7041ad3 head=108a0adf55acdb5743cd70a347fc7810fbcefe24
[10:38:50] LAUNCH clSN_east_def_2038269169 running=7 free_kb=8116672 sims_boxwide=6 attempt=1 src=2a36d14ad942 ext=6fc3e7041ad3 head=108a0adf55acdb5743cd70a347fc7810fbcefe24
[10:39:23] DONE clSN_south_half_285242396 rc=0 483s clSN south/half seed=285242396 rescued=4 dead=0 unreachable=0 never_detected=0 ff_deaths=0 terminal=177 completions=4 recycles=4 removals=4 returns=4 wall=481s [valid 208/407] src=2a36d14ad942 ext=6fc3e7041ad3 head=108a0adf55acdb5743cd70a347fc7810fbcefe24
[10:39:24] LAUNCH clSN_east_def_1749069988 running=7 free_kb=8090496 sims_boxwide=6 attempt=1 src=2a36d14ad942 ext=6fc3e7041ad3 head=108a0adf55acdb5743cd70a347fc7810fbcefe24
[10:39:47] .. alive runid=20260927-033204-1937 event_age=23s | wave=s3 total=407 valid=208 running=7 pending=192 launched=215 failed=0 gaveup=0 forkfail=0 free_kb=8090496 sims_boxwide=6 last_event_age=0s last_event_epoch=1790498364
[10:39:51] DONE clSN_south_half_573250932 rc=0 477s clSN south/half seed=573250932 rescued=3 dead=0 unreachable=1 never_detected=1 ff_deaths=0 terminal=210 completions=3 recycles=3 removals=3 returns=3 wall=475s [valid 209/407] src=2a36d14ad942 ext=6fc3e7041ad3 head=108a0adf55acdb5743cd70a347fc7810fbcefe24
[10:39:52] LAUNCH clSN_east_def_1420331661 running=7 free_kb=8101768 sims_boxwide=6 attempt=1 src=2a36d14ad942 ext=6fc3e7041ad3 head=108a0adf55acdb5743cd70a347fc7810fbcefe24
[10:40:31] DONE clSN_south_half_139925734 rc=0 585s clSN south/half seed=139925734 rescued=3 dead=1 unreachable=0 never_detected=0 ff_deaths=0 terminal=101 completions=3 recycles=3 removals=3 returns=3 wall=584s [valid 210/407] src=2a36d14ad942 ext=6fc3e7041ad3 head=108a0adf55acdb5743cd70a347fc7810fbcefe24
[10:40:32] LAUNCH clSN_east_def_1480870832 running=7 free_kb=8139472 sims_boxwide=6 attempt=1 src=2a36d14ad942 ext=6fc3e7041ad3 head=108a0adf55acdb5743cd70a347fc7810fbcefe24
[10:40:47] .. alive runid=20260927-033204-1937 event_age=15s | wave=s3 total=407 valid=210 running=7 pending=190 launched=217 failed=0 gaveup=0 forkfail=0 free_kb=8139472 sims_boxwide=6 last_event_age=0s last_event_epoch=1790498432
[10:41:31] DONE clSN_east_half_133894353 rc=0 1496s clSN east/half seed=133894353 rescued=4 dead=0 unreachable=0 never_detected=0 ff_deaths=1 terminal=327 completions=4 recycles=4 removals=4 returns=4 wall=1494s [valid 211/407] src=2a36d14ad942 ext=6fc3e7041ad3 head=108a0adf55acdb5743cd70a347fc7810fbcefe24
[10:41:32] LAUNCH clSN_east_half_1506055301 running=7 free_kb=8187868 sims_boxwide=6 attempt=1 src=2a36d14ad942 ext=6fc3e7041ad3 head=108a0adf55acdb5743cd70a347fc7810fbcefe24
[10:41:47] .. alive runid=20260927-033204-1937 event_age=15s | wave=s3 total=407 valid=211 running=7 pending=189 launched=218 failed=0 gaveup=0 forkfail=0 free_kb=8187868 sims_boxwide=6 last_event_age=0s last_event_epoch=1790498492
[10:42:47] .. alive runid=20260927-033204-1937 event_age=75s | wave=s3 total=407 valid=211 running=7 pending=189 launched=218 failed=0 gaveup=0 forkfail=0 free_kb=8187868 sims_boxwide=6 last_event_age=0s last_event_epoch=1790498492
[10:43:47] .. alive runid=20260927-033204-1937 event_age=135s | wave=s3 total=407 valid=211 running=7 pending=189 launched=218 failed=0 gaveup=0 forkfail=0 free_kb=8187868 sims_boxwide=6 last_event_age=0s last_event_epoch=1790498492
[10:44:47] .. alive runid=20260927-033204-1937 event_age=195s | wave=s3 total=407 valid=211 running=7 pending=189 launched=218 failed=0 gaveup=0 forkfail=0 free_kb=8187868 sims_boxwide=6 last_event_age=0s last_event_epoch=1790498492
[10:45:48] .. alive runid=20260927-033204-1937 event_age=256s | wave=s3 total=407 valid=211 running=7 pending=189 launched=218 failed=0 gaveup=0 forkfail=0 free_kb=8187868 sims_boxwide=6 last_event_age=0s last_event_epoch=1790498492
[10:46:26] DONE clSN_south_half_1048395951 rc=0 645s clSN south/half seed=1048395951 rescued=4 dead=0 unreachable=0 never_detected=0 ff_deaths=0 terminal=263 completions=4 recycles=4 removals=4 returns=4 wall=643s [valid 212/407] src=2a36d14ad942 ext=6fc3e7041ad3 head=108a0adf55acdb5743cd70a347fc7810fbcefe24
[10:46:27] LAUNCH clSN_east_half_1999015533 running=7 free_kb=8130832 sims_boxwide=6 attempt=1 src=2a36d14ad942 ext=6fc3e7041ad3 head=108a0adf55acdb5743cd70a347fc7810fbcefe24
[10:46:48] .. alive runid=20260927-033204-1937 event_age=21s | wave=s3 total=407 valid=212 running=7 pending=188 launched=219 failed=0 gaveup=0 forkfail=0 free_kb=8130832 sims_boxwide=6 last_event_age=0s last_event_epoch=1790498787
[10:47:48] .. alive runid=20260927-033204-1937 event_age=81s | wave=s3 total=407 valid=212 running=7 pending=188 launched=219 failed=0 gaveup=0 forkfail=0 free_kb=8130832 sims_boxwide=6 last_event_age=0s last_event_epoch=1790498787
[10:48:01] DONE clSN_east_def_2038269169 rc=0 550s clSN east/default seed=2038269169 rescued=3 dead=0 unreachable=1 never_detected=1 ff_deaths=0 terminal=254 completions=3 recycles=3 removals=3 returns=3 wall=549s [valid 213/407] src=2a36d14ad942 ext=6fc3e7041ad3 head=108a0adf55acdb5743cd70a347fc7810fbcefe24
[10:48:02] LAUNCH clSN_east_half_2095654154 running=7 free_kb=8120556 sims_boxwide=6 attempt=1 src=2a36d14ad942 ext=6fc3e7041ad3 head=108a0adf55acdb5743cd70a347fc7810fbcefe24
[10:48:15] DONE clSN_east_def_1749069988 rc=0 530s clSN east/default seed=1749069988 rescued=3 dead=1 unreachable=0 never_detected=0 ff_deaths=0 terminal=199 completions=3 recycles=3 removals=3 returns=3 wall=525s [valid 214/407] src=2a36d14ad942 ext=6fc3e7041ad3 head=108a0adf55acdb5743cd70a347fc7810fbcefe24
[10:48:16] LAUNCH clSN_east_half_824498143 running=7 free_kb=8190724 sims_boxwide=6 attempt=1 src=2a36d14ad942 ext=6fc3e7041ad3 head=108a0adf55acdb5743cd70a347fc7810fbcefe24
[10:48:48] .. alive runid=20260927-033204-1937 event_age=32s | wave=s3 total=407 valid=214 running=7 pending=186 launched=221 failed=0 gaveup=0 forkfail=0 free_kb=8190724 sims_boxwide=6 last_event_age=0s last_event_epoch=1790498896
[10:48:58] DONE clSN_south_half_903347495 rc=0 725s clSN south/half seed=903347495 rescued=4 dead=0 unreachable=0 never_detected=0 ff_deaths=0 terminal=276 completions=4 recycles=4 removals=4 returns=4 wall=723s [valid 215/407] src=2a36d14ad942 ext=6fc3e7041ad3 head=108a0adf55acdb5743cd70a347fc7810fbcefe24
[10:48:59] LAUNCH clSN_east_half_1468405687 running=7 free_kb=8181776 sims_boxwide=6 attempt=1 src=2a36d14ad942 ext=6fc3e7041ad3 head=108a0adf55acdb5743cd70a347fc7810fbcefe24
[10:49:48] .. alive runid=20260927-033204-1937 event_age=49s | wave=s3 total=407 valid=215 running=7 pending=185 launched=222 failed=0 gaveup=0 forkfail=0 free_kb=8181776 sims_boxwide=6 last_event_age=0s last_event_epoch=1790498939
[10:49:51] DONE clSN_east_def_1480870832 rc=0 559s clSN east/default seed=1480870832 rescued=2 dead=1 unreachable=1 never_detected=1 ff_deaths=0 terminal=210 completions=2 recycles=2 removals=2 returns=2 wall=557s [valid 216/407] src=2a36d14ad942 ext=6fc3e7041ad3 head=108a0adf55acdb5743cd70a347fc7810fbcefe24
[10:49:53] LAUNCH clSN_east_half_731846821 running=7 free_kb=8108312 sims_boxwide=6 attempt=1 src=2a36d14ad942 ext=6fc3e7041ad3 head=108a0adf55acdb5743cd70a347fc7810fbcefe24
[10:50:05] DONE clSN_east_def_1420331661 rc=0 613s clSN east/default seed=1420331661 rescued=3 dead=1 unreachable=0 never_detected=0 ff_deaths=0 terminal=171 completions=3 recycles=3 removals=3 returns=3 wall=601s [valid 217/407] src=2a36d14ad942 ext=6fc3e7041ad3 head=108a0adf55acdb5743cd70a347fc7810fbcefe24
[10:50:07] LAUNCH clSN_east_half_1301429659 running=7 free_kb=8162556 sims_boxwide=6 attempt=1 src=2a36d14ad942 ext=6fc3e7041ad3 head=108a0adf55acdb5743cd70a347fc7810fbcefe24
[10:50:48] .. alive runid=20260927-033204-1937 event_age=41s | wave=s3 total=407 valid=217 running=7 pending=183 launched=224 failed=0 gaveup=0 forkfail=0 free_kb=8162556 sims_boxwide=6 last_event_age=0s last_event_epoch=1790499007
[10:51:48] .. alive runid=20260927-033204-1937 event_age=101s | wave=s3 total=407 valid=217 running=7 pending=183 launched=224 failed=0 gaveup=0 forkfail=0 free_kb=8162556 sims_boxwide=6 last_event_age=0s last_event_epoch=1790499007
[10:52:48] .. alive runid=20260927-033204-1937 event_age=161s | wave=s3 total=407 valid=217 running=7 pending=183 launched=224 failed=0 gaveup=0 forkfail=0 free_kb=8162556 sims_boxwide=6 last_event_age=0s last_event_epoch=1790499007
[10:53:36] DONE clSN_east_half_1506055301 rc=0 724s clSN east/half seed=1506055301 rescued=3 dead=1 unreachable=0 never_detected=0 ff_deaths=0 terminal=96 completions=3 recycles=3 removals=3 returns=3 wall=722s [valid 218/407] src=2a36d14ad942 ext=6fc3e7041ad3 head=108a0adf55acdb5743cd70a347fc7810fbcefe24
[10:53:38] LAUNCH clSN_east_half_53258209 running=7 free_kb=8022576 sims_boxwide=6 attempt=1 src=2a36d14ad942 ext=6fc3e7041ad3 head=108a0adf55acdb5743cd70a347fc7810fbcefe24
[10:53:48] .. alive runid=20260927-033204-1937 event_age=10s | wave=s3 total=407 valid=218 running=7 pending=182 launched=225 failed=0 gaveup=0 forkfail=0 free_kb=8022576 sims_boxwide=6 last_event_age=0s last_event_epoch=1790499218
[10:54:48] .. alive runid=20260927-033204-1937 event_age=70s | wave=s3 total=407 valid=218 running=7 pending=182 launched=225 failed=0 gaveup=0 forkfail=0 free_kb=8022576 sims_boxwide=6 last_event_age=0s last_event_epoch=1790499218
[10:55:48] .. alive runid=20260927-033204-1937 event_age=130s | wave=s3 total=407 valid=218 running=7 pending=182 launched=225 failed=0 gaveup=0 forkfail=0 free_kb=8022576 sims_boxwide=6 last_event_age=0s last_event_epoch=1790499218
[10:56:49] .. alive runid=20260927-033204-1937 event_age=191s | wave=s3 total=407 valid=218 running=7 pending=182 launched=225 failed=0 gaveup=0 forkfail=0 free_kb=8022576 sims_boxwide=6 last_event_age=0s last_event_epoch=1790499218
[10:57:49] .. alive runid=20260927-033204-1937 event_age=251s | wave=s3 total=407 valid=218 running=7 pending=182 launched=225 failed=0 gaveup=0 forkfail=0 free_kb=8022576 sims_boxwide=6 last_event_age=0s last_event_epoch=1790499218
[10:58:11] DONE clSN_east_half_1468405687 rc=0 551s clSN east/half seed=1468405687 rescued=3 dead=1 unreachable=0 never_detected=0 ff_deaths=0 terminal=108 completions=3 recycles=3 removals=3 returns=3 wall=549s [valid 219/407] src=2a36d14ad942 ext=6fc3e7041ad3 head=108a0adf55acdb5743cd70a347fc7810fbcefe24
[10:58:12] LAUNCH clSN_east_half_1341701987 running=7 free_kb=8078124 sims_boxwide=6 attempt=1 src=2a36d14ad942 ext=6fc3e7041ad3 head=108a0adf55acdb5743cd70a347fc7810fbcefe24
[10:58:37] DONE clSN_east_half_1301429659 rc=0 509s clSN east/half seed=1301429659 rescued=3 dead=1 unreachable=0 never_detected=0 ff_deaths=0 terminal=91 completions=3 recycles=3 removals=3 returns=3 wall=508s [valid 220/407] src=2a36d14ad942 ext=6fc3e7041ad3 head=108a0adf55acdb5743cd70a347fc7810fbcefe24
[10:58:38] LAUNCH clSN_east_half_264075293 running=7 free_kb=8075104 sims_boxwide=6 attempt=1 src=2a36d14ad942 ext=6fc3e7041ad3 head=108a0adf55acdb5743cd70a347fc7810fbcefe24
[10:58:49] .. alive runid=20260927-033204-1937 event_age=11s | wave=s3 total=407 valid=220 running=7 pending=180 launched=227 failed=0 gaveup=0 forkfail=0 free_kb=8075104 sims_boxwide=6 last_event_age=0s last_event_epoch=1790499518
[10:58:56] DONE clSN_east_half_1999015533 rc=0 748s clSN east/half seed=1999015533 rescued=4 dead=0 unreachable=0 never_detected=0 ff_deaths=0 terminal=156 completions=4 recycles=4 removals=4 returns=4 wall=747s [valid 221/407] src=2a36d14ad942 ext=6fc3e7041ad3 head=108a0adf55acdb5743cd70a347fc7810fbcefe24
[10:58:57] DONE clSN_east_half_824498143 rc=0 640s clSN east/half seed=824498143 rescued=3 dead=1 unreachable=0 never_detected=0 ff_deaths=0 terminal=105 completions=3 recycles=3 removals=3 returns=3 wall=638s [valid 222/407] src=2a36d14ad942 ext=6fc3e7041ad3 head=108a0adf55acdb5743cd70a347fc7810fbcefe24
[10:58:58] LAUNCH clSN_east_half_2091896221 running=6 free_kb=9021916 sims_boxwide=5 attempt=1 src=2a36d14ad942 ext=6fc3e7041ad3 head=108a0adf55acdb5743cd70a347fc7810fbcefe24
[10:59:12] LAUNCH clSN_east_half_21892117 running=7 free_kb=8163468 sims_boxwide=6 attempt=1 src=2a36d14ad942 ext=6fc3e7041ad3 head=108a0adf55acdb5743cd70a347fc7810fbcefe24
[10:59:49] .. alive runid=20260927-033204-1937 event_age=37s | wave=s3 total=407 valid=222 running=7 pending=178 launched=229 failed=0 gaveup=0 forkfail=0 free_kb=8163468 sims_boxwide=6 last_event_age=0s last_event_epoch=1790499552
[11:00:11] DONE clSN_east_half_731846821 rc=0 617s clSN east/half seed=731846821 rescued=3 dead=1 unreachable=0 never_detected=0 ff_deaths=0 terminal=133 completions=3 recycles=3 removals=3 returns=3 wall=616s [valid 223/407] src=2a36d14ad942 ext=6fc3e7041ad3 head=108a0adf55acdb5743cd70a347fc7810fbcefe24
[11:00:12] LAUNCH clSN_east_half_1717500098 running=7 free_kb=8034400 sims_boxwide=6 attempt=1 src=2a36d14ad942 ext=6fc3e7041ad3 head=108a0adf55acdb5743cd70a347fc7810fbcefe24
[11:00:49] .. alive runid=20260927-033204-1937 event_age=37s | wave=s3 total=407 valid=223 running=7 pending=177 launched=230 failed=0 gaveup=0 forkfail=0 free_kb=8034400 sims_boxwide=6 last_event_age=0s last_event_epoch=1790499612
[11:01:49] .. alive runid=20260927-033204-1937 event_age=97s | wave=s3 total=407 valid=223 running=7 pending=177 launched=230 failed=0 gaveup=0 forkfail=0 free_kb=8034400 sims_boxwide=6 last_event_age=0s last_event_epoch=1790499612
[11:02:49] .. alive runid=20260927-033204-1937 event_age=157s | wave=s3 total=407 valid=223 running=7 pending=177 launched=230 failed=0 gaveup=0 forkfail=0 free_kb=8034400 sims_boxwide=6 last_event_age=0s last_event_epoch=1790499612
[11:03:49] .. alive runid=20260927-033204-1937 event_age=217s | wave=s3 total=407 valid=223 running=7 pending=177 launched=230 failed=0 gaveup=0 forkfail=0 free_kb=8034400 sims_boxwide=6 last_event_age=0s last_event_epoch=1790499612
[11:04:49] .. alive runid=20260927-033204-1937 event_age=277s | wave=s3 total=407 valid=223 running=7 pending=177 launched=230 failed=0 gaveup=0 forkfail=0 free_kb=8034400 sims_boxwide=6 last_event_age=0s last_event_epoch=1790499612
[11:05:07] DONE clSN_east_half_53258209 rc=0 689s clSN east/half seed=53258209 rescued=4 dead=0 unreachable=0 never_detected=0 ff_deaths=1 terminal=162 completions=4 recycles=4 removals=4 returns=4 wall=687s [valid 224/407] src=2a36d14ad942 ext=6fc3e7041ad3 head=108a0adf55acdb5743cd70a347fc7810fbcefe24
[11:05:09] LAUNCH clSN_south_half_1386492524 running=7 free_kb=8012044 sims_boxwide=6 attempt=1 src=2a36d14ad942 ext=6fc3e7041ad3 head=108a0adf55acdb5743cd70a347fc7810fbcefe24
[11:05:49] .. alive runid=20260927-033204-1937 event_age=40s | wave=s3 total=407 valid=224 running=7 pending=176 launched=231 failed=0 gaveup=0 forkfail=0 free_kb=8012044 sims_boxwide=6 last_event_age=0s last_event_epoch=1790499909
[11:06:17] DONE clSN_east_half_2095654154 rc=0 1094s clSN east/half seed=2095654154 rescued=4 dead=0 unreachable=0 never_detected=0 ff_deaths=1 terminal=273 completions=4 recycles=4 removals=4 returns=4 wall=1092s [valid 225/407] src=2a36d14ad942 ext=6fc3e7041ad3 head=108a0adf55acdb5743cd70a347fc7810fbcefe24
[11:06:18] LAUNCH clSN_south_half_481765503 running=7 free_kb=8029776 sims_boxwide=6 attempt=1 src=2a36d14ad942 ext=6fc3e7041ad3 head=108a0adf55acdb5743cd70a347fc7810fbcefe24
[11:06:49] .. alive runid=20260927-033204-1937 event_age=31s | wave=s3 total=407 valid=225 running=7 pending=175 launched=232 failed=0 gaveup=0 forkfail=0 free_kb=8029776 sims_boxwide=6 last_event_age=0s last_event_epoch=1790499978
[11:07:50] .. alive runid=20260927-033204-1937 event_age=92s | wave=s3 total=407 valid=225 running=7 pending=175 launched=232 failed=0 gaveup=0 forkfail=0 free_kb=8029776 sims_boxwide=6 last_event_age=0s last_event_epoch=1790499978
[11:08:50] .. alive runid=20260927-033204-1937 event_age=152s | wave=s3 total=407 valid=225 running=7 pending=175 launched=232 failed=0 gaveup=0 forkfail=0 free_kb=8029776 sims_boxwide=6 last_event_age=0s last_event_epoch=1790499978
[11:09:21] DONE clSN_east_half_264075293 rc=0 642s clSN east/half seed=264075293 rescued=3 dead=1 unreachable=0 never_detected=0 ff_deaths=0 terminal=107 completions=3 recycles=3 removals=3 returns=3 wall=640s [valid 226/407] src=2a36d14ad942 ext=6fc3e7041ad3 head=108a0adf55acdb5743cd70a347fc7810fbcefe24
[11:09:22] LAUNCH clSN_south_half_1415738618 running=7 free_kb=7858100 sims_boxwide=6 attempt=1 src=2a36d14ad942 ext=6fc3e7041ad3 head=108a0adf55acdb5743cd70a347fc7810fbcefe24
[11:09:50] .. alive runid=20260927-033204-1937 event_age=28s | wave=s3 total=407 valid=226 running=7 pending=174 launched=233 failed=0 gaveup=0 forkfail=0 free_kb=7858100 sims_boxwide=6 last_event_age=0s last_event_epoch=1790500162
[11:10:50] .. alive runid=20260927-033204-1937 event_age=88s | wave=s3 total=407 valid=226 running=7 pending=174 launched=233 failed=0 gaveup=0 forkfail=0 free_kb=7858100 sims_boxwide=6 last_event_age=0s last_event_epoch=1790500162
[11:11:26] DONE clSN_east_half_1341701987 rc=0 793s clSN east/half seed=1341701987 rescued=4 dead=0 unreachable=0 never_detected=0 ff_deaths=0 terminal=149 completions=4 recycles=4 removals=4 returns=4 wall=792s [valid 227/407] src=2a36d14ad942 ext=6fc3e7041ad3 head=108a0adf55acdb5743cd70a347fc7810fbcefe24
[11:11:27] LAUNCH clSN_south_half_1218089274 running=7 free_kb=7828312 sims_boxwide=6 attempt=1 src=2a36d14ad942 ext=6fc3e7041ad3 head=108a0adf55acdb5743cd70a347fc7810fbcefe24
[11:11:50] .. alive runid=20260927-033204-1937 event_age=23s | wave=s3 total=407 valid=227 running=7 pending=173 launched=234 failed=0 gaveup=0 forkfail=0 free_kb=7828312 sims_boxwide=6 last_event_age=0s last_event_epoch=1790500287
[11:12:50] .. alive runid=20260927-033204-1937 event_age=83s | wave=s3 total=407 valid=227 running=7 pending=173 launched=234 failed=0 gaveup=0 forkfail=0 free_kb=7828312 sims_boxwide=6 last_event_age=0s last_event_epoch=1790500287
[11:13:50] .. alive runid=20260927-033204-1937 event_age=143s | wave=s3 total=407 valid=227 running=7 pending=173 launched=234 failed=0 gaveup=0 forkfail=0 free_kb=7828312 sims_boxwide=6 last_event_age=0s last_event_epoch=1790500287
[11:14:49] DONE clSN_east_half_21892117 rc=0 937s clSN east/half seed=21892117 rescued=4 dead=0 unreachable=0 never_detected=0 ff_deaths=0 terminal=157 completions=4 recycles=4 removals=4 returns=4 wall=935s [valid 228/407] src=2a36d14ad942 ext=6fc3e7041ad3 head=108a0adf55acdb5743cd70a347fc7810fbcefe24
[11:14:50] .. alive runid=20260927-033204-1937 event_age=1s | wave=s3 total=407 valid=228 running=6 pending=173 launched=234 failed=0 gaveup=0 forkfail=0 free_kb=8913784 sims_boxwide=6 last_event_age=1s last_event_epoch=1790500489
[11:14:51] LAUNCH clSN_south_half_2084799913 running=7 free_kb=8913784 sims_boxwide=6 attempt=1 src=2a36d14ad942 ext=6fc3e7041ad3 head=108a0adf55acdb5743cd70a347fc7810fbcefe24
[11:15:03] DONE clSN_east_half_2091896221 rc=0 965s clSN east/half seed=2091896221 rescued=3 dead=0 unreachable=1 never_detected=1 ff_deaths=0 terminal=210 completions=3 recycles=3 removals=3 returns=3 wall=953s [valid 229/407] src=2a36d14ad942 ext=6fc3e7041ad3 head=108a0adf55acdb5743cd70a347fc7810fbcefe24
[11:15:05] LAUNCH clSN_south_half_1335705976 running=7 free_kb=8064880 sims_boxwide=6 attempt=1 src=2a36d14ad942 ext=6fc3e7041ad3 head=108a0adf55acdb5743cd70a347fc7810fbcefe24
[11:15:26] DONE clSN_south_half_481765503 rc=0 547s clSN south/half seed=481765503 rescued=4 dead=0 unreachable=0 never_detected=0 ff_deaths=0 terminal=102 completions=4 recycles=4 removals=4 returns=4 wall=545s [valid 230/407] src=2a36d14ad942 ext=6fc3e7041ad3 head=108a0adf55acdb5743cd70a347fc7810fbcefe24
[11:15:27] LAUNCH clSN_south_half_588279432 running=7 free_kb=8134116 sims_boxwide=6 attempt=1 src=2a36d14ad942 ext=6fc3e7041ad3 head=108a0adf55acdb5743cd70a347fc7810fbcefe24
[11:15:40] DONE clSN_south_half_1386492524 rc=0 630s clSN south/half seed=1386492524 rescued=3 dead=1 unreachable=0 never_detected=0 ff_deaths=0 terminal=128 completions=3 recycles=3 removals=3 returns=3 wall=628s [valid 231/407] src=2a36d14ad942 ext=6fc3e7041ad3 head=108a0adf55acdb5743cd70a347fc7810fbcefe24
[11:15:41] LAUNCH clSN_south_half_1887778617 running=7 free_kb=8131408 sims_boxwide=6 attempt=1 src=2a36d14ad942 ext=6fc3e7041ad3 head=108a0adf55acdb5743cd70a347fc7810fbcefe24
[11:15:50] .. alive runid=20260927-033204-1937 event_age=9s | wave=s3 total=407 valid=231 running=7 pending=169 launched=238 failed=0 gaveup=0 forkfail=0 free_kb=8131408 sims_boxwide=6 last_event_age=0s last_event_epoch=1790500541
[11:16:48] DONE clSN_south_half_1415738618 rc=0 445s clSN south/half seed=1415738618 rescued=4 dead=0 unreachable=0 never_detected=0 ff_deaths=0 terminal=118 completions=4 recycles=4 removals=4 returns=4 wall=444s [valid 232/407] src=2a36d14ad942 ext=6fc3e7041ad3 head=108a0adf55acdb5743cd70a347fc7810fbcefe24
[11:16:49] LAUNCH clSN_south_half_2128361047 running=7 free_kb=8128156 sims_boxwide=6 attempt=1 src=2a36d14ad942 ext=6fc3e7041ad3 head=108a0adf55acdb5743cd70a347fc7810fbcefe24
[11:16:50] .. alive runid=20260927-033204-1937 event_age=1s | wave=s3 total=407 valid=232 running=7 pending=168 launched=239 failed=0 gaveup=0 forkfail=0 free_kb=8128156 sims_boxwide=6 last_event_age=0s last_event_epoch=1790500609
[11:17:14] DONE clSN_east_half_1717500098 rc=0 1022s clSN east/half seed=1717500098 rescued=4 dead=0 unreachable=0 never_detected=0 ff_deaths=0 terminal=182 completions=4 recycles=4 removals=4 returns=4 wall=1020s [valid 233/407] src=2a36d14ad942 ext=6fc3e7041ad3 head=108a0adf55acdb5743cd70a347fc7810fbcefe24
[11:17:16] LAUNCH clSN_south_half_684332673 running=7 free_kb=8137608 sims_boxwide=6 attempt=1 src=2a36d14ad942 ext=6fc3e7041ad3 head=108a0adf55acdb5743cd70a347fc7810fbcefe24
[11:17:50] .. alive runid=20260927-033204-1937 event_age=35s | wave=s3 total=407 valid=233 running=7 pending=167 launched=240 failed=0 gaveup=0 forkfail=0 free_kb=8137608 sims_boxwide=6 last_event_age=1s last_event_epoch=1790500635
[11:18:51] .. alive runid=20260927-033204-1937 event_age=95s | wave=s3 total=407 valid=233 running=7 pending=167 launched=240 failed=0 gaveup=0 forkfail=0 free_kb=8137608 sims_boxwide=6 last_event_age=1s last_event_epoch=1790500635
[11:19:51] .. alive runid=20260927-033204-1937 event_age=156s | wave=s3 total=407 valid=233 running=7 pending=167 launched=240 failed=0 gaveup=0 forkfail=0 free_kb=8137608 sims_boxwide=6 last_event_age=1s last_event_epoch=1790500635
[11:20:40] DONE clSN_south_half_1218089274 rc=0 553s clSN south/half seed=1218089274 rescued=3 dead=0 unreachable=1 never_detected=0 ff_deaths=2 terminal=175 completions=3 recycles=3 removals=3 returns=3 wall=551s [valid 234/407] src=2a36d14ad942 ext=6fc3e7041ad3 head=108a0adf55acdb5743cd70a347fc7810fbcefe24
[11:20:42] LAUNCH clSN_south_half_1320165480 running=7 free_kb=8105796 sims_boxwide=6 attempt=1 src=2a36d14ad942 ext=6fc3e7041ad3 head=108a0adf55acdb5743cd70a347fc7810fbcefe24
[11:20:51] .. alive runid=20260927-033204-1937 event_age=9s | wave=s3 total=407 valid=234 running=7 pending=166 launched=241 failed=0 gaveup=0 forkfail=0 free_kb=8105796 sims_boxwide=6 last_event_age=0s last_event_epoch=1790500842
[11:21:51] .. alive runid=20260927-033204-1937 event_age=69s | wave=s3 total=407 valid=234 running=7 pending=166 launched=241 failed=0 gaveup=0 forkfail=0 free_kb=8105796 sims_boxwide=6 last_event_age=0s last_event_epoch=1790500842
[11:22:51] .. alive runid=20260927-033204-1937 event_age=129s | wave=s3 total=407 valid=234 running=7 pending=166 launched=241 failed=0 gaveup=0 forkfail=0 free_kb=8105796 sims_boxwide=6 last_event_age=0s last_event_epoch=1790500842
[11:22:56] DONE clSN_south_half_588279432 rc=0 448s clSN south/half seed=588279432 rescued=4 dead=0 unreachable=0 never_detected=0 ff_deaths=0 terminal=139 completions=4 recycles=4 removals=4 returns=4 wall=447s [valid 235/407] src=2a36d14ad942 ext=6fc3e7041ad3 head=108a0adf55acdb5743cd70a347fc7810fbcefe24
[11:22:57] LAUNCH clSN_south_half_751617716 running=7 free_kb=8070516 sims_boxwide=6 attempt=1 src=2a36d14ad942 ext=6fc3e7041ad3 head=108a0adf55acdb5743cd70a347fc7810fbcefe24
[11:23:10] DONE clSN_south_half_2084799913 rc=0 499s clSN south/half seed=2084799913 rescued=4 dead=0 unreachable=0 never_detected=0 ff_deaths=0 terminal=178 completions=4 recycles=4 removals=4 returns=4 wall=493s [valid 236/407] src=2a36d14ad942 ext=6fc3e7041ad3 head=108a0adf55acdb5743cd70a347fc7810fbcefe24
[11:23:11] DONE clSN_south_half_1335705976 rc=0 485s clSN south/half seed=1335705976 rescued=4 dead=0 unreachable=0 never_detected=0 ff_deaths=0 terminal=151 completions=4 recycles=4 removals=4 returns=4 wall=471s [valid 237/407] src=2a36d14ad942 ext=6fc3e7041ad3 head=108a0adf55acdb5743cd70a347fc7810fbcefe24
[11:23:12] LAUNCH clSN_south_half_422588777 running=6 free_kb=8960276 sims_boxwide=5 attempt=1 src=2a36d14ad942 ext=6fc3e7041ad3 head=108a0adf55acdb5743cd70a347fc7810fbcefe24
[11:23:26] LAUNCH clSN_east_def_6554204 running=7 free_kb=8094808 sims_boxwide=6 attempt=1 src=2a36d14ad942 ext=6fc3e7041ad3 head=108a0adf55acdb5743cd70a347fc7810fbcefe24
[11:23:51] .. alive runid=20260927-033204-1937 event_age=25s | wave=s3 total=407 valid=237 running=7 pending=163 launched=244 failed=0 gaveup=0 forkfail=0 free_kb=8094808 sims_boxwide=6 last_event_age=0s last_event_epoch=1790501006
[11:24:32] DONE clSN_south_half_2128361047 rc=0 462s clSN south/half seed=2128361047 rescued=4 dead=0 unreachable=0 never_detected=0 ff_deaths=0 terminal=148 completions=4 recycles=4 removals=4 returns=4 wall=460s [valid 238/407] src=2a36d14ad942 ext=6fc3e7041ad3 head=108a0adf55acdb5743cd70a347fc7810fbcefe24
[11:24:33] LAUNCH clSN_east_def_1325753362 running=7 free_kb=8040624 sims_boxwide=6 attempt=1 src=2a36d14ad942 ext=6fc3e7041ad3 head=108a0adf55acdb5743cd70a347fc7810fbcefe24
[11:24:51] .. alive runid=20260927-033204-1937 event_age=18s | wave=s3 total=407 valid=238 running=7 pending=162 launched=245 failed=0 gaveup=0 forkfail=0 free_kb=8040624 sims_boxwide=6 last_event_age=0s last_event_epoch=1790501073
[11:25:51] .. alive runid=20260927-033204-1937 event_age=78s | wave=s3 total=407 valid=238 running=7 pending=162 launched=245 failed=0 gaveup=0 forkfail=0 free_kb=8040624 sims_boxwide=6 last_event_age=0s last_event_epoch=1790501073
[11:26:01] DONE clSN_south_half_1887778617 rc=0 620s clSN south/half seed=1887778617 rescued=3 dead=0 unreachable=1 never_detected=0 ff_deaths=2 terminal=213 completions=3 recycles=3 removals=3 returns=3 wall=618s [valid 239/407] src=2a36d14ad942 ext=6fc3e7041ad3 head=108a0adf55acdb5743cd70a347fc7810fbcefe24
[11:26:03] LAUNCH clSN_east_def_265702576 running=7 free_kb=8122548 sims_boxwide=6 attempt=1 src=2a36d14ad942 ext=6fc3e7041ad3 head=108a0adf55acdb5743cd70a347fc7810fbcefe24
[11:26:51] .. alive runid=20260927-033204-1937 event_age=48s | wave=s3 total=407 valid=239 running=7 pending=161 launched=246 failed=0 gaveup=0 forkfail=0 free_kb=8122548 sims_boxwide=6 last_event_age=0s last_event_epoch=1790501163
[11:27:51] .. alive runid=20260927-033204-1937 event_age=108s | wave=s3 total=407 valid=239 running=7 pending=161 launched=246 failed=0 gaveup=0 forkfail=0 free_kb=8122548 sims_boxwide=6 last_event_age=0s last_event_epoch=1790501163
[11:28:29] DONE clSN_south_half_684332673 rc=0 673s clSN south/half seed=684332673 rescued=4 dead=0 unreachable=0 never_detected=0 ff_deaths=0 terminal=187 completions=4 recycles=4 removals=4 returns=4 wall=671s [valid 240/407] src=2a36d14ad942 ext=6fc3e7041ad3 head=108a0adf55acdb5743cd70a347fc7810fbcefe24
[11:28:30] LAUNCH clSN_east_def_1686457565 running=7 free_kb=8061020 sims_boxwide=6 attempt=1 src=2a36d14ad942 ext=6fc3e7041ad3 head=108a0adf55acdb5743cd70a347fc7810fbcefe24
[11:28:51] .. alive runid=20260927-033204-1937 event_age=21s | wave=s3 total=407 valid=240 running=7 pending=160 launched=247 failed=0 gaveup=0 forkfail=0 free_kb=8061020 sims_boxwide=6 last_event_age=0s last_event_epoch=1790501310
[11:29:52] .. alive runid=20260927-033204-1937 event_age=82s | wave=s3 total=407 valid=240 running=7 pending=160 launched=247 failed=0 gaveup=0 forkfail=0 free_kb=8061020 sims_boxwide=6 last_event_age=0s last_event_epoch=1790501310
[11:30:52] .. alive runid=20260927-033204-1937 event_age=142s | wave=s3 total=407 valid=240 running=7 pending=160 launched=247 failed=0 gaveup=0 forkfail=0 free_kb=8061020 sims_boxwide=6 last_event_age=0s last_event_epoch=1790501310
[11:31:05] DONE clSN_south_half_422588777 rc=0 472s clSN south/half seed=422588777 rescued=4 dead=0 unreachable=0 never_detected=0 ff_deaths=0 terminal=104 completions=4 recycles=4 removals=4 returns=4 wall=470s [valid 241/407] src=2a36d14ad942 ext=6fc3e7041ad3 head=108a0adf55acdb5743cd70a347fc7810fbcefe24
[11:31:06] LAUNCH clSN_east_half_111 running=7 free_kb=8011152 sims_boxwide=6 attempt=1 src=2a36d14ad942 ext=6fc3e7041ad3 head=108a0adf55acdb5743cd70a347fc7810fbcefe24
[11:31:52] .. alive runid=20260927-033204-1937 event_age=46s | wave=s3 total=407 valid=241 running=7 pending=159 launched=248 failed=0 gaveup=0 forkfail=0 free_kb=8011152 sims_boxwide=6 last_event_age=0s last_event_epoch=1790501466
[11:32:25] DONE clSN_east_def_6554204 rc=0 539s clSN east/default seed=6554204 rescued=4 dead=0 unreachable=0 never_detected=0 ff_deaths=0 terminal=202 completions=4 recycles=4 removals=4 returns=4 wall=537s [valid 242/407] src=2a36d14ad942 ext=6fc3e7041ad3 head=108a0adf55acdb5743cd70a347fc7810fbcefe24
[11:32:27] LAUNCH clSN_east_half_222 running=7 free_kb=8045924 sims_boxwide=6 attempt=1 src=2a36d14ad942 ext=6fc3e7041ad3 head=108a0adf55acdb5743cd70a347fc7810fbcefe24
[11:32:39] DONE clSN_south_half_751617716 rc=0 582s clSN south/half seed=751617716 rescued=2 dead=1 unreachable=1 never_detected=0 ff_deaths=2 terminal=179 completions=2 recycles=2 removals=2 returns=2 wall=569s [valid 243/407] src=2a36d14ad942 ext=6fc3e7041ad3 head=108a0adf55acdb5743cd70a347fc7810fbcefe24
[11:32:40] DONE clSN_east_def_1325753362 rc=0 486s clSN east/default seed=1325753362 rescued=4 dead=0 unreachable=0 never_detected=0 ff_deaths=0 terminal=106 completions=4 recycles=4 removals=4 returns=4 wall=478s [valid 244/407] src=2a36d14ad942 ext=6fc3e7041ad3 head=108a0adf55acdb5743cd70a347fc7810fbcefe24
[11:32:41] LAUNCH clSN_east_half_333 running=6 free_kb=8972016 sims_boxwide=5 attempt=1 src=2a36d14ad942 ext=6fc3e7041ad3 head=108a0adf55acdb5743cd70a347fc7810fbcefe24
[11:32:52] .. alive runid=20260927-033204-1937 event_age=11s | wave=s3 total=407 valid=244 running=6 pending=157 launched=250 failed=0 gaveup=0 forkfail=0 free_kb=8972016 sims_boxwide=5 last_event_age=0s last_event_epoch=1790501561
[11:32:54] DONE clSN_south_half_1320165480 rc=0 731s clSN south/half seed=1320165480 rescued=3 dead=1 unreachable=0 never_detected=0 ff_deaths=0 terminal=219 completions=3 recycles=3 removals=3 returns=3 wall=721s [valid 245/407] src=2a36d14ad942 ext=6fc3e7041ad3 head=108a0adf55acdb5743cd70a347fc7810fbcefe24
[11:32:55] LAUNCH clSN_east_half_444 running=6 free_kb=8990852 sims_boxwide=5 attempt=1 src=2a36d14ad942 ext=6fc3e7041ad3 head=108a0adf55acdb5743cd70a347fc7810fbcefe24
[11:33:09] LAUNCH clSN_east_half_606 running=7 free_kb=8121096 sims_boxwide=6 attempt=1 src=2a36d14ad942 ext=6fc3e7041ad3 head=108a0adf55acdb5743cd70a347fc7810fbcefe24
[11:33:52] .. alive runid=20260927-033204-1937 event_age=43s | wave=s3 total=407 valid=245 running=7 pending=155 launched=252 failed=0 gaveup=0 forkfail=0 free_kb=8121096 sims_boxwide=6 last_event_age=0s last_event_epoch=1790501589
[11:34:36] DONE clSN_east_def_265702576 rc=0 513s clSN east/default seed=265702576 rescued=3 dead=1 unreachable=0 never_detected=0 ff_deaths=0 terminal=157 completions=3 recycles=3 removals=3 returns=3 wall=511s [valid 246/407] src=2a36d14ad942 ext=6fc3e7041ad3 head=108a0adf55acdb5743cd70a347fc7810fbcefe24
[11:34:38] LAUNCH clSN_east_half_808 running=7 free_kb=7895392 sims_boxwide=6 attempt=1 src=2a36d14ad942 ext=6fc3e7041ad3 head=108a0adf55acdb5743cd70a347fc7810fbcefe24
[11:34:52] .. alive runid=20260927-033204-1937 event_age=14s | wave=s3 total=407 valid=246 running=7 pending=154 launched=253 failed=0 gaveup=0 forkfail=0 free_kb=7895392 sims_boxwide=6 last_event_age=0s last_event_epoch=1790501678
[11:35:52] .. alive runid=20260927-033204-1937 event_age=74s | wave=s3 total=407 valid=246 running=7 pending=154 launched=253 failed=0 gaveup=0 forkfail=0 free_kb=7895392 sims_boxwide=6 last_event_age=0s last_event_epoch=1790501678
[11:36:16] DONE clSN_east_def_1686457565 rc=0 465s clSN east/default seed=1686457565 rescued=4 dead=0 unreachable=0 never_detected=0 ff_deaths=0 terminal=214 completions=4 recycles=4 removals=4 returns=4 wall=463s [valid 247/407] src=2a36d14ad942 ext=6fc3e7041ad3 head=108a0adf55acdb5743cd70a347fc7810fbcefe24
[11:36:17] LAUNCH clSN_east_half_909 running=7 free_kb=7918812 sims_boxwide=6 attempt=1 src=2a36d14ad942 ext=6fc3e7041ad3 head=108a0adf55acdb5743cd70a347fc7810fbcefe24
[11:36:52] .. alive runid=20260927-033204-1937 event_age=35s | wave=s3 total=407 valid=247 running=7 pending=153 launched=254 failed=0 gaveup=0 forkfail=0 free_kb=7918812 sims_boxwide=6 last_event_age=0s last_event_epoch=1790501777
[11:37:52] .. alive runid=20260927-033204-1937 event_age=95s | wave=s3 total=407 valid=247 running=7 pending=153 launched=254 failed=0 gaveup=0 forkfail=0 free_kb=7918812 sims_boxwide=6 last_event_age=0s last_event_epoch=1790501777
[11:38:52] .. alive runid=20260927-033204-1937 event_age=155s | wave=s3 total=407 valid=247 running=7 pending=153 launched=254 failed=0 gaveup=0 forkfail=0 free_kb=7918812 sims_boxwide=6 last_event_age=0s last_event_epoch=1790501777
[11:39:52] .. alive runid=20260927-033204-1937 event_age=215s | wave=s3 total=407 valid=247 running=7 pending=153 launched=254 failed=0 gaveup=0 forkfail=0 free_kb=7918812 sims_boxwide=6 last_event_age=0s last_event_epoch=1790501777
[11:40:53] .. alive runid=20260927-033204-1937 event_age=276s | wave=s3 total=407 valid=247 running=7 pending=153 launched=254 failed=0 gaveup=0 forkfail=0 free_kb=7918812 sims_boxwide=6 last_event_age=0s last_event_epoch=1790501777
[11:41:11] DONE clSN_east_half_444 rc=0 496s clSN east/half seed=444 rescued=4 dead=0 unreachable=0 never_detected=0 ff_deaths=0 terminal=226 completions=4 recycles=4 removals=4 returns=4 wall=494s [valid 248/407] src=2a36d14ad942 ext=6fc3e7041ad3 head=108a0adf55acdb5743cd70a347fc7810fbcefe24
[11:41:13] LAUNCH clA_east_half_2070841104 running=7 free_kb=8100980 sims_boxwide=6 attempt=1 src=2a36d14ad942 ext=6fc3e7041ad3 head=108a0adf55acdb5743cd70a347fc7810fbcefe24
[11:41:53] .. alive runid=20260927-033204-1937 event_age=40s | wave=s3 total=407 valid=248 running=7 pending=152 launched=255 failed=0 gaveup=0 forkfail=0 free_kb=8100980 sims_boxwide=6 last_event_age=0s last_event_epoch=1790502073
[11:42:53] .. alive runid=20260927-033204-1937 event_age=100s | wave=s3 total=407 valid=248 running=7 pending=152 launched=255 failed=0 gaveup=0 forkfail=0 free_kb=8100980 sims_boxwide=6 last_event_age=0s last_event_epoch=1790502073
[11:43:53] .. alive runid=20260927-033204-1937 event_age=160s | wave=s3 total=407 valid=248 running=7 pending=152 launched=255 failed=0 gaveup=0 forkfail=0 free_kb=8100980 sims_boxwide=6 last_event_age=0s last_event_epoch=1790502073
[11:44:53] .. alive runid=20260927-033204-1937 event_age=220s | wave=s3 total=407 valid=248 running=7 pending=152 launched=255 failed=0 gaveup=0 forkfail=0 free_kb=8100980 sims_boxwide=6 last_event_age=0s last_event_epoch=1790502073
[11:45:28] DONE clSN_east_half_111 rc=0 861s clSN east/half seed=111 rescued=4 dead=0 unreachable=0 never_detected=0 ff_deaths=0 terminal=130 completions=4 recycles=4 removals=4 returns=4 wall=859s [valid 249/407] src=2a36d14ad942 ext=6fc3e7041ad3 head=108a0adf55acdb5743cd70a347fc7810fbcefe24
[11:45:29] LAUNCH clA_east_half_1147610331 running=7 free_kb=8080032 sims_boxwide=6 attempt=1 src=2a36d14ad942 ext=6fc3e7041ad3 head=108a0adf55acdb5743cd70a347fc7810fbcefe24
[11:45:53] .. alive runid=20260927-033204-1937 event_age=24s | wave=s3 total=407 valid=249 running=7 pending=151 launched=256 failed=0 gaveup=0 forkfail=0 free_kb=8080032 sims_boxwide=6 last_event_age=0s last_event_epoch=1790502329
[11:46:43] DONE clSN_east_half_333 rc=0 842s clSN east/half seed=333 rescued=3 dead=1 unreachable=0 never_detected=0 ff_deaths=0 terminal=104 completions=3 recycles=3 removals=3 returns=3 wall=840s [valid 250/407] src=2a36d14ad942 ext=6fc3e7041ad3 head=108a0adf55acdb5743cd70a347fc7810fbcefe24
[11:46:45] LAUNCH clA_east_half_1291443119 running=7 free_kb=8089304 sims_boxwide=6 attempt=1 src=2a36d14ad942 ext=6fc3e7041ad3 head=108a0adf55acdb5743cd70a347fc7810fbcefe24
[11:46:53] .. alive runid=20260927-033204-1937 event_age=8s | wave=s3 total=407 valid=250 running=7 pending=150 launched=257 failed=0 gaveup=0 forkfail=0 free_kb=8089304 sims_boxwide=6 last_event_age=0s last_event_epoch=1790502405
[11:47:53] .. alive runid=20260927-033204-1937 event_age=68s | wave=s3 total=407 valid=250 running=7 pending=150 launched=257 failed=0 gaveup=0 forkfail=0 free_kb=8089304 sims_boxwide=6 last_event_age=0s last_event_epoch=1790502405
[11:48:02] DONE clSN_east_half_808 rc=0 804s clSN east/half seed=808 rescued=3 dead=1 unreachable=0 never_detected=0 ff_deaths=0 terminal=103 completions=3 recycles=3 removals=3 returns=3 wall=803s [valid 251/407] src=2a36d14ad942 ext=6fc3e7041ad3 head=108a0adf55acdb5743cd70a347fc7810fbcefe24
[11:48:04] LAUNCH clA_east_half_1433805104 running=7 free_kb=8093012 sims_boxwide=6 attempt=1 src=2a36d14ad942 ext=6fc3e7041ad3 head=108a0adf55acdb5743cd70a347fc7810fbcefe24
[11:48:27] DONE clSN_east_half_222 rc=0 959s clSN east/half seed=222 rescued=4 dead=0 unreachable=0 never_detected=0 ff_deaths=0 terminal=130 completions=4 recycles=4 removals=4 returns=4 wall=958s [valid 252/407] src=2a36d14ad942 ext=6fc3e7041ad3 head=108a0adf55acdb5743cd70a347fc7810fbcefe24
[11:48:28] LAUNCH clA_east_half_1636723358 running=7 free_kb=8113628 sims_boxwide=6 attempt=1 src=2a36d14ad942 ext=6fc3e7041ad3 head=108a0adf55acdb5743cd70a347fc7810fbcefe24
[11:48:53] .. alive runid=20260927-033204-1937 event_age=25s | wave=s3 total=407 valid=252 running=7 pending=148 launched=259 failed=0 gaveup=0 forkfail=0 free_kb=8113628 sims_boxwide=6 last_event_age=0s last_event_epoch=1790502508
[11:49:53] .. alive runid=20260927-033204-1937 event_age=85s | wave=s3 total=407 valid=252 running=7 pending=148 launched=259 failed=0 gaveup=0 forkfail=0 free_kb=8113628 sims_boxwide=6 last_event_age=0s last_event_epoch=1790502508
[11:50:53] .. alive runid=20260927-033204-1937 event_age=145s | wave=s3 total=407 valid=252 running=7 pending=148 launched=259 failed=0 gaveup=0 forkfail=0 free_kb=8113628 sims_boxwide=6 last_event_age=0s last_event_epoch=1790502508
[11:51:34] DONE clSN_east_half_909 rc=0 917s clSN east/half seed=909 rescued=4 dead=0 unreachable=0 never_detected=0 ff_deaths=0 terminal=117 completions=4 recycles=4 removals=4 returns=4 wall=915s [valid 253/407] src=2a36d14ad942 ext=6fc3e7041ad3 head=108a0adf55acdb5743cd70a347fc7810fbcefe24
[11:51:36] LAUNCH clA_east_half_1252362635 running=7 free_kb=8013488 sims_boxwide=6 attempt=1 src=2a36d14ad942 ext=6fc3e7041ad3 head=108a0adf55acdb5743cd70a347fc7810fbcefe24
[11:51:54] .. alive runid=20260927-033204-1937 event_age=18s | wave=s3 total=407 valid=253 running=7 pending=147 launched=260 failed=0 gaveup=0 forkfail=0 free_kb=8013488 sims_boxwide=6 last_event_age=0s last_event_epoch=1790502696
[11:52:54] .. alive runid=20260927-033204-1937 event_age=78s | wave=s3 total=407 valid=253 running=7 pending=147 launched=260 failed=0 gaveup=0 forkfail=0 free_kb=8013488 sims_boxwide=6 last_event_age=0s last_event_epoch=1790502696
[11:53:54] .. alive runid=20260927-033204-1937 event_age=138s | wave=s3 total=407 valid=253 running=7 pending=147 launched=260 failed=0 gaveup=0 forkfail=0 free_kb=8013488 sims_boxwide=6 last_event_age=0s last_event_epoch=1790502696
[11:54:54] .. alive runid=20260927-033204-1937 event_age=198s | wave=s3 total=407 valid=253 running=7 pending=147 launched=260 failed=0 gaveup=0 forkfail=0 free_kb=8013488 sims_boxwide=6 last_event_age=0s last_event_epoch=1790502696
[11:55:54] .. alive runid=20260927-033204-1937 event_age=258s | wave=s3 total=407 valid=253 running=7 pending=147 launched=260 failed=0 gaveup=0 forkfail=0 free_kb=8013488 sims_boxwide=6 last_event_age=0s last_event_epoch=1790502696
[11:56:18] DONE clSN_east_half_606 rc=0 1388s clSN east/half seed=606 rescued=4 dead=0 unreachable=0 never_detected=0 ff_deaths=0 terminal=245 completions=4 recycles=4 removals=4 returns=4 wall=1387s [valid 254/407] src=2a36d14ad942 ext=6fc3e7041ad3 head=108a0adf55acdb5743cd70a347fc7810fbcefe24
[11:56:19] LAUNCH clA_east_half_294124329 running=7 free_kb=8061344 sims_boxwide=6 attempt=1 src=2a36d14ad942 ext=6fc3e7041ad3 head=108a0adf55acdb5743cd70a347fc7810fbcefe24
[11:56:46] DONE clA_east_half_2070841104 rc=0 932s clA east/half seed=2070841104 rescued=4 dead=0 unreachable=0 never_detected=0 ff_deaths=0 terminal=122 completions=4 recycles=4 removals=4 returns=4 wall=931s [valid 255/407] src=2a36d14ad942 ext=6fc3e7041ad3 head=108a0adf55acdb5743cd70a347fc7810fbcefe24
[11:56:47] LAUNCH clA_east_half_1723100518 running=7 free_kb=8064160 sims_boxwide=6 attempt=1 src=2a36d14ad942 ext=6fc3e7041ad3 head=108a0adf55acdb5743cd70a347fc7810fbcefe24
[11:56:54] .. alive runid=20260927-033204-1937 event_age=7s | wave=s3 total=407 valid=255 running=7 pending=145 launched=262 failed=0 gaveup=0 forkfail=0 free_kb=8064160 sims_boxwide=6 last_event_age=0s last_event_epoch=1790503007
[11:57:54] .. alive runid=20260927-033204-1937 event_age=67s | wave=s3 total=407 valid=255 running=7 pending=145 launched=262 failed=0 gaveup=0 forkfail=0 free_kb=8064160 sims_boxwide=6 last_event_age=0s last_event_epoch=1790503007
[11:58:50] DONE clA_east_half_1147610331 rc=0 800s clA east/half seed=1147610331 rescued=2 dead=2 unreachable=0 never_detected=0 ff_deaths=0 terminal=93 completions=2 recycles=2 removals=2 returns=2 wall=799s [valid 256/407] src=2a36d14ad942 ext=6fc3e7041ad3 head=108a0adf55acdb5743cd70a347fc7810fbcefe24
[11:58:51] LAUNCH clA_east_half_1532569567 running=7 free_kb=8139936 sims_boxwide=6 attempt=1 src=2a36d14ad942 ext=6fc3e7041ad3 head=108a0adf55acdb5743cd70a347fc7810fbcefe24
[11:58:54] .. alive runid=20260927-033204-1937 event_age=3s | wave=s3 total=407 valid=256 running=7 pending=144 launched=263 failed=0 gaveup=0 forkfail=0 free_kb=8139936 sims_boxwide=6 last_event_age=0s last_event_epoch=1790503131
[11:59:54] .. alive runid=20260927-033204-1937 event_age=63s | wave=s3 total=407 valid=256 running=7 pending=144 launched=263 failed=0 gaveup=0 forkfail=0 free_kb=8139936 sims_boxwide=6 last_event_age=0s last_event_epoch=1790503131
[12:00:54] .. alive runid=20260927-033204-1937 event_age=123s | wave=s3 total=407 valid=256 running=7 pending=144 launched=263 failed=0 gaveup=0 forkfail=0 free_kb=8139936 sims_boxwide=6 last_event_age=0s last_event_epoch=1790503131
[12:01:54] .. alive runid=20260927-033204-1937 event_age=183s | wave=s3 total=407 valid=256 running=7 pending=144 launched=263 failed=0 gaveup=0 forkfail=0 free_kb=8139936 sims_boxwide=6 last_event_age=0s last_event_epoch=1790503131
[12:02:10] DONE clA_east_half_1636723358 rc=0 821s clA east/half seed=1636723358 rescued=3 dead=1 unreachable=0 never_detected=0 ff_deaths=0 terminal=105 completions=3 recycles=3 removals=3 returns=3 wall=820s [valid 257/407] src=2a36d14ad942 ext=6fc3e7041ad3 head=108a0adf55acdb5743cd70a347fc7810fbcefe24
[12:02:12] LAUNCH clA_east_half_498896028 running=7 free_kb=8022508 sims_boxwide=6 attempt=1 src=2a36d14ad942 ext=6fc3e7041ad3 head=108a0adf55acdb5743cd70a347fc7810fbcefe24
[12:02:43] DONE clA_east_half_1291443119 rc=0 957s clA east/half seed=1291443119 rescued=4 dead=0 unreachable=0 never_detected=0 ff_deaths=0 terminal=126 completions=4 recycles=4 removals=4 returns=4 wall=956s [valid 258/407] src=2a36d14ad942 ext=6fc3e7041ad3 head=108a0adf55acdb5743cd70a347fc7810fbcefe24
[12:02:44] LAUNCH clA_east_half_1401495347 running=7 free_kb=8059944 sims_boxwide=6 attempt=1 src=2a36d14ad942 ext=6fc3e7041ad3 head=108a0adf55acdb5743cd70a347fc7810fbcefe24
[12:02:55] .. alive runid=20260927-033204-1937 event_age=11s | wave=s3 total=407 valid=258 running=7 pending=142 launched=265 failed=0 gaveup=0 forkfail=0 free_kb=8059944 sims_boxwide=6 last_event_age=0s last_event_epoch=1790503364
[12:03:55] .. alive runid=20260927-033204-1937 event_age=71s | wave=s3 total=407 valid=258 running=7 pending=142 launched=265 failed=0 gaveup=0 forkfail=0 free_kb=8059944 sims_boxwide=6 last_event_age=0s last_event_epoch=1790503364
[12:04:55] .. alive runid=20260927-033204-1937 event_age=131s | wave=s3 total=407 valid=258 running=7 pending=142 launched=265 failed=0 gaveup=0 forkfail=0 free_kb=8059944 sims_boxwide=6 last_event_age=0s last_event_epoch=1790503364
[12:05:55] .. alive runid=20260927-033204-1937 event_age=191s | wave=s3 total=407 valid=258 running=7 pending=142 launched=265 failed=0 gaveup=0 forkfail=0 free_kb=8059944 sims_boxwide=6 last_event_age=0s last_event_epoch=1790503364
[12:06:55] .. alive runid=20260927-033204-1937 event_age=251s | wave=s3 total=407 valid=258 running=7 pending=142 launched=265 failed=0 gaveup=0 forkfail=0 free_kb=8059944 sims_boxwide=6 last_event_age=0s last_event_epoch=1790503364
[12:07:55] .. alive runid=20260927-033204-1937 event_age=311s | wave=s3 total=407 valid=258 running=7 pending=142 launched=265 failed=0 gaveup=0 forkfail=0 free_kb=8059944 sims_boxwide=6 last_event_age=0s last_event_epoch=1790503364
[12:08:28] DONE clA_east_half_1433805104 rc=0 1223s clA east/half seed=1433805104 rescued=4 dead=0 unreachable=0 never_detected=0 ff_deaths=0 terminal=217 completions=4 recycles=4 removals=4 returns=4 wall=1222s [valid 259/407] src=2a36d14ad942 ext=6fc3e7041ad3 head=108a0adf55acdb5743cd70a347fc7810fbcefe24
[12:08:29] LAUNCH clA_east_half_133894353 running=7 free_kb=8050440 sims_boxwide=6 attempt=1 src=2a36d14ad942 ext=6fc3e7041ad3 head=108a0adf55acdb5743cd70a347fc7810fbcefe24
[12:08:55] .. alive runid=20260927-033204-1937 event_age=26s | wave=s3 total=407 valid=259 running=7 pending=141 launched=266 failed=0 gaveup=0 forkfail=0 free_kb=8050440 sims_boxwide=6 last_event_age=0s last_event_epoch=1790503709
[12:09:10] DONE clA_east_half_1723100518 rc=0 742s clA east/half seed=1723100518 rescued=2 dead=2 unreachable=0 never_detected=0 ff_deaths=0 terminal=96 completions=2 recycles=2 removals=2 returns=2 wall=741s [valid 260/407] src=2a36d14ad942 ext=6fc3e7041ad3 head=108a0adf55acdb5743cd70a347fc7810fbcefe24
[12:09:11] LAUNCH clA_east_half_1788979460 running=7 free_kb=8152720 sims_boxwide=6 attempt=1 src=2a36d14ad942 ext=6fc3e7041ad3 head=108a0adf55acdb5743cd70a347fc7810fbcefe24
[12:09:55] .. alive runid=20260927-033204-1937 event_age=44s | wave=s3 total=407 valid=260 running=7 pending=140 launched=267 failed=0 gaveup=0 forkfail=0 free_kb=8152720 sims_boxwide=6 last_event_age=0s last_event_epoch=1790503751
[12:10:17] DONE clA_east_half_294124329 rc=0 837s clA east/half seed=294124329 rescued=4 dead=0 unreachable=0 never_detected=0 ff_deaths=0 terminal=126 completions=4 recycles=4 removals=4 returns=4 wall=836s [valid 261/407] src=2a36d14ad942 ext=6fc3e7041ad3 head=108a0adf55acdb5743cd70a347fc7810fbcefe24
[12:10:18] LAUNCH clA_south_half_1486866530 running=7 free_kb=8007612 sims_boxwide=6 attempt=1 src=2a36d14ad942 ext=6fc3e7041ad3 head=108a0adf55acdb5743cd70a347fc7810fbcefe24
[12:10:55] .. alive runid=20260927-033204-1937 event_age=37s | wave=s3 total=407 valid=261 running=7 pending=139 launched=268 failed=0 gaveup=0 forkfail=0 free_kb=8007612 sims_boxwide=6 last_event_age=0s last_event_epoch=1790503818
[12:11:55] .. alive runid=20260927-033204-1937 event_age=97s | wave=s3 total=407 valid=261 running=7 pending=139 launched=268 failed=0 gaveup=0 forkfail=0 free_kb=8007612 sims_boxwide=6 last_event_age=0s last_event_epoch=1790503818
[12:12:55] .. alive runid=20260927-033204-1937 event_age=157s | wave=s3 total=407 valid=261 running=7 pending=139 launched=268 failed=0 gaveup=0 forkfail=0 free_kb=8007612 sims_boxwide=6 last_event_age=0s last_event_epoch=1790503818
[12:13:56] .. alive runid=20260927-033204-1937 event_age=218s | wave=s3 total=407 valid=261 running=7 pending=139 launched=268 failed=0 gaveup=0 forkfail=0 free_kb=8007612 sims_boxwide=6 last_event_age=0s last_event_epoch=1790503818
[12:14:56] .. alive runid=20260927-033204-1937 event_age=278s | wave=s3 total=407 valid=261 running=7 pending=139 launched=268 failed=0 gaveup=0 forkfail=0 free_kb=8007612 sims_boxwide=6 last_event_age=0s last_event_epoch=1790503818
[12:15:08] DONE clA_east_half_1252362635 rc=0 1412s clA east/half seed=1252362635 rescued=4 dead=0 unreachable=0 never_detected=0 ff_deaths=0 terminal=259 completions=4 recycles=4 removals=4 returns=4 wall=1410s [valid 262/407] src=2a36d14ad942 ext=6fc3e7041ad3 head=108a0adf55acdb5743cd70a347fc7810fbcefe24
[12:15:10] LAUNCH clA_south_half_536769381 running=7 free_kb=7975224 sims_boxwide=6 attempt=1 src=2a36d14ad942 ext=6fc3e7041ad3 head=108a0adf55acdb5743cd70a347fc7810fbcefe24
[12:15:56] .. alive runid=20260927-033204-1937 event_age=46s | wave=s3 total=407 valid=262 running=7 pending=138 launched=269 failed=0 gaveup=0 forkfail=0 free_kb=7975224 sims_boxwide=6 last_event_age=0s last_event_epoch=1790504110
[12:16:56] .. alive runid=20260927-033204-1937 event_age=106s | wave=s3 total=407 valid=262 running=7 pending=138 launched=269 failed=0 gaveup=0 forkfail=0 free_kb=7975224 sims_boxwide=6 last_event_age=0s last_event_epoch=1790504110
[12:17:16] DONE clA_east_half_1532569567 rc=0 1104s clA east/half seed=1532569567 rescued=3 dead=0 unreachable=1 never_detected=0 ff_deaths=1 terminal=215 completions=3 recycles=3 removals=3 returns=3 wall=1102s [valid 263/407] src=2a36d14ad942 ext=6fc3e7041ad3 head=108a0adf55acdb5743cd70a347fc7810fbcefe24
[12:17:17] LAUNCH clA_south_half_791464433 running=7 free_kb=8012600 sims_boxwide=6 attempt=1 src=2a36d14ad942 ext=6fc3e7041ad3 head=108a0adf55acdb5743cd70a347fc7810fbcefe24
[12:17:56] .. alive runid=20260927-033204-1937 event_age=39s | wave=s3 total=407 valid=263 running=7 pending=137 launched=270 failed=0 gaveup=0 forkfail=0 free_kb=8012600 sims_boxwide=6 last_event_age=0s last_event_epoch=1790504237
[12:18:56] .. alive runid=20260927-033204-1937 event_age=99s | wave=s3 total=407 valid=263 running=7 pending=137 launched=270 failed=0 gaveup=0 forkfail=0 free_kb=8012600 sims_boxwide=6 last_event_age=0s last_event_epoch=1790504237
[12:19:05] DONE clA_east_half_1401495347 rc=0 980s clA east/half seed=1401495347 rescued=3 dead=1 unreachable=0 never_detected=0 ff_deaths=0 terminal=180 completions=3 recycles=3 removals=3 returns=3 wall=979s [valid 264/407] src=2a36d14ad942 ext=6fc3e7041ad3 head=108a0adf55acdb5743cd70a347fc7810fbcefe24
[12:19:06] LAUNCH clA_south_half_706299103 running=7 free_kb=8095536 sims_boxwide=6 attempt=1 src=2a36d14ad942 ext=6fc3e7041ad3 head=108a0adf55acdb5743cd70a347fc7810fbcefe24
[12:19:56] .. alive runid=20260927-033204-1937 event_age=50s | wave=s3 total=407 valid=264 running=7 pending=136 launched=271 failed=0 gaveup=0 forkfail=0 free_kb=8095536 sims_boxwide=6 last_event_age=0s last_event_epoch=1790504346
[12:20:56] .. alive runid=20260927-033204-1937 event_age=110s | wave=s3 total=407 valid=264 running=7 pending=136 launched=271 failed=0 gaveup=0 forkfail=0 free_kb=8095536 sims_boxwide=6 last_event_age=0s last_event_epoch=1790504346
[12:21:01] DONE clA_south_half_1486866530 rc=0 642s clA south/half seed=1486866530 rescued=3 dead=0 unreachable=1 never_detected=1 ff_deaths=0 terminal=210 completions=3 recycles=3 removals=3 returns=3 wall=640s [valid 265/407] src=2a36d14ad942 ext=6fc3e7041ad3 head=108a0adf55acdb5743cd70a347fc7810fbcefe24
[12:21:02] LAUNCH clA_south_half_1364948962 running=7 free_kb=8059704 sims_boxwide=6 attempt=1 src=2a36d14ad942 ext=6fc3e7041ad3 head=108a0adf55acdb5743cd70a347fc7810fbcefe24
[12:21:56] .. alive runid=20260927-033204-1937 event_age=54s | wave=s3 total=407 valid=265 running=7 pending=135 launched=272 failed=0 gaveup=0 forkfail=0 free_kb=8059704 sims_boxwide=6 last_event_age=0s last_event_epoch=1790504462
[12:22:56] .. alive runid=20260927-033204-1937 event_age=114s | wave=s3 total=407 valid=265 running=7 pending=135 launched=272 failed=0 gaveup=0 forkfail=0 free_kb=8059704 sims_boxwide=6 last_event_age=0s last_event_epoch=1790504462
[12:23:19] DONE clA_south_half_536769381 rc=0 488s clA south/half seed=536769381 rescued=4 dead=0 unreachable=0 never_detected=0 ff_deaths=0 terminal=118 completions=4 recycles=4 removals=4 returns=4 wall=487s [valid 266/407] src=2a36d14ad942 ext=6fc3e7041ad3 head=108a0adf55acdb5743cd70a347fc7810fbcefe24
[12:23:20] LAUNCH clA_south_half_937041678 running=7 free_kb=8026620 sims_boxwide=6 attempt=1 src=2a36d14ad942 ext=6fc3e7041ad3 head=108a0adf55acdb5743cd70a347fc7810fbcefe24
[12:23:56] .. alive runid=20260927-033204-1937 event_age=36s | wave=s3 total=407 valid=266 running=7 pending=134 launched=273 failed=0 gaveup=0 forkfail=0 free_kb=8026620 sims_boxwide=6 last_event_age=0s last_event_epoch=1790504600
[12:24:32] DONE clA_east_half_498896028 rc=0 1341s clA east/half seed=498896028 rescued=4 dead=0 unreachable=0 never_detected=0 ff_deaths=0 terminal=254 completions=4 recycles=4 removals=4 returns=4 wall=1338s [valid 267/407] src=2a36d14ad942 ext=6fc3e7041ad3 head=108a0adf55acdb5743cd70a347fc7810fbcefe24
[12:24:34] LAUNCH clA_south_half_954838929 running=7 free_kb=7972660 sims_boxwide=6 attempt=1 src=2a36d14ad942 ext=6fc3e7041ad3 head=108a0adf55acdb5743cd70a347fc7810fbcefe24
[12:24:57] .. alive runid=20260927-033204-1937 event_age=23s | wave=s3 total=407 valid=267 running=7 pending=133 launched=274 failed=0 gaveup=0 forkfail=0 free_kb=7972660 sims_boxwide=6 last_event_age=0s last_event_epoch=1790504674
[12:25:57] .. alive runid=20260927-033204-1937 event_age=83s | wave=s3 total=407 valid=267 running=7 pending=133 launched=274 failed=0 gaveup=0 forkfail=0 free_kb=7972660 sims_boxwide=6 last_event_age=0s last_event_epoch=1790504674
[12:26:38] DONE clA_south_half_1364948962 rc=0 335s clA south/half seed=1364948962 rescued=4 dead=0 unreachable=0 never_detected=0 ff_deaths=0 terminal=140 completions=4 recycles=4 removals=4 returns=4 wall=334s [valid 268/407] src=2a36d14ad942 ext=6fc3e7041ad3 head=108a0adf55acdb5743cd70a347fc7810fbcefe24
[12:26:39] LAUNCH clA_south_half_139925734 running=7 free_kb=7994944 sims_boxwide=6 attempt=1 src=2a36d14ad942 ext=6fc3e7041ad3 head=108a0adf55acdb5743cd70a347fc7810fbcefe24
[12:26:57] .. alive runid=20260927-033204-1937 event_age=18s | wave=s3 total=407 valid=268 running=7 pending=132 launched=275 failed=0 gaveup=0 forkfail=0 free_kb=7994944 sims_boxwide=6 last_event_age=0s last_event_epoch=1790504799
[12:27:51] DONE clA_south_half_706299103 rc=0 525s clA south/half seed=706299103 rescued=3 dead=0 unreachable=1 never_detected=0 ff_deaths=2 terminal=185 completions=3 recycles=3 removals=3 returns=3 wall=523s [valid 269/407] src=2a36d14ad942 ext=6fc3e7041ad3 head=108a0adf55acdb5743cd70a347fc7810fbcefe24
[12:27:53] LAUNCH clA_south_half_1624156665 running=7 free_kb=7980476 sims_boxwide=6 attempt=1 src=2a36d14ad942 ext=6fc3e7041ad3 head=108a0adf55acdb5743cd70a347fc7810fbcefe24
[12:27:57] .. alive runid=20260927-033204-1937 event_age=4s | wave=s3 total=407 valid=269 running=7 pending=131 launched=276 failed=0 gaveup=0 forkfail=0 free_kb=7980476 sims_boxwide=6 last_event_age=0s last_event_epoch=1790504873
[12:28:06] DONE clA_east_half_1788979460 rc=0 1134s clA east/half seed=1788979460 rescued=4 dead=0 unreachable=0 never_detected=0 ff_deaths=0 terminal=209 completions=4 recycles=4 removals=4 returns=4 wall=1120s [valid 270/407] src=2a36d14ad942 ext=6fc3e7041ad3 head=108a0adf55acdb5743cd70a347fc7810fbcefe24
[12:28:06] DONE clA_south_half_791464433 rc=0 649s clA south/half seed=791464433 rescued=4 dead=0 unreachable=0 never_detected=0 ff_deaths=0 terminal=180 completions=4 recycles=4 removals=4 returns=4 wall=637s [valid 271/407] src=2a36d14ad942 ext=6fc3e7041ad3 head=108a0adf55acdb5743cd70a347fc7810fbcefe24
[12:28:08] LAUNCH clA_south_half_285242396 running=6 free_kb=8853920 sims_boxwide=5 attempt=1 src=2a36d14ad942 ext=6fc3e7041ad3 head=108a0adf55acdb5743cd70a347fc7810fbcefe24
[12:28:21] LAUNCH clA_south_half_573250932 running=7 free_kb=8023252 sims_boxwide=6 attempt=1 src=2a36d14ad942 ext=6fc3e7041ad3 head=108a0adf55acdb5743cd70a347fc7810fbcefe24
[12:28:57] .. alive runid=20260927-033204-1937 event_age=36s | wave=s3 total=407 valid=271 running=7 pending=129 launched=278 failed=0 gaveup=0 forkfail=0 free_kb=8023252 sims_boxwide=6 last_event_age=0s last_event_epoch=1790504901
[12:29:57] .. alive runid=20260927-033204-1937 event_age=96s | wave=s3 total=407 valid=271 running=7 pending=129 launched=278 failed=0 gaveup=0 forkfail=0 free_kb=8023252 sims_boxwide=6 last_event_age=0s last_event_epoch=1790504901
[12:30:57] .. alive runid=20260927-033204-1937 event_age=156s | wave=s3 total=407 valid=271 running=7 pending=129 launched=278 failed=0 gaveup=0 forkfail=0 free_kb=8023252 sims_boxwide=6 last_event_age=0s last_event_epoch=1790504901
[12:31:57] .. alive runid=20260927-033204-1937 event_age=216s | wave=s3 total=407 valid=271 running=7 pending=129 launched=278 failed=0 gaveup=0 forkfail=0 free_kb=8023252 sims_boxwide=6 last_event_age=0s last_event_epoch=1790504901
[12:32:56] DONE clA_south_half_937041678 rc=0 576s clA south/half seed=937041678 rescued=4 dead=0 unreachable=0 never_detected=0 ff_deaths=1 terminal=203 completions=4 recycles=4 removals=4 returns=4 wall=574s [valid 272/407] src=2a36d14ad942 ext=6fc3e7041ad3 head=108a0adf55acdb5743cd70a347fc7810fbcefe24
[12:32:57] .. alive runid=20260927-033204-1937 event_age=1s | wave=s3 total=407 valid=272 running=6 pending=129 launched=278 failed=0 gaveup=0 forkfail=0 free_kb=7933816 sims_boxwide=6 last_event_age=1s last_event_epoch=1790505176
[12:32:58] LAUNCH clA_south_half_1048395951 running=7 free_kb=7933816 sims_boxwide=6 attempt=1 src=2a36d14ad942 ext=6fc3e7041ad3 head=108a0adf55acdb5743cd70a347fc7810fbcefe24
[12:33:57] .. alive runid=20260927-033204-1937 event_age=59s | wave=s3 total=407 valid=272 running=7 pending=128 launched=279 failed=0 gaveup=0 forkfail=0 free_kb=7933816 sims_boxwide=6 last_event_age=0s last_event_epoch=1790505178
[12:33:59] DONE clA_south_half_954838929 rc=0 565s clA south/half seed=954838929 rescued=3 dead=1 unreachable=0 never_detected=0 ff_deaths=0 terminal=106 completions=3 recycles=3 removals=3 returns=3 wall=563s [valid 273/407] src=2a36d14ad942 ext=6fc3e7041ad3 head=108a0adf55acdb5743cd70a347fc7810fbcefe24
[12:34:01] LAUNCH clA_south_half_903347495 running=7 free_kb=7896108 sims_boxwide=6 attempt=1 src=2a36d14ad942 ext=6fc3e7041ad3 head=108a0adf55acdb5743cd70a347fc7810fbcefe24
[12:34:57] .. alive runid=20260927-033204-1937 event_age=56s | wave=s3 total=407 valid=273 running=7 pending=127 launched=280 failed=0 gaveup=0 forkfail=0 free_kb=7896108 sims_boxwide=6 last_event_age=0s last_event_epoch=1790505241
[12:35:40] DONE clA_south_half_1624156665 rc=0 466s clA south/half seed=1624156665 rescued=4 dead=0 unreachable=0 never_detected=0 ff_deaths=0 terminal=192 completions=4 recycles=4 removals=4 returns=4 wall=464s [valid 274/407] src=2a36d14ad942 ext=6fc3e7041ad3 head=108a0adf55acdb5743cd70a347fc7810fbcefe24
[12:35:41] LAUNCH clA_east_def_2038269169 running=7 free_kb=7901416 sims_boxwide=6 attempt=1 src=2a36d14ad942 ext=6fc3e7041ad3 head=108a0adf55acdb5743cd70a347fc7810fbcefe24
[12:35:57] .. alive runid=20260927-033204-1937 event_age=16s | wave=s3 total=407 valid=274 running=7 pending=126 launched=281 failed=0 gaveup=0 forkfail=0 free_kb=7901416 sims_boxwide=6 last_event_age=0s last_event_epoch=1790505341
[12:36:09] DONE clA_south_half_285242396 rc=0 480s clA south/half seed=285242396 rescued=4 dead=0 unreachable=0 never_detected=0 ff_deaths=0 terminal=177 completions=4 recycles=4 removals=4 returns=4 wall=479s [valid 275/407] src=2a36d14ad942 ext=6fc3e7041ad3 head=108a0adf55acdb5743cd70a347fc7810fbcefe24
[12:36:10] LAUNCH clA_east_def_1749069988 running=7 free_kb=7991868 sims_boxwide=6 attempt=1 src=2a36d14ad942 ext=6fc3e7041ad3 head=108a0adf55acdb5743cd70a347fc7810fbcefe24
[12:36:23] DONE clA_south_half_573250932 rc=0 481s clA south/half seed=573250932 rescued=3 dead=0 unreachable=1 never_detected=1 ff_deaths=0 terminal=210 completions=3 recycles=3 removals=3 returns=3 wall=477s [valid 276/407] src=2a36d14ad942 ext=6fc3e7041ad3 head=108a0adf55acdb5743cd70a347fc7810fbcefe24
[12:36:24] LAUNCH clA_east_def_1420331661 running=7 free_kb=7722772 sims_boxwide=6 attempt=1 src=2a36d14ad942 ext=6fc3e7041ad3 head=108a0adf55acdb5743cd70a347fc7810fbcefe24
[12:36:37] DONE clA_south_half_139925734 rc=0 597s clA south/half seed=139925734 rescued=3 dead=1 unreachable=0 never_detected=0 ff_deaths=0 terminal=101 completions=3 recycles=3 removals=3 returns=3 wall=585s [valid 277/407] src=2a36d14ad942 ext=6fc3e7041ad3 head=108a0adf55acdb5743cd70a347fc7810fbcefe24
[12:36:38] LAUNCH clA_east_def_1480870832 running=7 free_kb=7891864 sims_boxwide=6 attempt=1 src=2a36d14ad942 ext=6fc3e7041ad3 head=108a0adf55acdb5743cd70a347fc7810fbcefe24
[12:36:58] .. alive runid=20260927-033204-1937 event_age=20s | wave=s3 total=407 valid=277 running=7 pending=123 launched=284 failed=0 gaveup=0 forkfail=0 free_kb=7891864 sims_boxwide=6 last_event_age=0s last_event_epoch=1790505398
[12:37:09] DONE clA_east_half_133894353 rc=0 1719s clA east/half seed=133894353 rescued=4 dead=0 unreachable=0 never_detected=0 ff_deaths=1 terminal=327 completions=4 recycles=4 removals=4 returns=4 wall=1717s [valid 278/407] src=2a36d14ad942 ext=6fc3e7041ad3 head=108a0adf55acdb5743cd70a347fc7810fbcefe24
[12:37:10] LAUNCH clA_east_half_1506055301 running=7 free_kb=8011624 sims_boxwide=6 attempt=1 src=2a36d14ad942 ext=6fc3e7041ad3 head=108a0adf55acdb5743cd70a347fc7810fbcefe24
[12:37:58] .. alive runid=20260927-033204-1937 event_age=48s | wave=s3 total=407 valid=278 running=7 pending=122 launched=285 failed=0 gaveup=0 forkfail=0 free_kb=8011624 sims_boxwide=6 last_event_age=0s last_event_epoch=1790505430
[12:38:58] .. alive runid=20260927-033204-1937 event_age=108s | wave=s3 total=407 valid=278 running=7 pending=122 launched=285 failed=0 gaveup=0 forkfail=0 free_kb=8011624 sims_boxwide=6 last_event_age=0s last_event_epoch=1790505430
[12:39:58] .. alive runid=20260927-033204-1937 event_age=168s | wave=s3 total=407 valid=278 running=7 pending=122 launched=285 failed=0 gaveup=0 forkfail=0 free_kb=8011624 sims_boxwide=6 last_event_age=0s last_event_epoch=1790505430
[12:40:58] .. alive runid=20260927-033204-1937 event_age=228s | wave=s3 total=407 valid=278 running=7 pending=122 launched=285 failed=0 gaveup=0 forkfail=0 free_kb=8011624 sims_boxwide=6 last_event_age=0s last_event_epoch=1790505430
[12:41:58] .. alive runid=20260927-033204-1937 event_age=288s | wave=s3 total=407 valid=278 running=7 pending=122 launched=285 failed=0 gaveup=0 forkfail=0 free_kb=8011624 sims_boxwide=6 last_event_age=0s last_event_epoch=1790505430
[12:42:51] DONE clA_south_half_1048395951 rc=0 592s clA south/half seed=1048395951 rescued=4 dead=0 unreachable=0 never_detected=0 ff_deaths=0 terminal=152 completions=4 recycles=4 removals=4 returns=4 wall=591s [valid 279/407] src=2a36d14ad942 ext=6fc3e7041ad3 head=108a0adf55acdb5743cd70a347fc7810fbcefe24
[12:42:52] LAUNCH clA_east_half_1999015533 running=7 free_kb=8023212 sims_boxwide=6 attempt=1 src=2a36d14ad942 ext=6fc3e7041ad3 head=108a0adf55acdb5743cd70a347fc7810fbcefe24
[12:42:58] .. alive runid=20260927-033204-1937 event_age=6s | wave=s3 total=407 valid=279 running=7 pending=121 launched=286 failed=0 gaveup=0 forkfail=0 free_kb=8023212 sims_boxwide=6 last_event_age=0s last_event_epoch=1790505772
[12:43:58] .. alive runid=20260927-033204-1937 event_age=66s | wave=s3 total=407 valid=279 running=7 pending=121 launched=286 failed=0 gaveup=0 forkfail=0 free_kb=8023212 sims_boxwide=6 last_event_age=0s last_event_epoch=1790505772
[12:44:49] DONE clA_east_def_2038269169 rc=0 548s clA east/default seed=2038269169 rescued=3 dead=0 unreachable=1 never_detected=1 ff_deaths=0 terminal=254 completions=3 recycles=3 removals=3 returns=3 wall=546s [valid 280/407] src=2a36d14ad942 ext=6fc3e7041ad3 head=108a0adf55acdb5743cd70a347fc7810fbcefe24
[12:44:51] LAUNCH clA_east_half_2095654154 running=7 free_kb=7914944 sims_boxwide=6 attempt=1 src=2a36d14ad942 ext=6fc3e7041ad3 head=108a0adf55acdb5743cd70a347fc7810fbcefe24
[12:44:58] .. alive runid=20260927-033204-1937 event_age=7s | wave=s3 total=407 valid=280 running=7 pending=120 launched=287 failed=0 gaveup=0 forkfail=0 free_kb=7914944 sims_boxwide=6 last_event_age=0s last_event_epoch=1790505891
[12:45:03] DONE clA_east_def_1749069988 rc=0 533s clA east/default seed=1749069988 rescued=3 dead=1 unreachable=0 never_detected=0 ff_deaths=0 terminal=194 completions=3 recycles=3 removals=3 returns=3 wall=526s [valid 281/407] src=2a36d14ad942 ext=6fc3e7041ad3 head=108a0adf55acdb5743cd70a347fc7810fbcefe24
[12:45:05] LAUNCH clA_east_half_824498143 running=7 free_kb=7953724 sims_boxwide=6 attempt=1 src=2a36d14ad942 ext=6fc3e7041ad3 head=108a0adf55acdb5743cd70a347fc7810fbcefe24
[12:45:57] DONE clA_east_def_1480870832 rc=0 559s clA east/default seed=1480870832 rescued=2 dead=1 unreachable=1 never_detected=1 ff_deaths=0 terminal=210 completions=2 recycles=2 removals=2 returns=2 wall=557s [valid 282/407] src=2a36d14ad942 ext=6fc3e7041ad3 head=108a0adf55acdb5743cd70a347fc7810fbcefe24
[12:45:58] .. alive runid=20260927-033204-1937 event_age=1s | wave=s3 total=407 valid=282 running=6 pending=119 launched=288 failed=0 gaveup=0 forkfail=0 free_kb=8018764 sims_boxwide=6 last_event_age=1s last_event_epoch=1790505957
[12:45:59] LAUNCH clA_east_half_1468405687 running=7 free_kb=8018764 sims_boxwide=6 attempt=1 src=2a36d14ad942 ext=6fc3e7041ad3 head=108a0adf55acdb5743cd70a347fc7810fbcefe24
[12:46:14] DONE clA_south_half_903347495 rc=0 732s clA south/half seed=903347495 rescued=4 dead=0 unreachable=0 never_detected=0 ff_deaths=0 terminal=276 completions=4 recycles=4 removals=4 returns=4 wall=731s [valid 283/407] src=2a36d14ad942 ext=6fc3e7041ad3 head=108a0adf55acdb5743cd70a347fc7810fbcefe24
[12:46:15] LAUNCH clA_east_half_731846821 running=7 free_kb=8057852 sims_boxwide=6 attempt=1 src=2a36d14ad942 ext=6fc3e7041ad3 head=108a0adf55acdb5743cd70a347fc7810fbcefe24
[12:46:28] DONE clA_east_def_1420331661 rc=0 603s clA east/default seed=1420331661 rescued=3 dead=1 unreachable=0 never_detected=0 ff_deaths=0 terminal=171 completions=3 recycles=3 removals=3 returns=3 wall=598s [valid 284/407] src=2a36d14ad942 ext=6fc3e7041ad3 head=108a0adf55acdb5743cd70a347fc7810fbcefe24
[12:46:29] LAUNCH clA_east_half_1301429659 running=7 free_kb=8094996 sims_boxwide=6 attempt=1 src=2a36d14ad942 ext=6fc3e7041ad3 head=108a0adf55acdb5743cd70a347fc7810fbcefe24
[12:46:59] .. alive runid=20260927-033204-1937 event_age=30s | wave=s3 total=407 valid=284 running=7 pending=116 launched=291 failed=0 gaveup=0 forkfail=0 free_kb=8094996 sims_boxwide=6 last_event_age=0s last_event_epoch=1790505989
[12:47:59] .. alive runid=20260927-033204-1937 event_age=90s | wave=s3 total=407 valid=284 running=7 pending=116 launched=291 failed=0 gaveup=0 forkfail=0 free_kb=8094996 sims_boxwide=6 last_event_age=0s last_event_epoch=1790505989
[12:48:59] .. alive runid=20260927-033204-1937 event_age=150s | wave=s3 total=407 valid=284 running=7 pending=116 launched=291 failed=0 gaveup=0 forkfail=0 free_kb=8094996 sims_boxwide=6 last_event_age=0s last_event_epoch=1790505989
[12:49:59] .. alive runid=20260927-033204-1937 event_age=210s | wave=s3 total=407 valid=284 running=7 pending=116 launched=291 failed=0 gaveup=0 forkfail=0 free_kb=8094996 sims_boxwide=6 last_event_age=0s last_event_epoch=1790505989
[12:50:12] DONE clA_east_half_1506055301 rc=0 781s clA east/half seed=1506055301 rescued=3 dead=1 unreachable=0 never_detected=0 ff_deaths=0 terminal=96 completions=3 recycles=3 removals=3 returns=3 wall=779s [valid 285/407] src=2a36d14ad942 ext=6fc3e7041ad3 head=108a0adf55acdb5743cd70a347fc7810fbcefe24
[12:50:13] LAUNCH clA_east_half_53258209 running=7 free_kb=7976216 sims_boxwide=6 attempt=1 src=2a36d14ad942 ext=6fc3e7041ad3 head=108a0adf55acdb5743cd70a347fc7810fbcefe24
[12:50:59] .. alive runid=20260927-033204-1937 event_age=46s | wave=s3 total=407 valid=285 running=7 pending=115 launched=292 failed=0 gaveup=0 forkfail=0 free_kb=7976216 sims_boxwide=6 last_event_age=0s last_event_epoch=1790506213
[12:51:59] .. alive runid=20260927-033204-1937 event_age=106s | wave=s3 total=407 valid=285 running=7 pending=115 launched=292 failed=0 gaveup=0 forkfail=0 free_kb=7976216 sims_boxwide=6 last_event_age=0s last_event_epoch=1790506213
[12:52:59] .. alive runid=20260927-033204-1937 event_age=166s | wave=s3 total=407 valid=285 running=7 pending=115 launched=292 failed=0 gaveup=0 forkfail=0 free_kb=7976216 sims_boxwide=6 last_event_age=0s last_event_epoch=1790506213
[12:53:59] .. alive runid=20260927-033204-1937 event_age=226s | wave=s3 total=407 valid=285 running=7 pending=115 launched=292 failed=0 gaveup=0 forkfail=0 free_kb=7976216 sims_boxwide=6 last_event_age=0s last_event_epoch=1790506213
[12:54:59] .. alive runid=20260927-033204-1937 event_age=286s | wave=s3 total=407 valid=285 running=7 pending=115 launched=292 failed=0 gaveup=0 forkfail=0 free_kb=7976216 sims_boxwide=6 last_event_age=0s last_event_epoch=1790506213
[12:55:59] .. alive runid=20260927-033204-1937 event_age=346s | wave=s3 total=407 valid=285 running=7 pending=115 launched=292 failed=0 gaveup=0 forkfail=0 free_kb=7976216 sims_boxwide=6 last_event_age=0s last_event_epoch=1790506213
[12:56:59] .. alive runid=20260927-033204-1937 event_age=406s | wave=s3 total=407 valid=285 running=7 pending=115 launched=292 failed=0 gaveup=0 forkfail=0 free_kb=7976216 sims_boxwide=6 last_event_age=0s last_event_epoch=1790506213
[12:57:59] .. alive runid=20260927-033204-1937 event_age=466s | wave=s3 total=407 valid=285 running=7 pending=115 launched=292 failed=0 gaveup=0 forkfail=0 free_kb=7976216 sims_boxwide=6 last_event_age=0s last_event_epoch=1790506213
[12:58:50] DONE clA_east_half_1468405687 rc=0 770s clA east/half seed=1468405687 rescued=3 dead=1 unreachable=0 never_detected=0 ff_deaths=0 terminal=108 completions=3 recycles=3 removals=3 returns=3 wall=769s [valid 286/407] src=2a36d14ad942 ext=6fc3e7041ad3 head=108a0adf55acdb5743cd70a347fc7810fbcefe24
[12:58:51] LAUNCH clA_east_half_1341701987 running=7 free_kb=10626104 sims_boxwide=6 attempt=1 src=2a36d14ad942 ext=6fc3e7041ad3 head=108a0adf55acdb5743cd70a347fc7810fbcefe24
[12:59:00] .. alive runid=20260927-033204-1937 event_age=9s | wave=s3 total=407 valid=286 running=7 pending=114 launched=293 failed=0 gaveup=0 forkfail=0 free_kb=10626104 sims_boxwide=6 last_event_age=0s last_event_epoch=1790506731
[12:59:04] DONE clA_east_half_1301429659 rc=0 755s clA east/half seed=1301429659 rescued=3 dead=1 unreachable=0 never_detected=0 ff_deaths=0 terminal=91 completions=3 recycles=3 removals=3 returns=3 wall=746s [valid 287/407] src=2a36d14ad942 ext=6fc3e7041ad3 head=108a0adf55acdb5743cd70a347fc7810fbcefe24
[12:59:05] LAUNCH clA_east_half_264075293 running=7 free_kb=11572940 sims_boxwide=5 attempt=1 src=2a36d14ad942 ext=6fc3e7041ad3 head=108a0adf55acdb5743cd70a347fc7810fbcefe24
[12:59:18] DONE clA_east_half_1999015533 rc=0 985s clA east/half seed=1999015533 rescued=4 dead=0 unreachable=0 never_detected=0 ff_deaths=0 terminal=156 completions=4 recycles=4 removals=4 returns=4 wall=970s [valid 288/407] src=2a36d14ad942 ext=6fc3e7041ad3 head=108a0adf55acdb5743cd70a347fc7810fbcefe24
[12:59:19] LAUNCH clA_east_half_2091896221 running=7 free_kb=10669968 sims_boxwide=6 attempt=1 src=2a36d14ad942 ext=6fc3e7041ad3 head=108a0adf55acdb5743cd70a347fc7810fbcefe24
[13:00:00] .. alive runid=20260927-033204-1937 event_age=41s | wave=s3 total=407 valid=288 running=7 pending=112 launched=295 failed=0 gaveup=0 forkfail=0 free_kb=10669968 sims_boxwide=6 last_event_age=0s last_event_epoch=1790506759
[13:00:06] DONE clA_east_half_824498143 rc=0 901s clA east/half seed=824498143 rescued=3 dead=1 unreachable=0 never_detected=0 ff_deaths=0 terminal=105 completions=3 recycles=3 removals=3 returns=3 wall=899s [valid 289/407] src=2a36d14ad942 ext=6fc3e7041ad3 head=108a0adf55acdb5743cd70a347fc7810fbcefe24
[13:00:08] LAUNCH clA_east_half_21892117 running=7 free_kb=10545436 sims_boxwide=6 attempt=1 src=2a36d14ad942 ext=6fc3e7041ad3 head=108a0adf55acdb5743cd70a347fc7810fbcefe24
[13:01:00] .. alive runid=20260927-033204-1937 event_age=52s | wave=s3 total=407 valid=289 running=7 pending=111 launched=296 failed=0 gaveup=0 forkfail=0 free_kb=10545436 sims_boxwide=6 last_event_age=0s last_event_epoch=1790506808
[13:01:21] DONE clA_east_half_731846821 rc=0 906s clA east/half seed=731846821 rescued=3 dead=1 unreachable=0 never_detected=0 ff_deaths=0 terminal=133 completions=3 recycles=3 removals=3 returns=3 wall=904s [valid 290/407] src=2a36d14ad942 ext=6fc3e7041ad3 head=108a0adf55acdb5743cd70a347fc7810fbcefe24
[13:01:23] LAUNCH clA_east_half_1717500098 running=7 free_kb=10639924 sims_boxwide=6 attempt=1 src=2a36d14ad942 ext=6fc3e7041ad3 head=108a0adf55acdb5743cd70a347fc7810fbcefe24
[13:02:00] .. alive runid=20260927-033204-1937 event_age=37s | wave=s3 total=407 valid=290 running=7 pending=110 launched=297 failed=0 gaveup=0 forkfail=0 free_kb=10639924 sims_boxwide=6 last_event_age=0s last_event_epoch=1790506883
[13:03:00] .. alive runid=20260927-033204-1937 event_age=97s | wave=s3 total=407 valid=290 running=7 pending=110 launched=297 failed=0 gaveup=0 forkfail=0 free_kb=10639924 sims_boxwide=6 last_event_age=0s last_event_epoch=1790506883
[13:04:00] .. alive runid=20260927-033204-1937 event_age=157s | wave=s3 total=407 valid=290 running=7 pending=110 launched=297 failed=0 gaveup=0 forkfail=0 free_kb=10639924 sims_boxwide=6 last_event_age=0s last_event_epoch=1790506883
[13:05:00] .. alive runid=20260927-033204-1937 event_age=217s | wave=s3 total=407 valid=290 running=7 pending=110 launched=297 failed=0 gaveup=0 forkfail=0 free_kb=10639924 sims_boxwide=6 last_event_age=0s last_event_epoch=1790506883
[13:06:00] .. alive runid=20260927-033204-1937 event_age=277s | wave=s3 total=407 valid=290 running=7 pending=110 launched=297 failed=0 gaveup=0 forkfail=0 free_kb=10639924 sims_boxwide=6 last_event_age=0s last_event_epoch=1790506883
[13:06:33] DONE clA_east_half_53258209 rc=0 980s clA east/half seed=53258209 rescued=4 dead=0 unreachable=0 never_detected=0 ff_deaths=1 terminal=162 completions=4 recycles=4 removals=4 returns=4 wall=978s [valid 291/407] src=2a36d14ad942 ext=6fc3e7041ad3 head=108a0adf55acdb5743cd70a347fc7810fbcefe24
[13:06:35] LAUNCH clA_south_half_1386492524 running=7 free_kb=11500628 sims_boxwide=6 attempt=1 src=2a36d14ad942 ext=6fc3e7041ad3 head=108a0adf55acdb5743cd70a347fc7810fbcefe24
[13:07:00] .. alive runid=20260927-033204-1937 event_age=25s | wave=s3 total=407 valid=291 running=7 pending=109 launched=298 failed=0 gaveup=0 forkfail=0 free_kb=11500628 sims_boxwide=6 last_event_age=0s last_event_epoch=1790507195
[13:08:00] .. alive runid=20260927-033204-1937 event_age=85s | wave=s3 total=407 valid=291 running=7 pending=109 launched=298 failed=0 gaveup=0 forkfail=0 free_kb=11500628 sims_boxwide=6 last_event_age=0s last_event_epoch=1790507195
[13:09:00] .. alive runid=20260927-033204-1937 event_age=145s | wave=s3 total=407 valid=291 running=7 pending=109 launched=298 failed=0 gaveup=0 forkfail=0 free_kb=11500628 sims_boxwide=6 last_event_age=0s last_event_epoch=1790507195
[13:09:01] DONE clA_east_half_2095654154 rc=0 1449s clA east/half seed=2095654154 rescued=4 dead=0 unreachable=0 never_detected=0 ff_deaths=1 terminal=273 completions=4 recycles=4 removals=4 returns=4 wall=1448s [valid 292/407] src=2a36d14ad942 ext=6fc3e7041ad3 head=108a0adf55acdb5743cd70a347fc7810fbcefe24
[13:09:02] LAUNCH clA_south_half_481765503 running=7 free_kb=11537432 sims_boxwide=6 attempt=1 src=2a36d14ad942 ext=6fc3e7041ad3 head=108a0adf55acdb5743cd70a347fc7810fbcefe24
[13:10:01] .. alive runid=20260927-033204-1937 event_age=59s | wave=s3 total=407 valid=292 running=7 pending=108 launched=299 failed=0 gaveup=0 forkfail=0 free_kb=11537432 sims_boxwide=6 last_event_age=0s last_event_epoch=1790507342
[13:11:01] .. alive runid=20260927-033204-1937 event_age=119s | wave=s3 total=407 valid=292 running=7 pending=108 launched=299 failed=0 gaveup=0 forkfail=0 free_kb=11537432 sims_boxwide=6 last_event_age=0s last_event_epoch=1790507342
[13:11:22] DONE clA_east_half_264075293 rc=0 736s clA east/half seed=264075293 rescued=3 dead=1 unreachable=0 never_detected=0 ff_deaths=0 terminal=107 completions=3 recycles=3 removals=3 returns=3 wall=734s [valid 293/407] src=2a36d14ad942 ext=6fc3e7041ad3 head=108a0adf55acdb5743cd70a347fc7810fbcefe24
[13:11:23] LAUNCH clA_south_half_1415738618 running=7 free_kb=11502180 sims_boxwide=6 attempt=1 src=2a36d14ad942 ext=6fc3e7041ad3 head=108a0adf55acdb5743cd70a347fc7810fbcefe24
[13:11:36] DONE clA_east_half_1341701987 rc=0 764s clA east/half seed=1341701987 rescued=4 dead=0 unreachable=0 never_detected=0 ff_deaths=0 terminal=128 completions=4 recycles=4 removals=4 returns=4 wall=759s [valid 294/407] src=2a36d14ad942 ext=6fc3e7041ad3 head=108a0adf55acdb5743cd70a347fc7810fbcefe24
[13:11:37] LAUNCH clA_south_half_1218089274 running=7 free_kb=11541300 sims_boxwide=6 attempt=1 src=2a36d14ad942 ext=6fc3e7041ad3 head=108a0adf55acdb5743cd70a347fc7810fbcefe24
[13:12:01] .. alive runid=20260927-033204-1937 event_age=24s | wave=s3 total=407 valid=294 running=7 pending=106 launched=301 failed=0 gaveup=0 forkfail=0 free_kb=11541300 sims_boxwide=6 last_event_age=0s last_event_epoch=1790507497
[13:13:01] .. alive runid=20260927-033204-1937 event_age=84s | wave=s3 total=407 valid=294 running=7 pending=106 launched=301 failed=0 gaveup=0 forkfail=0 free_kb=11541300 sims_boxwide=6 last_event_age=0s last_event_epoch=1790507497
[13:14:01] .. alive runid=20260927-033204-1937 event_age=144s | wave=s3 total=407 valid=294 running=7 pending=106 launched=301 failed=0 gaveup=0 forkfail=0 free_kb=11541300 sims_boxwide=6 last_event_age=0s last_event_epoch=1790507497
[13:14:17] DONE clA_east_half_21892117 rc=0 848s clA east/half seed=21892117 rescued=4 dead=0 unreachable=0 never_detected=0 ff_deaths=0 terminal=123 completions=4 recycles=4 removals=4 returns=4 wall=847s [valid 295/407] src=2a36d14ad942 ext=6fc3e7041ad3 head=108a0adf55acdb5743cd70a347fc7810fbcefe24
[13:14:18] LAUNCH clA_south_half_2084799913 running=7 free_kb=12397252 sims_boxwide=6 attempt=1 src=2a36d14ad942 ext=6fc3e7041ad3 head=108a0adf55acdb5743cd70a347fc7810fbcefe24
[13:15:01] .. alive runid=20260927-033204-1937 event_age=43s | wave=s3 total=407 valid=295 running=7 pending=105 launched=302 failed=0 gaveup=0 forkfail=0 free_kb=12397252 sims_boxwide=6 last_event_age=0s last_event_epoch=1790507658
[13:15:28] DONE clA_east_half_1717500098 rc=0 844s clA east/half seed=1717500098 rescued=4 dead=0 unreachable=0 never_detected=0 ff_deaths=0 terminal=125 completions=4 recycles=4 removals=4 returns=4 wall=843s [valid 296/407] src=2a36d14ad942 ext=6fc3e7041ad3 head=108a0adf55acdb5743cd70a347fc7810fbcefe24
[13:15:29] LAUNCH clA_south_half_1335705976 running=7 free_kb=12413468 sims_boxwide=6 attempt=1 src=2a36d14ad942 ext=6fc3e7041ad3 head=108a0adf55acdb5743cd70a347fc7810fbcefe24
[13:16:01] DONE clA_east_half_2091896221 rc=0 1001s clA east/half seed=2091896221 rescued=3 dead=0 unreachable=1 never_detected=1 ff_deaths=0 terminal=210 completions=3 recycles=3 removals=3 returns=3 wall=999s [valid 297/407] src=2a36d14ad942 ext=6fc3e7041ad3 head=108a0adf55acdb5743cd70a347fc7810fbcefe24
[13:16:01] .. alive runid=20260927-033204-1937 event_age=1s | wave=s3 total=407 valid=297 running=6 pending=104 launched=303 failed=0 gaveup=0 forkfail=0 free_kb=12413468 sims_boxwide=6 last_event_age=1s last_event_epoch=1790507760
[13:16:02] DONE clA_south_half_1386492524 rc=0 566s clA south/half seed=1386492524 rescued=3 dead=1 unreachable=0 never_detected=0 ff_deaths=0 terminal=128 completions=3 recycles=3 removals=3 returns=3 wall=564s [valid 298/407] src=2a36d14ad942 ext=6fc3e7041ad3 head=108a0adf55acdb5743cd70a347fc7810fbcefe24
[13:16:03] LAUNCH clA_south_half_588279432 running=6 free_kb=13321916 sims_boxwide=5 attempt=1 src=2a36d14ad942 ext=6fc3e7041ad3 head=108a0adf55acdb5743cd70a347fc7810fbcefe24
[13:16:16] LAUNCH clA_south_half_1887778617 running=7 free_kb=12472944 sims_boxwide=6 attempt=1 src=2a36d14ad942 ext=6fc3e7041ad3 head=108a0adf55acdb5743cd70a347fc7810fbcefe24
[13:17:01] .. alive runid=20260927-033204-1937 event_age=45s | wave=s3 total=407 valid=298 running=7 pending=102 launched=305 failed=0 gaveup=0 forkfail=0 free_kb=12472944 sims_boxwide=6 last_event_age=0s last_event_epoch=1790507776
[13:17:10] DONE clA_south_half_481765503 rc=0 487s clA south/half seed=481765503 rescued=4 dead=0 unreachable=0 never_detected=0 ff_deaths=0 terminal=102 completions=4 recycles=4 removals=4 returns=4 wall=485s [valid 299/407] src=2a36d14ad942 ext=6fc3e7041ad3 head=108a0adf55acdb5743cd70a347fc7810fbcefe24
[13:17:11] LAUNCH clA_south_half_2128361047 running=7 free_kb=12446948 sims_boxwide=6 attempt=1 src=2a36d14ad942 ext=6fc3e7041ad3 head=108a0adf55acdb5743cd70a347fc7810fbcefe24
[13:17:55] DONE clA_south_half_1415738618 rc=0 391s clA south/half seed=1415738618 rescued=4 dead=0 unreachable=0 never_detected=0 ff_deaths=0 terminal=118 completions=4 recycles=4 removals=4 returns=4 wall=390s [valid 300/407] src=2a36d14ad942 ext=6fc3e7041ad3 head=108a0adf55acdb5743cd70a347fc7810fbcefe24
[13:17:56] LAUNCH clA_south_half_684332673 running=7 free_kb=12461936 sims_boxwide=6 attempt=1 src=2a36d14ad942 ext=6fc3e7041ad3 head=108a0adf55acdb5743cd70a347fc7810fbcefe24
[13:18:01] .. alive runid=20260927-033204-1937 event_age=5s | wave=s3 total=407 valid=300 running=7 pending=100 launched=307 failed=0 gaveup=0 forkfail=0 free_kb=12461936 sims_boxwide=6 last_event_age=0s last_event_epoch=1790507876
[13:19:01] .. alive runid=20260927-033204-1937 event_age=65s | wave=s3 total=407 valid=300 running=7 pending=100 launched=307 failed=0 gaveup=0 forkfail=0 free_kb=12461936 sims_boxwide=6 last_event_age=0s last_event_epoch=1790507876
[13:19:41] DONE clA_south_half_1218089274 rc=0 484s clA south/half seed=1218089274 rescued=3 dead=0 unreachable=1 never_detected=0 ff_deaths=2 terminal=175 completions=3 recycles=3 removals=3 returns=3 wall=482s [valid 301/407] src=2a36d14ad942 ext=6fc3e7041ad3 head=108a0adf55acdb5743cd70a347fc7810fbcefe24
[13:19:43] LAUNCH clA_south_half_1320165480 running=7 free_kb=12359868 sims_boxwide=6 attempt=1 src=2a36d14ad942 ext=6fc3e7041ad3 head=108a0adf55acdb5743cd70a347fc7810fbcefe24
[13:20:01] .. alive runid=20260927-033204-1937 event_age=18s | wave=s3 total=407 valid=301 running=7 pending=99 launched=308 failed=0 gaveup=0 forkfail=0 free_kb=12359868 sims_boxwide=6 last_event_age=0s last_event_epoch=1790507983
[13:21:01] .. alive runid=20260927-033204-1937 event_age=78s | wave=s3 total=407 valid=301 running=7 pending=99 launched=308 failed=0 gaveup=0 forkfail=0 free_kb=12359868 sims_boxwide=6 last_event_age=0s last_event_epoch=1790507983
[13:21:25] DONE clA_south_half_2084799913 rc=0 426s clA south/half seed=2084799913 rescued=4 dead=0 unreachable=0 never_detected=0 ff_deaths=0 terminal=178 completions=4 recycles=4 removals=4 returns=4 wall=424s [valid 302/407] src=2a36d14ad942 ext=6fc3e7041ad3 head=108a0adf55acdb5743cd70a347fc7810fbcefe24
[13:21:26] LAUNCH clA_south_half_751617716 running=7 free_kb=12369780 sims_boxwide=6 attempt=1 src=2a36d14ad942 ext=6fc3e7041ad3 head=108a0adf55acdb5743cd70a347fc7810fbcefe24
[13:22:02] .. alive runid=20260927-033204-1937 event_age=36s | wave=s3 total=407 valid=302 running=7 pending=98 launched=309 failed=0 gaveup=0 forkfail=0 free_kb=12369780 sims_boxwide=6 last_event_age=0s last_event_epoch=1790508086
[13:22:22] DONE clA_south_half_1335705976 rc=0 412s clA south/half seed=1335705976 rescued=4 dead=0 unreachable=0 never_detected=0 ff_deaths=0 terminal=151 completions=4 recycles=4 removals=4 returns=4 wall=411s [valid 303/407] src=2a36d14ad942 ext=6fc3e7041ad3 head=108a0adf55acdb5743cd70a347fc7810fbcefe24
[13:22:23] LAUNCH clA_south_half_422588777 running=7 free_kb=12407108 sims_boxwide=6 attempt=1 src=2a36d14ad942 ext=6fc3e7041ad3 head=108a0adf55acdb5743cd70a347fc7810fbcefe24
[13:22:42] DONE clA_south_half_588279432 rc=0 398s clA south/half seed=588279432 rescued=4 dead=0 unreachable=0 never_detected=0 ff_deaths=0 terminal=139 completions=4 recycles=4 removals=4 returns=4 wall=397s [valid 304/407] src=2a36d14ad942 ext=6fc3e7041ad3 head=108a0adf55acdb5743cd70a347fc7810fbcefe24
[13:22:43] LAUNCH clA_east_def_6554204 running=7 free_kb=12369028 sims_boxwide=6 attempt=1 src=2a36d14ad942 ext=6fc3e7041ad3 head=108a0adf55acdb5743cd70a347fc7810fbcefe24
[13:23:02] .. alive runid=20260927-033204-1937 event_age=19s | wave=s3 total=407 valid=304 running=7 pending=96 launched=311 failed=0 gaveup=0 forkfail=0 free_kb=12369028 sims_boxwide=6 last_event_age=0s last_event_epoch=1790508163
[13:24:02] .. alive runid=20260927-033204-1937 event_age=79s | wave=s3 total=407 valid=304 running=7 pending=96 launched=311 failed=0 gaveup=0 forkfail=0 free_kb=12369028 sims_boxwide=6 last_event_age=0s last_event_epoch=1790508163
[13:24:02] DONE clA_south_half_2128361047 rc=0 411s clA south/half seed=2128361047 rescued=4 dead=0 unreachable=0 never_detected=0 ff_deaths=0 terminal=148 completions=4 recycles=4 removals=4 returns=4 wall=409s [valid 305/407] src=2a36d14ad942 ext=6fc3e7041ad3 head=108a0adf55acdb5743cd70a347fc7810fbcefe24
[13:24:04] LAUNCH clA_east_def_1325753362 running=7 free_kb=12434728 sims_boxwide=6 attempt=1 src=2a36d14ad942 ext=6fc3e7041ad3 head=108a0adf55acdb5743cd70a347fc7810fbcefe24
[13:25:02] .. alive runid=20260927-033204-1937 event_age=59s | wave=s3 total=407 valid=305 running=7 pending=95 launched=312 failed=0 gaveup=0 forkfail=0 free_kb=12434728 sims_boxwide=6 last_event_age=1s last_event_epoch=1790508243
[13:25:10] DONE clA_south_half_1887778617 rc=0 534s clA south/half seed=1887778617 rescued=3 dead=0 unreachable=1 never_detected=0 ff_deaths=2 terminal=213 completions=3 recycles=3 removals=3 returns=3 wall=532s [valid 306/407] src=2a36d14ad942 ext=6fc3e7041ad3 head=108a0adf55acdb5743cd70a347fc7810fbcefe24
[13:25:11] LAUNCH clA_east_def_265702576 running=7 free_kb=12359492 sims_boxwide=6 attempt=1 src=2a36d14ad942 ext=6fc3e7041ad3 head=108a0adf55acdb5743cd70a347fc7810fbcefe24
[13:26:02] .. alive runid=20260927-033204-1937 event_age=51s | wave=s3 total=407 valid=306 running=7 pending=94 launched=313 failed=0 gaveup=0 forkfail=0 free_kb=12359492 sims_boxwide=6 last_event_age=0s last_event_epoch=1790508311
[13:27:02] .. alive runid=20260927-033204-1937 event_age=111s | wave=s3 total=407 valid=306 running=7 pending=94 launched=313 failed=0 gaveup=0 forkfail=0 free_kb=12359492 sims_boxwide=6 last_event_age=0s last_event_epoch=1790508311
[13:27:51] DONE clA_south_half_684332673 rc=0 595s clA south/half seed=684332673 rescued=4 dead=0 unreachable=0 never_detected=0 ff_deaths=0 terminal=187 completions=4 recycles=4 removals=4 returns=4 wall=593s [valid 307/407] src=2a36d14ad942 ext=6fc3e7041ad3 head=108a0adf55acdb5743cd70a347fc7810fbcefe24
[13:27:53] LAUNCH clA_east_def_1686457565 running=7 free_kb=12383604 sims_boxwide=6 attempt=1 src=2a36d14ad942 ext=6fc3e7041ad3 head=108a0adf55acdb5743cd70a347fc7810fbcefe24
[13:28:02] .. alive runid=20260927-033204-1937 event_age=9s | wave=s3 total=407 valid=307 running=7 pending=93 launched=314 failed=0 gaveup=0 forkfail=0 free_kb=12383604 sims_boxwide=6 last_event_age=0s last_event_epoch=1790508473
[13:29:02] .. alive runid=20260927-033204-1937 event_age=69s | wave=s3 total=407 valid=307 running=7 pending=93 launched=314 failed=0 gaveup=0 forkfail=0 free_kb=12383604 sims_boxwide=6 last_event_age=0s last_event_epoch=1790508473
[13:29:21] DONE clA_south_half_422588777 rc=0 417s clA south/half seed=422588777 rescued=4 dead=0 unreachable=0 never_detected=0 ff_deaths=0 terminal=104 completions=4 recycles=4 removals=4 returns=4 wall=415s [valid 308/407] src=2a36d14ad942 ext=6fc3e7041ad3 head=108a0adf55acdb5743cd70a347fc7810fbcefe24
[13:29:22] LAUNCH clA_east_half_111 running=7 free_kb=12266512 sims_boxwide=6 attempt=1 src=2a36d14ad942 ext=6fc3e7041ad3 head=108a0adf55acdb5743cd70a347fc7810fbcefe24
[13:29:45] DONE clA_south_half_751617716 rc=0 499s clA south/half seed=751617716 rescued=2 dead=1 unreachable=1 never_detected=0 ff_deaths=2 terminal=179 completions=2 recycles=2 removals=2 returns=2 wall=497s [valid 309/407] src=2a36d14ad942 ext=6fc3e7041ad3 head=108a0adf55acdb5743cd70a347fc7810fbcefe24
[13:29:47] LAUNCH clA_east_half_222 running=7 free_kb=12313100 sims_boxwide=6 attempt=1 src=2a36d14ad942 ext=6fc3e7041ad3 head=108a0adf55acdb5743cd70a347fc7810fbcefe24
[13:29:59] DONE clA_east_def_6554204 rc=0 436s clA east/default seed=6554204 rescued=4 dead=0 unreachable=0 never_detected=0 ff_deaths=0 terminal=189 completions=4 recycles=4 removals=4 returns=4 wall=430s [valid 310/407] src=2a36d14ad942 ext=6fc3e7041ad3 head=108a0adf55acdb5743cd70a347fc7810fbcefe24
[13:30:01] LAUNCH clA_east_half_333 running=7 free_kb=12328704 sims_boxwide=6 attempt=1 src=2a36d14ad942 ext=6fc3e7041ad3 head=108a0adf55acdb5743cd70a347fc7810fbcefe24
[13:30:02] .. alive runid=20260927-033204-1937 event_age=1s | wave=s3 total=407 valid=310 running=7 pending=90 launched=317 failed=0 gaveup=0 forkfail=0 free_kb=12328704 sims_boxwide=6 last_event_age=0s last_event_epoch=1790508601
[13:30:23] DONE clA_south_half_1320165480 rc=0 639s clA south/half seed=1320165480 rescued=3 dead=1 unreachable=0 never_detected=0 ff_deaths=0 terminal=219 completions=3 recycles=3 removals=3 returns=3 wall=638s [valid 311/407] src=2a36d14ad942 ext=6fc3e7041ad3 head=108a0adf55acdb5743cd70a347fc7810fbcefe24
[13:30:24] LAUNCH clA_east_half_444 running=7 free_kb=12338484 sims_boxwide=6 attempt=1 src=2a36d14ad942 ext=6fc3e7041ad3 head=108a0adf55acdb5743cd70a347fc7810fbcefe24
[13:31:01] DONE clA_east_def_1325753362 rc=0 417s clA east/default seed=1325753362 rescued=4 dead=0 unreachable=0 never_detected=0 ff_deaths=0 terminal=106 completions=4 recycles=4 removals=4 returns=4 wall=415s [valid 312/407] src=2a36d14ad942 ext=6fc3e7041ad3 head=108a0adf55acdb5743cd70a347fc7810fbcefe24
[13:31:02] LAUNCH clA_east_half_606 running=7 free_kb=12417500 sims_boxwide=6 attempt=1 src=2a36d14ad942 ext=6fc3e7041ad3 head=108a0adf55acdb5743cd70a347fc7810fbcefe24
[13:31:02] .. alive runid=20260927-033204-1937 event_age=2s | wave=s3 total=407 valid=312 running=6 pending=89 launched=318 failed=0 gaveup=0 forkfail=0 free_kb=12417500 sims_boxwide=6 last_event_age=2s last_event_epoch=1790508660
[13:32:02] .. alive runid=20260927-033204-1937 event_age=60s | wave=s3 total=407 valid=312 running=7 pending=88 launched=319 failed=0 gaveup=0 forkfail=0 free_kb=12417500 sims_boxwide=6 last_event_age=0s last_event_epoch=1790508662
[13:32:38] DONE clA_east_def_265702576 rc=0 446s clA east/default seed=265702576 rescued=3 dead=1 unreachable=0 never_detected=0 ff_deaths=0 terminal=157 completions=3 recycles=3 removals=3 returns=3 wall=444s [valid 313/407] src=2a36d14ad942 ext=6fc3e7041ad3 head=108a0adf55acdb5743cd70a347fc7810fbcefe24
[13:32:39] LAUNCH clA_east_half_808 running=7 free_kb=12405352 sims_boxwide=6 attempt=1 src=2a36d14ad942 ext=6fc3e7041ad3 head=108a0adf55acdb5743cd70a347fc7810fbcefe24
[13:33:02] .. alive runid=20260927-033204-1937 event_age=23s | wave=s3 total=407 valid=313 running=7 pending=87 launched=320 failed=0 gaveup=0 forkfail=0 free_kb=12405352 sims_boxwide=6 last_event_age=0s last_event_epoch=1790508759
[13:34:03] .. alive runid=20260927-033204-1937 event_age=84s | wave=s3 total=407 valid=313 running=7 pending=87 launched=320 failed=0 gaveup=0 forkfail=0 free_kb=12405352 sims_boxwide=6 last_event_age=0s last_event_epoch=1790508759
[13:35:03] .. alive runid=20260927-033204-1937 event_age=144s | wave=s3 total=407 valid=313 running=7 pending=87 launched=320 failed=0 gaveup=0 forkfail=0 free_kb=12405352 sims_boxwide=6 last_event_age=0s last_event_epoch=1790508759
[13:35:07] DONE clA_east_def_1686457565 rc=0 433s clA east/default seed=1686457565 rescued=4 dead=0 unreachable=0 never_detected=0 ff_deaths=0 terminal=205 completions=4 recycles=4 removals=4 returns=4 wall=432s [valid 314/407] src=2a36d14ad942 ext=6fc3e7041ad3 head=108a0adf55acdb5743cd70a347fc7810fbcefe24
[13:35:08] LAUNCH clA_east_half_909 running=7 free_kb=12314876 sims_boxwide=6 attempt=1 src=2a36d14ad942 ext=6fc3e7041ad3 head=108a0adf55acdb5743cd70a347fc7810fbcefe24
[13:36:03] .. alive runid=20260927-033204-1937 event_age=55s | wave=s3 total=407 valid=314 running=7 pending=86 launched=321 failed=0 gaveup=0 forkfail=0 free_kb=12314876 sims_boxwide=6 last_event_age=0s last_event_epoch=1790508908
[13:37:03] .. alive runid=20260927-033204-1937 event_age=115s | wave=s3 total=407 valid=314 running=7 pending=86 launched=321 failed=0 gaveup=0 forkfail=0 free_kb=12314876 sims_boxwide=6 last_event_age=0s last_event_epoch=1790508908
[13:37:27] DONE clA_east_half_444 rc=0 422s clA east/half seed=444 rescued=4 dead=0 unreachable=0 never_detected=0 ff_deaths=0 terminal=226 completions=4 recycles=4 removals=4 returns=4 wall=421s [valid 315/407] src=2a36d14ad942 ext=6fc3e7041ad3 head=108a0adf55acdb5743cd70a347fc7810fbcefe24
[13:37:28] LAUNCH clOC_east_half_101 running=7 free_kb=12078588 sims_boxwide=6 attempt=1 src=2a36d14ad942 ext=6fc3e7041ad3 head=108a0adf55acdb5743cd70a347fc7810fbcefe24
[13:38:03] .. alive runid=20260927-033204-1937 event_age=35s | wave=s3 total=407 valid=315 running=7 pending=85 launched=322 failed=0 gaveup=0 forkfail=0 free_kb=12078588 sims_boxwide=6 last_event_age=0s last_event_epoch=1790509048
[13:39:03] .. alive runid=20260927-033204-1937 event_age=95s | wave=s3 total=407 valid=315 running=7 pending=85 launched=322 failed=0 gaveup=0 forkfail=0 free_kb=12078588 sims_boxwide=6 last_event_age=0s last_event_epoch=1790509048
[13:40:03] .. alive runid=20260927-033204-1937 event_age=155s | wave=s3 total=407 valid=315 running=7 pending=85 launched=322 failed=0 gaveup=0 forkfail=0 free_kb=12078588 sims_boxwide=6 last_event_age=0s last_event_epoch=1790509048
[13:41:03] .. alive runid=20260927-033204-1937 event_age=215s | wave=s3 total=407 valid=315 running=7 pending=85 launched=322 failed=0 gaveup=0 forkfail=0 free_kb=12078588 sims_boxwide=6 last_event_age=0s last_event_epoch=1790509048
[13:41:53] DONE clA_east_half_333 rc=0 711s clA east/half seed=333 rescued=3 dead=1 unreachable=0 never_detected=0 ff_deaths=0 terminal=104 completions=3 recycles=3 removals=3 returns=3 wall=710s [valid 316/407] src=2a36d14ad942 ext=6fc3e7041ad3 head=108a0adf55acdb5743cd70a347fc7810fbcefe24
[13:41:54] LAUNCH clOC_east_half_202 running=7 free_kb=12339996 sims_boxwide=6 attempt=1 src=2a36d14ad942 ext=6fc3e7041ad3 head=108a0adf55acdb5743cd70a347fc7810fbcefe24
[13:42:03] .. alive runid=20260927-033204-1937 event_age=9s | wave=s3 total=407 valid=316 running=7 pending=84 launched=323 failed=0 gaveup=0 forkfail=0 free_kb=12339996 sims_boxwide=6 last_event_age=0s last_event_epoch=1790509314
[13:42:21] DONE clA_east_half_111 rc=0 779s clA east/half seed=111 rescued=4 dead=0 unreachable=0 never_detected=0 ff_deaths=0 terminal=127 completions=4 recycles=4 removals=4 returns=4 wall=777s [valid 317/407] src=2a36d14ad942 ext=6fc3e7041ad3 head=108a0adf55acdb5743cd70a347fc7810fbcefe24
[13:42:23] LAUNCH clOC_east_half_303 running=7 free_kb=12373108 sims_boxwide=6 attempt=1 src=2a36d14ad942 ext=6fc3e7041ad3 head=108a0adf55acdb5743cd70a347fc7810fbcefe24
[13:43:03] .. alive runid=20260927-033204-1937 event_age=40s | wave=s3 total=407 valid=317 running=7 pending=83 launched=324 failed=0 gaveup=0 forkfail=0 free_kb=12373108 sims_boxwide=6 last_event_age=0s last_event_epoch=1790509343
[13:43:47] DONE clA_east_half_222 rc=0 840s clA east/half seed=222 rescued=4 dead=0 unreachable=0 never_detected=0 ff_deaths=0 terminal=127 completions=4 recycles=4 removals=4 returns=4 wall=839s [valid 318/407] src=2a36d14ad942 ext=6fc3e7041ad3 head=108a0adf55acdb5743cd70a347fc7810fbcefe24
[13:43:49] LAUNCH clOC_east_half_404 running=7 free_kb=12376112 sims_boxwide=6 attempt=1 src=2a36d14ad942 ext=6fc3e7041ad3 head=108a0adf55acdb5743cd70a347fc7810fbcefe24
[13:44:03] .. alive runid=20260927-033204-1937 event_age=14s | wave=s3 total=407 valid=318 running=7 pending=82 launched=325 failed=0 gaveup=0 forkfail=0 free_kb=12376112 sims_boxwide=6 last_event_age=0s last_event_epoch=1790509429
[13:44:21] DONE clA_east_half_808 rc=0 701s clA east/half seed=808 rescued=3 dead=1 unreachable=0 never_detected=0 ff_deaths=0 terminal=103 completions=3 recycles=3 removals=3 returns=3 wall=700s [valid 319/407] src=2a36d14ad942 ext=6fc3e7041ad3 head=108a0adf55acdb5743cd70a347fc7810fbcefe24
[13:44:22] LAUNCH clOC_east_half_505 running=7 free_kb=12281152 sims_boxwide=6 attempt=1 src=2a36d14ad942 ext=6fc3e7041ad3 head=108a0adf55acdb5743cd70a347fc7810fbcefe24
[13:45:03] .. alive runid=20260927-033204-1937 event_age=41s | wave=s3 total=407 valid=319 running=7 pending=81 launched=326 failed=0 gaveup=0 forkfail=0 free_kb=12281152 sims_boxwide=6 last_event_age=0s last_event_epoch=1790509462
[13:46:04] .. alive runid=20260927-033204-1937 event_age=102s | wave=s3 total=407 valid=319 running=7 pending=81 launched=326 failed=0 gaveup=0 forkfail=0 free_kb=12281152 sims_boxwide=6 last_event_age=0s last_event_epoch=1790509462
[13:47:04] .. alive runid=20260927-033204-1937 event_age=162s | wave=s3 total=407 valid=319 running=7 pending=81 launched=326 failed=0 gaveup=0 forkfail=0 free_kb=12281152 sims_boxwide=6 last_event_age=0s last_event_epoch=1790509462
[13:47:07] DONE clA_east_half_909 rc=0 718s clA east/half seed=909 rescued=4 dead=0 unreachable=0 never_detected=0 ff_deaths=0 terminal=110 completions=4 recycles=4 removals=4 returns=4 wall=717s [valid 320/407] src=2a36d14ad942 ext=6fc3e7041ad3 head=108a0adf55acdb5743cd70a347fc7810fbcefe24
[13:47:08] LAUNCH clOC_south_half_101 running=7 free_kb=12416868 sims_boxwide=6 attempt=1 src=2a36d14ad942 ext=6fc3e7041ad3 head=108a0adf55acdb5743cd70a347fc7810fbcefe24
[13:48:04] .. alive runid=20260927-033204-1937 event_age=56s | wave=s3 total=407 valid=320 running=7 pending=80 launched=327 failed=0 gaveup=0 forkfail=0 free_kb=12416868 sims_boxwide=6 last_event_age=0s last_event_epoch=1790509628
[13:49:04] .. alive runid=20260927-033204-1937 event_age=116s | wave=s3 total=407 valid=320 running=7 pending=80 launched=327 failed=0 gaveup=0 forkfail=0 free_kb=12416868 sims_boxwide=6 last_event_age=0s last_event_epoch=1790509628
[13:50:04] .. alive runid=20260927-033204-1937 event_age=176s | wave=s3 total=407 valid=320 running=7 pending=80 launched=327 failed=0 gaveup=0 forkfail=0 free_kb=12416868 sims_boxwide=6 last_event_age=0s last_event_epoch=1790509628
[13:50:49] DONE clOC_east_half_101 rc=0 800s clOC east/half seed=101 rescued=4 dead=0 unreachable=0 never_detected=0 ff_deaths=1 terminal=127 completions=4 recycles=4 removals=4 returns=4 wall=798s [valid 321/407] src=2a36d14ad942 ext=6fc3e7041ad3 head=108a0adf55acdb5743cd70a347fc7810fbcefe24
[13:50:50] LAUNCH clOC_south_half_202 running=7 free_kb=12334980 sims_boxwide=6 attempt=1 src=2a36d14ad942 ext=6fc3e7041ad3 head=108a0adf55acdb5743cd70a347fc7810fbcefe24
[13:51:04] .. alive runid=20260927-033204-1937 event_age=14s | wave=s3 total=407 valid=321 running=7 pending=79 launched=328 failed=0 gaveup=0 forkfail=0 free_kb=12334980 sims_boxwide=6 last_event_age=0s last_event_epoch=1790509850
[13:51:04] DONE clA_east_half_606 rc=0 1201s clA east/half seed=606 rescued=4 dead=0 unreachable=0 never_detected=0 ff_deaths=0 terminal=245 completions=4 recycles=4 removals=4 returns=4 wall=1200s [valid 322/407] src=2a36d14ad942 ext=6fc3e7041ad3 head=108a0adf55acdb5743cd70a347fc7810fbcefe24
[13:51:05] LAUNCH clOC_south_half_303 running=7 free_kb=12393748 sims_boxwide=6 attempt=1 src=2a36d14ad942 ext=6fc3e7041ad3 head=108a0adf55acdb5743cd70a347fc7810fbcefe24
[13:52:04] .. alive runid=20260927-033204-1937 event_age=59s | wave=s3 total=407 valid=322 running=7 pending=78 launched=329 failed=0 gaveup=0 forkfail=0 free_kb=12393748 sims_boxwide=6 last_event_age=0s last_event_epoch=1790509865
[13:53:04] .. alive runid=20260927-033204-1937 event_age=119s | wave=s3 total=407 valid=322 running=7 pending=78 launched=329 failed=0 gaveup=0 forkfail=0 free_kb=12393748 sims_boxwide=6 last_event_age=0s last_event_epoch=1790509865
[13:54:04] .. alive runid=20260927-033204-1937 event_age=179s | wave=s3 total=407 valid=322 running=7 pending=78 launched=329 failed=0 gaveup=0 forkfail=0 free_kb=12393748 sims_boxwide=6 last_event_age=0s last_event_epoch=1790509865
[13:54:11] DONE clOC_east_half_202 rc=0 737s clOC east/half seed=202 rescued=3 dead=1 unreachable=0 never_detected=0 ff_deaths=0 terminal=104 completions=3 recycles=3 removals=3 returns=3 wall=735s [valid 323/407] src=2a36d14ad942 ext=6fc3e7041ad3 head=108a0adf55acdb5743cd70a347fc7810fbcefe24
[13:54:12] LAUNCH clOC_south_half_404 running=7 free_kb=12355724 sims_boxwide=6 attempt=1 src=2a36d14ad942 ext=6fc3e7041ad3 head=108a0adf55acdb5743cd70a347fc7810fbcefe24
[13:55:04] .. alive runid=20260927-033204-1937 event_age=52s | wave=s3 total=407 valid=323 running=7 pending=77 launched=330 failed=0 gaveup=0 forkfail=0 free_kb=12355724 sims_boxwide=6 last_event_age=1s last_event_epoch=1790510052
[13:55:15] DONE clOC_south_half_101 rc=0 486s clOC south/half seed=101 rescued=2 dead=2 unreachable=0 never_detected=0 ff_deaths=1 terminal=129 completions=2 recycles=2 removals=2 returns=2 wall=485s [valid 324/407] src=2a36d14ad942 ext=6fc3e7041ad3 head=108a0adf55acdb5743cd70a347fc7810fbcefe24
[13:55:16] LAUNCH clOC_south_half_505 running=7 free_kb=12215608 sims_boxwide=6 attempt=1 src=2a36d14ad942 ext=6fc3e7041ad3 head=108a0adf55acdb5743cd70a347fc7810fbcefe24
[13:55:29] DONE clOC_east_half_303 rc=0 785s clOC east/half seed=303 rescued=3 dead=1 unreachable=0 never_detected=0 ff_deaths=0 terminal=186 completions=3 recycles=3 removals=3 returns=3 wall=779s [valid 325/407] src=2a36d14ad942 ext=6fc3e7041ad3 head=108a0adf55acdb5743cd70a347fc7810fbcefe24
[13:55:30] LAUNCH clOC_east_def_101 running=7 free_kb=12285668 sims_boxwide=6 attempt=1 src=2a36d14ad942 ext=6fc3e7041ad3 head=108a0adf55acdb5743cd70a347fc7810fbcefe24
[13:56:04] .. alive runid=20260927-033204-1937 event_age=34s | wave=s3 total=407 valid=325 running=7 pending=75 launched=332 failed=0 gaveup=0 forkfail=0 free_kb=12285668 sims_boxwide=6 last_event_age=0s last_event_epoch=1790510130
[13:56:21] DONE clOC_east_half_505 rc=0 719s clOC east/half seed=505 rescued=3 dead=1 unreachable=0 never_detected=0 ff_deaths=1 terminal=109 completions=3 recycles=3 removals=3 returns=3 wall=717s [valid 326/407] src=2a36d14ad942 ext=6fc3e7041ad3 head=108a0adf55acdb5743cd70a347fc7810fbcefe24
[13:56:23] LAUNCH clOC_east_def_202 running=7 free_kb=12359336 sims_boxwide=6 attempt=1 src=2a36d14ad942 ext=6fc3e7041ad3 head=108a0adf55acdb5743cd70a347fc7810fbcefe24
[13:57:05] .. alive runid=20260927-033204-1937 event_age=42s | wave=s3 total=407 valid=326 running=7 pending=74 launched=333 failed=0 gaveup=0 forkfail=0 free_kb=12359336 sims_boxwide=6 last_event_age=0s last_event_epoch=1790510183
[13:58:05] .. alive runid=20260927-033204-1937 event_age=102s | wave=s3 total=407 valid=326 running=7 pending=74 launched=333 failed=0 gaveup=0 forkfail=0 free_kb=12359336 sims_boxwide=6 last_event_age=0s last_event_epoch=1790510183
[13:58:45] DONE clOC_south_half_303 rc=0 459s clOC south/half seed=303 rescued=4 dead=0 unreachable=0 never_detected=0 ff_deaths=0 terminal=114 completions=4 recycles=4 removals=4 returns=4 wall=457s [valid 327/407] src=2a36d14ad942 ext=6fc3e7041ad3 head=108a0adf55acdb5743cd70a347fc7810fbcefe24
[13:58:46] LAUNCH clOC_east_def_303 running=7 free_kb=12342876 sims_boxwide=6 attempt=1 src=2a36d14ad942 ext=6fc3e7041ad3 head=108a0adf55acdb5743cd70a347fc7810fbcefe24
[13:59:05] .. alive runid=20260927-033204-1937 event_age=19s | wave=s3 total=407 valid=327 running=7 pending=73 launched=334 failed=0 gaveup=0 forkfail=0 free_kb=12342876 sims_boxwide=6 last_event_age=0s last_event_epoch=1790510326
[13:59:58] DONE clOC_south_half_202 rc=0 547s clOC south/half seed=202 rescued=3 dead=1 unreachable=0 never_detected=0 ff_deaths=0 terminal=201 completions=3 recycles=3 removals=3 returns=3 wall=546s [valid 328/407] src=2a36d14ad942 ext=6fc3e7041ad3 head=108a0adf55acdb5743cd70a347fc7810fbcefe24
[13:59:59] LAUNCH clOC_east_half_2070841104 running=7 free_kb=12293288 sims_boxwide=6 attempt=1 src=2a36d14ad942 ext=6fc3e7041ad3 head=108a0adf55acdb5743cd70a347fc7810fbcefe24
[14:00:05] .. alive runid=20260927-033204-1937 event_age=6s | wave=s3 total=407 valid=328 running=7 pending=72 launched=335 failed=0 gaveup=0 forkfail=0 free_kb=12293288 sims_boxwide=6 last_event_age=0s last_event_epoch=1790510399
[14:01:05] .. alive runid=20260927-033204-1937 event_age=66s | wave=s3 total=407 valid=328 running=7 pending=72 launched=335 failed=0 gaveup=0 forkfail=0 free_kb=12293288 sims_boxwide=6 last_event_age=0s last_event_epoch=1790510399
[14:02:05] .. alive runid=20260927-033204-1937 event_age=126s | wave=s3 total=407 valid=328 running=7 pending=72 launched=335 failed=0 gaveup=0 forkfail=0 free_kb=12293288 sims_boxwide=6 last_event_age=0s last_event_epoch=1790510399
[14:02:40] DONE clOC_south_half_404 rc=0 508s clOC south/half seed=404 rescued=3 dead=1 unreachable=0 never_detected=0 ff_deaths=0 terminal=193 completions=3 recycles=3 removals=3 returns=3 wall=506s [valid 329/407] src=2a36d14ad942 ext=6fc3e7041ad3 head=108a0adf55acdb5743cd70a347fc7810fbcefe24
[14:02:41] DONE clOC_east_def_101 rc=0 430s clOC east/default seed=101 rescued=3 dead=0 unreachable=1 never_detected=1 ff_deaths=0 terminal=210 completions=3 recycles=3 removals=3 returns=3 wall=428s [valid 330/407] src=2a36d14ad942 ext=6fc3e7041ad3 head=108a0adf55acdb5743cd70a347fc7810fbcefe24
[14:02:42] LAUNCH clOC_east_half_1147610331 running=6 free_kb=13129292 sims_boxwide=5 attempt=1 src=2a36d14ad942 ext=6fc3e7041ad3 head=108a0adf55acdb5743cd70a347fc7810fbcefe24
[14:02:55] LAUNCH clOC_east_half_1291443119 running=7 free_kb=12292732 sims_boxwide=6 attempt=1 src=2a36d14ad942 ext=6fc3e7041ad3 head=108a0adf55acdb5743cd70a347fc7810fbcefe24
[14:03:05] .. alive runid=20260927-033204-1937 event_age=10s | wave=s3 total=407 valid=330 running=7 pending=70 launched=337 failed=0 gaveup=0 forkfail=0 free_kb=12292732 sims_boxwide=6 last_event_age=0s last_event_epoch=1790510575
[14:03:17] DONE clOC_east_half_404 rc=0 1167s clOC east/half seed=404 rescued=3 dead=1 unreachable=0 never_detected=0 ff_deaths=0 terminal=232 completions=3 recycles=3 removals=3 returns=3 wall=1166s [valid 331/407] src=2a36d14ad942 ext=6fc3e7041ad3 head=108a0adf55acdb5743cd70a347fc7810fbcefe24
[14:03:18] LAUNCH clOC_east_half_1433805104 running=7 free_kb=12297940 sims_boxwide=6 attempt=1 src=2a36d14ad942 ext=6fc3e7041ad3 head=108a0adf55acdb5743cd70a347fc7810fbcefe24
[14:03:31] DONE clOC_south_half_505 rc=0 494s clOC south/half seed=505 rescued=3 dead=1 unreachable=0 never_detected=0 ff_deaths=0 terminal=114 completions=3 recycles=3 removals=3 returns=3 wall=485s [valid 332/407] src=2a36d14ad942 ext=6fc3e7041ad3 head=108a0adf55acdb5743cd70a347fc7810fbcefe24
[14:03:32] LAUNCH clOC_east_half_1636723358 running=7 free_kb=12307204 sims_boxwide=6 attempt=1 src=2a36d14ad942 ext=6fc3e7041ad3 head=108a0adf55acdb5743cd70a347fc7810fbcefe24
[14:03:56] DONE clOC_east_def_202 rc=0 454s clOC east/default seed=202 rescued=3 dead=1 unreachable=0 never_detected=0 ff_deaths=0 terminal=181 completions=3 recycles=3 removals=3 returns=3 wall=452s [valid 333/407] src=2a36d14ad942 ext=6fc3e7041ad3 head=108a0adf55acdb5743cd70a347fc7810fbcefe24
[14:03:58] LAUNCH clOC_east_half_1252362635 running=7 free_kb=12330756 sims_boxwide=6 attempt=1 src=2a36d14ad942 ext=6fc3e7041ad3 head=108a0adf55acdb5743cd70a347fc7810fbcefe24
[14:04:05] .. alive runid=20260927-033204-1937 event_age=7s | wave=s3 total=407 valid=333 running=7 pending=67 launched=340 failed=0 gaveup=0 forkfail=0 free_kb=12330756 sims_boxwide=6 last_event_age=0s last_event_epoch=1790510638
[14:05:05] .. alive runid=20260927-033204-1937 event_age=67s | wave=s3 total=407 valid=333 running=7 pending=67 launched=340 failed=0 gaveup=0 forkfail=0 free_kb=12330756 sims_boxwide=6 last_event_age=0s last_event_epoch=1790510638
[14:05:36] DONE clOC_east_def_303 rc=0 409s clOC east/default seed=303 rescued=3 dead=1 unreachable=0 never_detected=0 ff_deaths=1 terminal=138 completions=3 recycles=3 removals=3 returns=3 wall=408s [valid 334/407] src=2a36d14ad942 ext=6fc3e7041ad3 head=108a0adf55acdb5743cd70a347fc7810fbcefe24
[14:05:37] LAUNCH clOC_east_half_294124329 running=7 free_kb=12363600 sims_boxwide=6 attempt=1 src=2a36d14ad942 ext=6fc3e7041ad3 head=108a0adf55acdb5743cd70a347fc7810fbcefe24
[14:06:05] .. alive runid=20260927-033204-1937 event_age=28s | wave=s3 total=407 valid=334 running=7 pending=66 launched=341 failed=0 gaveup=0 forkfail=0 free_kb=12363600 sims_boxwide=6 last_event_age=0s last_event_epoch=1790510737
[14:07:05] .. alive runid=20260927-033204-1937 event_age=88s | wave=s3 total=407 valid=334 running=7 pending=66 launched=341 failed=0 gaveup=0 forkfail=0 free_kb=12363600 sims_boxwide=6 last_event_age=0s last_event_epoch=1790510737
[14:08:05] .. alive runid=20260927-033204-1937 event_age=148s | wave=s3 total=407 valid=334 running=7 pending=66 launched=341 failed=0 gaveup=0 forkfail=0 free_kb=12363600 sims_boxwide=6 last_event_age=0s last_event_epoch=1790510737
[14:09:05] .. alive runid=20260927-033204-1937 event_age=208s | wave=s3 total=407 valid=334 running=7 pending=66 launched=341 failed=0 gaveup=0 forkfail=0 free_kb=12363600 sims_boxwide=6 last_event_age=0s last_event_epoch=1790510737
[14:10:06] .. alive runid=20260927-033204-1937 event_age=269s | wave=s3 total=407 valid=334 running=7 pending=66 launched=341 failed=0 gaveup=0 forkfail=0 free_kb=12363600 sims_boxwide=6 last_event_age=0s last_event_epoch=1790510737
[14:11:06] .. alive runid=20260927-033204-1937 event_age=329s | wave=s3 total=407 valid=334 running=7 pending=66 launched=341 failed=0 gaveup=0 forkfail=0 free_kb=12363600 sims_boxwide=6 last_event_age=0s last_event_epoch=1790510737
[14:12:06] .. alive runid=20260927-033204-1937 event_age=389s | wave=s3 total=407 valid=334 running=7 pending=66 launched=341 failed=0 gaveup=0 forkfail=0 free_kb=12363600 sims_boxwide=6 last_event_age=0s last_event_epoch=1790510737
[14:13:06] .. alive runid=20260927-033204-1937 event_age=449s | wave=s3 total=407 valid=334 running=7 pending=66 launched=341 failed=0 gaveup=0 forkfail=0 free_kb=12363600 sims_boxwide=6 last_event_age=0s last_event_epoch=1790510737
[14:14:06] .. alive runid=20260927-033204-1937 event_age=509s | wave=s3 total=407 valid=334 running=7 pending=66 launched=341 failed=0 gaveup=0 forkfail=0 free_kb=12363600 sims_boxwide=6 last_event_age=0s last_event_epoch=1790510737
[14:14:31] DONE clOC_east_half_1147610331 rc=0 709s clOC east/half seed=1147610331 rescued=2 dead=2 unreachable=0 never_detected=0 ff_deaths=0 terminal=93 completions=2 recycles=2 removals=2 returns=2 wall=707s [valid 335/407] src=2a36d14ad942 ext=6fc3e7041ad3 head=108a0adf55acdb5743cd70a347fc7810fbcefe24
[14:14:33] LAUNCH clOC_east_half_1723100518 running=7 free_kb=12249348 sims_boxwide=6 attempt=1 src=2a36d14ad942 ext=6fc3e7041ad3 head=108a0adf55acdb5743cd70a347fc7810fbcefe24
[14:15:06] .. alive runid=20260927-033204-1937 event_age=33s | wave=s3 total=407 valid=335 running=7 pending=65 launched=342 failed=0 gaveup=0 forkfail=0 free_kb=12249348 sims_boxwide=6 last_event_age=0s last_event_epoch=1790511273
[14:16:06] .. alive runid=20260927-033204-1937 event_age=93s | wave=s3 total=407 valid=335 running=7 pending=65 launched=342 failed=0 gaveup=0 forkfail=0 free_kb=12249348 sims_boxwide=6 last_event_age=0s last_event_epoch=1790511273
[14:16:17] DONE clOC_east_half_1636723358 rc=0 764s clOC east/half seed=1636723358 rescued=3 dead=1 unreachable=0 never_detected=0 ff_deaths=0 terminal=106 completions=3 recycles=3 removals=3 returns=3 wall=763s [valid 336/407] src=2a36d14ad942 ext=6fc3e7041ad3 head=108a0adf55acdb5743cd70a347fc7810fbcefe24
[14:16:18] LAUNCH clOC_east_half_1532569567 running=7 free_kb=12296268 sims_boxwide=6 attempt=1 src=2a36d14ad942 ext=6fc3e7041ad3 head=108a0adf55acdb5743cd70a347fc7810fbcefe24
[14:17:06] .. alive runid=20260927-033204-1937 event_age=48s | wave=s3 total=407 valid=336 running=7 pending=64 launched=343 failed=0 gaveup=0 forkfail=0 free_kb=12296268 sims_boxwide=6 last_event_age=0s last_event_epoch=1790511378
[14:18:06] .. alive runid=20260927-033204-1937 event_age=108s | wave=s3 total=407 valid=336 running=7 pending=64 launched=343 failed=0 gaveup=0 forkfail=0 free_kb=12296268 sims_boxwide=6 last_event_age=0s last_event_epoch=1790511378
[14:18:27] DONE clOC_east_half_1291443119 rc=0 931s clOC east/half seed=1291443119 rescued=3 dead=1 unreachable=0 never_detected=0 ff_deaths=1 terminal=168 completions=3 recycles=3 removals=3 returns=3 wall=929s [valid 337/407] src=2a36d14ad942 ext=6fc3e7041ad3 head=108a0adf55acdb5743cd70a347fc7810fbcefe24
[14:18:28] LAUNCH clOC_east_half_498896028 running=7 free_kb=12311656 sims_boxwide=6 attempt=1 src=2a36d14ad942 ext=6fc3e7041ad3 head=108a0adf55acdb5743cd70a347fc7810fbcefe24
[14:18:41] DONE clOC_east_half_294124329 rc=0 783s clOC east/half seed=294124329 rescued=4 dead=0 unreachable=0 never_detected=0 ff_deaths=0 terminal=142 completions=4 recycles=4 removals=4 returns=4 wall=778s [valid 338/407] src=2a36d14ad942 ext=6fc3e7041ad3 head=108a0adf55acdb5743cd70a347fc7810fbcefe24
[14:18:42] LAUNCH clOC_east_half_1401495347 running=7 free_kb=12349688 sims_boxwide=6 attempt=1 src=2a36d14ad942 ext=6fc3e7041ad3 head=108a0adf55acdb5743cd70a347fc7810fbcefe24
[14:19:06] .. alive runid=20260927-033204-1937 event_age=24s | wave=s3 total=407 valid=338 running=7 pending=62 launched=345 failed=0 gaveup=0 forkfail=0 free_kb=12349688 sims_boxwide=6 last_event_age=0s last_event_epoch=1790511522
[14:19:24] DONE clOC_east_half_1433805104 rc=0 965s clOC east/half seed=1433805104 rescued=4 dead=0 unreachable=0 never_detected=0 ff_deaths=0 terminal=199 completions=4 recycles=4 removals=4 returns=4 wall=963s [valid 339/407] src=2a36d14ad942 ext=6fc3e7041ad3 head=108a0adf55acdb5743cd70a347fc7810fbcefe24
[14:19:25] LAUNCH clOC_east_half_133894353 running=7 free_kb=12274640 sims_boxwide=6 attempt=1 src=2a36d14ad942 ext=6fc3e7041ad3 head=108a0adf55acdb5743cd70a347fc7810fbcefe24
[14:20:00] DONE clOC_east_half_2070841104 rc=0 1200s clOC east/half seed=2070841104 rescued=4 dead=0 unreachable=0 never_detected=0 ff_deaths=0 terminal=246 completions=4 recycles=4 removals=4 returns=4 wall=1198s [valid 340/407] src=2a36d14ad942 ext=6fc3e7041ad3 head=108a0adf55acdb5743cd70a347fc7810fbcefe24
[14:20:01] LAUNCH clOC_east_half_1788979460 running=7 free_kb=12293136 sims_boxwide=6 attempt=1 src=2a36d14ad942 ext=6fc3e7041ad3 head=108a0adf55acdb5743cd70a347fc7810fbcefe24
[14:20:06] .. alive runid=20260927-033204-1937 event_age=5s | wave=s3 total=407 valid=340 running=7 pending=60 launched=347 failed=0 gaveup=0 forkfail=0 free_kb=12293136 sims_boxwide=6 last_event_age=0s last_event_epoch=1790511601
[14:21:06] .. alive runid=20260927-033204-1937 event_age=65s | wave=s3 total=407 valid=340 running=7 pending=60 launched=347 failed=0 gaveup=0 forkfail=0 free_kb=12293136 sims_boxwide=6 last_event_age=0s last_event_epoch=1790511601
[14:22:07] .. alive runid=20260927-033204-1937 event_age=125s | wave=s3 total=407 valid=340 running=7 pending=60 launched=347 failed=0 gaveup=0 forkfail=0 free_kb=12293136 sims_boxwide=6 last_event_age=0s last_event_epoch=1790511601
[14:23:00] DONE clOC_east_half_1252362635 rc=0 1142s clOC east/half seed=1252362635 rescued=4 dead=0 unreachable=0 never_detected=0 ff_deaths=0 terminal=220 completions=4 recycles=4 removals=4 returns=4 wall=1141s [valid 341/407] src=2a36d14ad942 ext=6fc3e7041ad3 head=108a0adf55acdb5743cd70a347fc7810fbcefe24
[14:23:01] LAUNCH clOC_south_half_1486866530 running=7 free_kb=12377984 sims_boxwide=6 attempt=1 src=2a36d14ad942 ext=6fc3e7041ad3 head=108a0adf55acdb5743cd70a347fc7810fbcefe24
[14:23:07] .. alive runid=20260927-033204-1937 event_age=6s | wave=s3 total=407 valid=341 running=7 pending=59 launched=348 failed=0 gaveup=0 forkfail=0 free_kb=12377984 sims_boxwide=6 last_event_age=0s last_event_epoch=1790511781
[14:24:07] .. alive runid=20260927-033204-1937 event_age=66s | wave=s3 total=407 valid=341 running=7 pending=59 launched=348 failed=0 gaveup=0 forkfail=0 free_kb=12377984 sims_boxwide=6 last_event_age=0s last_event_epoch=1790511781
[14:25:07] .. alive runid=20260927-033204-1937 event_age=126s | wave=s3 total=407 valid=341 running=7 pending=59 launched=348 failed=0 gaveup=0 forkfail=0 free_kb=12377984 sims_boxwide=6 last_event_age=0s last_event_epoch=1790511781
[14:26:07] .. alive runid=20260927-033204-1937 event_age=186s | wave=s3 total=407 valid=341 running=7 pending=59 launched=348 failed=0 gaveup=0 forkfail=0 free_kb=12377984 sims_boxwide=6 last_event_age=0s last_event_epoch=1790511781
[14:26:13] DONE clOC_east_half_1723100518 rc=0 700s clOC east/half seed=1723100518 rescued=2 dead=2 unreachable=0 never_detected=0 ff_deaths=0 terminal=111 completions=2 recycles=2 removals=2 returns=2 wall=699s [valid 342/407] src=2a36d14ad942 ext=6fc3e7041ad3 head=108a0adf55acdb5743cd70a347fc7810fbcefe24
[14:26:15] LAUNCH clOC_south_half_536769381 running=7 free_kb=12344112 sims_boxwide=6 attempt=1 src=2a36d14ad942 ext=6fc3e7041ad3 head=108a0adf55acdb5743cd70a347fc7810fbcefe24
[14:27:07] .. alive runid=20260927-033204-1937 event_age=52s | wave=s3 total=407 valid=342 running=7 pending=58 launched=349 failed=0 gaveup=0 forkfail=0 free_kb=12344112 sims_boxwide=6 last_event_age=0s last_event_epoch=1790511975
[14:28:07] .. alive runid=20260927-033204-1937 event_age=112s | wave=s3 total=407 valid=342 running=7 pending=58 launched=349 failed=0 gaveup=0 forkfail=0 free_kb=12344112 sims_boxwide=6 last_event_age=0s last_event_epoch=1790511975
[14:29:07] .. alive runid=20260927-033204-1937 event_age=172s | wave=s3 total=407 valid=342 running=7 pending=58 launched=349 failed=0 gaveup=0 forkfail=0 free_kb=12344112 sims_boxwide=6 last_event_age=0s last_event_epoch=1790511975
[14:29:55] DONE clOC_east_half_1532569567 rc=0 816s clOC east/half seed=1532569567 rescued=4 dead=0 unreachable=0 never_detected=0 ff_deaths=0 terminal=160 completions=4 recycles=4 removals=4 returns=4 wall=814s [valid 343/407] src=2a36d14ad942 ext=6fc3e7041ad3 head=108a0adf55acdb5743cd70a347fc7810fbcefe24
[14:29:56] LAUNCH clOC_south_half_791464433 running=7 free_kb=11841536 sims_boxwide=6 attempt=1 src=2a36d14ad942 ext=6fc3e7041ad3 head=108a0adf55acdb5743cd70a347fc7810fbcefe24
[14:30:07] .. alive runid=20260927-033204-1937 event_age=11s | wave=s3 total=407 valid=343 running=7 pending=57 launched=350 failed=0 gaveup=0 forkfail=0 free_kb=11841536 sims_boxwide=6 last_event_age=0s last_event_epoch=1790512196
[14:31:07] .. alive runid=20260927-033204-1937 event_age=71s | wave=s3 total=407 valid=343 running=7 pending=57 launched=350 failed=0 gaveup=0 forkfail=0 free_kb=11841536 sims_boxwide=6 last_event_age=0s last_event_epoch=1790512196
[14:31:44] DONE clOC_south_half_1486866530 rc=0 523s clOC south/half seed=1486866530 rescued=3 dead=1 unreachable=0 never_detected=0 ff_deaths=1 terminal=210 completions=3 recycles=3 removals=3 returns=3 wall=521s [valid 344/407] src=2a36d14ad942 ext=6fc3e7041ad3 head=108a0adf55acdb5743cd70a347fc7810fbcefe24
[14:31:45] LAUNCH clOC_south_half_706299103 running=7 free_kb=12045808 sims_boxwide=6 attempt=1 src=2a36d14ad942 ext=6fc3e7041ad3 head=108a0adf55acdb5743cd70a347fc7810fbcefe24
[14:32:07] .. alive runid=20260927-033204-1937 event_age=22s | wave=s3 total=407 valid=344 running=7 pending=56 launched=351 failed=0 gaveup=0 forkfail=0 free_kb=12045808 sims_boxwide=6 last_event_age=0s last_event_epoch=1790512305
[14:32:47] DONE clOC_east_half_1401495347 rc=0 844s clOC east/half seed=1401495347 rescued=4 dead=0 unreachable=0 never_detected=0 ff_deaths=0 terminal=149 completions=4 recycles=4 removals=4 returns=4 wall=842s [valid 345/407] src=2a36d14ad942 ext=6fc3e7041ad3 head=108a0adf55acdb5743cd70a347fc7810fbcefe24
[14:32:48] LAUNCH clOC_south_half_1364948962 running=7 free_kb=12205168 sims_boxwide=6 attempt=1 src=2a36d14ad942 ext=6fc3e7041ad3 head=108a0adf55acdb5743cd70a347fc7810fbcefe24
[14:33:07] .. alive runid=20260927-033204-1937 event_age=19s | wave=s3 total=407 valid=345 running=7 pending=55 launched=352 failed=0 gaveup=0 forkfail=0 free_kb=12205168 sims_boxwide=6 last_event_age=0s last_event_epoch=1790512368
[14:33:14] DONE clOC_south_half_536769381 rc=0 418s clOC south/half seed=536769381 rescued=4 dead=0 unreachable=0 never_detected=0 ff_deaths=0 terminal=114 completions=4 recycles=4 removals=4 returns=4 wall=417s [valid 346/407] src=2a36d14ad942 ext=6fc3e7041ad3 head=108a0adf55acdb5743cd70a347fc7810fbcefe24
[14:33:15] LAUNCH clOC_south_half_937041678 running=7 free_kb=12215892 sims_boxwide=6 attempt=1 src=2a36d14ad942 ext=6fc3e7041ad3 head=108a0adf55acdb5743cd70a347fc7810fbcefe24
[14:34:08] .. alive runid=20260927-033204-1937 event_age=52s | wave=s3 total=407 valid=346 running=7 pending=54 launched=353 failed=0 gaveup=0 forkfail=0 free_kb=12215892 sims_boxwide=6 last_event_age=0s last_event_epoch=1790512395
[14:35:00] DONE clOC_east_half_498896028 rc=0 991s clOC east/half seed=498896028 rescued=4 dead=0 unreachable=0 never_detected=0 ff_deaths=0 terminal=210 completions=4 recycles=4 removals=4 returns=4 wall=989s [valid 347/407] src=2a36d14ad942 ext=6fc3e7041ad3 head=108a0adf55acdb5743cd70a347fc7810fbcefe24
[14:35:01] LAUNCH clOC_south_half_954838929 running=7 free_kb=12126296 sims_boxwide=6 attempt=1 src=2a36d14ad942 ext=6fc3e7041ad3 head=108a0adf55acdb5743cd70a347fc7810fbcefe24
[14:35:08] .. alive runid=20260927-033204-1937 event_age=7s | wave=s3 total=407 valid=347 running=7 pending=53 launched=354 failed=0 gaveup=0 forkfail=0 free_kb=12126296 sims_boxwide=6 last_event_age=0s last_event_epoch=1790512501
[14:36:05] DONE clOC_east_half_1788979460 rc=0 963s clOC east/half seed=1788979460 rescued=3 dead=0 unreachable=1 never_detected=1 ff_deaths=1 terminal=210 completions=3 recycles=3 removals=3 returns=3 wall=962s [valid 348/407] src=2a36d14ad942 ext=6fc3e7041ad3 head=108a0adf55acdb5743cd70a347fc7810fbcefe24
[14:36:06] LAUNCH clOC_south_half_139925734 running=7 free_kb=12209652 sims_boxwide=6 attempt=1 src=2a36d14ad942 ext=6fc3e7041ad3 head=108a0adf55acdb5743cd70a347fc7810fbcefe24
[14:36:08] .. alive runid=20260927-033204-1937 event_age=2s | wave=s3 total=407 valid=348 running=7 pending=52 launched=355 failed=0 gaveup=0 forkfail=0 free_kb=12209652 sims_boxwide=6 last_event_age=0s last_event_epoch=1790512566
[14:37:08] .. alive runid=20260927-033204-1937 event_age=62s | wave=s3 total=407 valid=348 running=7 pending=52 launched=355 failed=0 gaveup=0 forkfail=0 free_kb=12209652 sims_boxwide=6 last_event_age=0s last_event_epoch=1790512566
[14:37:39] DONE clOC_south_half_1364948962 rc=0 290s clOC south/half seed=1364948962 rescued=4 dead=0 unreachable=0 never_detected=0 ff_deaths=0 terminal=142 completions=4 recycles=4 removals=4 returns=4 wall=289s [valid 349/407] src=2a36d14ad942 ext=6fc3e7041ad3 head=108a0adf55acdb5743cd70a347fc7810fbcefe24
[14:37:40] LAUNCH clOC_south_half_1624156665 running=7 free_kb=12049100 sims_boxwide=6 attempt=1 src=2a36d14ad942 ext=6fc3e7041ad3 head=108a0adf55acdb5743cd70a347fc7810fbcefe24
[14:38:08] .. alive runid=20260927-033204-1937 event_age=28s | wave=s3 total=407 valid=349 running=7 pending=51 launched=356 failed=0 gaveup=0 forkfail=0 free_kb=12049100 sims_boxwide=6 last_event_age=0s last_event_epoch=1790512660
[14:38:41] DONE clOC_south_half_791464433 rc=0 524s clOC south/half seed=791464433 rescued=4 dead=0 unreachable=0 never_detected=0 ff_deaths=0 terminal=143 completions=4 recycles=4 removals=4 returns=4 wall=522s [valid 350/407] src=2a36d14ad942 ext=6fc3e7041ad3 head=108a0adf55acdb5743cd70a347fc7810fbcefe24
[14:38:42] LAUNCH clOC_south_half_285242396 running=7 free_kb=12148252 sims_boxwide=6 attempt=1 src=2a36d14ad942 ext=6fc3e7041ad3 head=108a0adf55acdb5743cd70a347fc7810fbcefe24
[14:38:59] DONE clOC_east_half_133894353 rc=0 1174s clOC east/half seed=133894353 rescued=4 dead=0 unreachable=0 never_detected=0 ff_deaths=0 terminal=238 completions=4 recycles=4 removals=4 returns=4 wall=1172s [valid 351/407] src=2a36d14ad942 ext=6fc3e7041ad3 head=108a0adf55acdb5743cd70a347fc7810fbcefe24
[14:39:01] LAUNCH clOC_south_half_573250932 running=7 free_kb=12123780 sims_boxwide=6 attempt=1 src=2a36d14ad942 ext=6fc3e7041ad3 head=108a0adf55acdb5743cd70a347fc7810fbcefe24
[14:39:08] .. alive runid=20260927-033204-1937 event_age=7s | wave=s3 total=407 valid=351 running=7 pending=49 launched=358 failed=0 gaveup=0 forkfail=0 free_kb=12123780 sims_boxwide=6 last_event_age=0s last_event_epoch=1790512741
[14:39:35] DONE clOC_south_half_706299103 rc=0 470s clOC south/half seed=706299103 rescued=4 dead=0 unreachable=0 never_detected=0 ff_deaths=0 terminal=194 completions=4 recycles=4 removals=4 returns=4 wall=468s [valid 352/407] src=2a36d14ad942 ext=6fc3e7041ad3 head=108a0adf55acdb5743cd70a347fc7810fbcefe24
[14:39:37] LAUNCH clOC_south_half_1048395951 running=7 free_kb=12204784 sims_boxwide=6 attempt=1 src=2a36d14ad942 ext=6fc3e7041ad3 head=108a0adf55acdb5743cd70a347fc7810fbcefe24
[14:40:08] .. alive runid=20260927-033204-1937 event_age=31s | wave=s3 total=407 valid=352 running=7 pending=48 launched=359 failed=0 gaveup=0 forkfail=0 free_kb=12204784 sims_boxwide=6 last_event_age=0s last_event_epoch=1790512777
[14:41:08] .. alive runid=20260927-033204-1937 event_age=91s | wave=s3 total=407 valid=352 running=7 pending=48 launched=359 failed=0 gaveup=0 forkfail=0 free_kb=12204784 sims_boxwide=6 last_event_age=0s last_event_epoch=1790512777
[14:41:32] DONE clOC_south_half_937041678 rc=0 496s clOC south/half seed=937041678 rescued=4 dead=0 unreachable=0 never_detected=0 ff_deaths=0 terminal=197 completions=4 recycles=4 removals=4 returns=4 wall=495s [valid 353/407] src=2a36d14ad942 ext=6fc3e7041ad3 head=108a0adf55acdb5743cd70a347fc7810fbcefe24
[14:41:33] LAUNCH clOC_south_half_903347495 running=7 free_kb=12242888 sims_boxwide=6 attempt=1 src=2a36d14ad942 ext=6fc3e7041ad3 head=108a0adf55acdb5743cd70a347fc7810fbcefe24
[14:42:08] .. alive runid=20260927-033204-1937 event_age=35s | wave=s3 total=407 valid=353 running=7 pending=47 launched=360 failed=0 gaveup=0 forkfail=0 free_kb=12242888 sims_boxwide=6 last_event_age=0s last_event_epoch=1790512893
[14:43:08] .. alive runid=20260927-033204-1937 event_age=95s | wave=s3 total=407 valid=353 running=7 pending=47 launched=360 failed=0 gaveup=0 forkfail=0 free_kb=12242888 sims_boxwide=6 last_event_age=0s last_event_epoch=1790512893
[14:44:08] .. alive runid=20260927-033204-1937 event_age=155s | wave=s3 total=407 valid=353 running=7 pending=47 launched=360 failed=0 gaveup=0 forkfail=0 free_kb=12242888 sims_boxwide=6 last_event_age=0s last_event_epoch=1790512893
[14:44:28] DONE clOC_south_half_954838929 rc=0 566s clOC south/half seed=954838929 rescued=3 dead=1 unreachable=0 never_detected=0 ff_deaths=1 terminal=124 completions=3 recycles=3 removals=3 returns=3 wall=565s [valid 354/407] src=2a36d14ad942 ext=6fc3e7041ad3 head=108a0adf55acdb5743cd70a347fc7810fbcefe24
[14:44:29] LAUNCH clOC_east_def_2038269169 running=7 free_kb=12153244 sims_boxwide=6 attempt=1 src=2a36d14ad942 ext=6fc3e7041ad3 head=108a0adf55acdb5743cd70a347fc7810fbcefe24
[14:45:08] .. alive runid=20260927-033204-1937 event_age=39s | wave=s3 total=407 valid=354 running=7 pending=46 launched=361 failed=0 gaveup=0 forkfail=0 free_kb=12153244 sims_boxwide=6 last_event_age=0s last_event_epoch=1790513069
[14:45:26] DONE clOC_south_half_1624156665 rc=0 465s clOC south/half seed=1624156665 rescued=4 dead=0 unreachable=0 never_detected=0 ff_deaths=0 terminal=226 completions=4 recycles=4 removals=4 returns=4 wall=464s [valid 355/407] src=2a36d14ad942 ext=6fc3e7041ad3 head=108a0adf55acdb5743cd70a347fc7810fbcefe24
[14:45:27] LAUNCH clOC_east_def_1749069988 running=7 free_kb=12196564 sims_boxwide=6 attempt=1 src=2a36d14ad942 ext=6fc3e7041ad3 head=108a0adf55acdb5743cd70a347fc7810fbcefe24
[14:46:01] DONE clOC_south_half_573250932 rc=0 420s clOC south/half seed=573250932 rescued=3 dead=0 unreachable=1 never_detected=1 ff_deaths=0 terminal=210 completions=3 recycles=3 removals=3 returns=3 wall=418s [valid 356/407] src=2a36d14ad942 ext=6fc3e7041ad3 head=108a0adf55acdb5743cd70a347fc7810fbcefe24
[14:46:03] LAUNCH clOC_east_def_1420331661 running=7 free_kb=12255720 sims_boxwide=6 attempt=1 src=2a36d14ad942 ext=6fc3e7041ad3 head=108a0adf55acdb5743cd70a347fc7810fbcefe24
[14:46:09] .. alive runid=20260927-033204-1937 event_age=6s | wave=s3 total=407 valid=356 running=7 pending=44 launched=363 failed=0 gaveup=0 forkfail=0 free_kb=12255720 sims_boxwide=6 last_event_age=0s last_event_epoch=1790513163
[14:46:50] DONE clOC_south_half_285242396 rc=0 488s clOC south/half seed=285242396 rescued=4 dead=0 unreachable=0 never_detected=0 ff_deaths=1 terminal=130 completions=4 recycles=4 removals=4 returns=4 wall=486s [valid 357/407] src=2a36d14ad942 ext=6fc3e7041ad3 head=108a0adf55acdb5743cd70a347fc7810fbcefe24
[14:46:52] LAUNCH clOC_east_def_1480870832 running=7 free_kb=12261676 sims_boxwide=6 attempt=1 src=2a36d14ad942 ext=6fc3e7041ad3 head=108a0adf55acdb5743cd70a347fc7810fbcefe24
[14:47:09] .. alive runid=20260927-033204-1937 event_age=17s | wave=s3 total=407 valid=357 running=7 pending=43 launched=364 failed=0 gaveup=0 forkfail=0 free_kb=12261676 sims_boxwide=6 last_event_age=0s last_event_epoch=1790513212
[14:48:09] .. alive runid=20260927-033204-1937 event_age=77s | wave=s3 total=407 valid=357 running=7 pending=43 launched=364 failed=0 gaveup=0 forkfail=0 free_kb=12261676 sims_boxwide=6 last_event_age=0s last_event_epoch=1790513212
[14:48:58] DONE clOC_south_half_139925734 rc=0 771s clOC south/half seed=139925734 rescued=3 dead=1 unreachable=0 never_detected=0 ff_deaths=1 terminal=251 completions=3 recycles=3 removals=3 returns=3 wall=769s [valid 358/407] src=2a36d14ad942 ext=6fc3e7041ad3 head=108a0adf55acdb5743cd70a347fc7810fbcefe24
[14:48:59] LAUNCH clOA_east_half_101 running=7 free_kb=12207892 sims_boxwide=6 attempt=1 src=2a36d14ad942 ext=6fc3e7041ad3 head=108a0adf55acdb5743cd70a347fc7810fbcefe24
[14:49:09] .. alive runid=20260927-033204-1937 event_age=10s | wave=s3 total=407 valid=358 running=7 pending=42 launched=365 failed=0 gaveup=0 forkfail=0 free_kb=12207892 sims_boxwide=6 last_event_age=0s last_event_epoch=1790513339
[14:50:09] .. alive runid=20260927-033204-1937 event_age=70s | wave=s3 total=407 valid=358 running=7 pending=42 launched=365 failed=0 gaveup=0 forkfail=0 free_kb=12207892 sims_boxwide=6 last_event_age=0s last_event_epoch=1790513339
[14:50:20] DONE clOC_south_half_1048395951 rc=0 643s clOC south/half seed=1048395951 rescued=3 dead=0 unreachable=0 never_detected=0 ff_deaths=1 terminal=None completions=3 recycles=3 removals=3 returns=3 wall=641s [valid 359/407] src=2a36d14ad942 ext=6fc3e7041ad3 head=108a0adf55acdb5743cd70a347fc7810fbcefe24
[14:50:22] LAUNCH clOA_east_half_202 running=7 free_kb=12157112 sims_boxwide=6 attempt=1 src=2a36d14ad942 ext=6fc3e7041ad3 head=108a0adf55acdb5743cd70a347fc7810fbcefe24
[14:51:09] .. alive runid=20260927-033204-1937 event_age=47s | wave=s3 total=407 valid=359 running=7 pending=41 launched=366 failed=0 gaveup=0 forkfail=0 free_kb=12157112 sims_boxwide=6 last_event_age=0s last_event_epoch=1790513422
[14:52:09] .. alive runid=20260927-033204-1937 event_age=107s | wave=s3 total=407 valid=359 running=7 pending=41 launched=366 failed=0 gaveup=0 forkfail=0 free_kb=12157112 sims_boxwide=6 last_event_age=0s last_event_epoch=1790513422
[14:52:27] DONE clOC_south_half_903347495 rc=0 654s clOC south/half seed=903347495 rescued=4 dead=0 unreachable=0 never_detected=0 ff_deaths=0 terminal=278 completions=4 recycles=4 removals=4 returns=4 wall=652s [valid 360/407] src=2a36d14ad942 ext=6fc3e7041ad3 head=108a0adf55acdb5743cd70a347fc7810fbcefe24
[14:52:28] LAUNCH clOA_east_half_303 running=7 free_kb=12188460 sims_boxwide=6 attempt=1 src=2a36d14ad942 ext=6fc3e7041ad3 head=108a0adf55acdb5743cd70a347fc7810fbcefe24
[14:53:09] .. alive runid=20260927-033204-1937 event_age=41s | wave=s3 total=407 valid=360 running=7 pending=40 launched=367 failed=0 gaveup=0 forkfail=0 free_kb=12188460 sims_boxwide=6 last_event_age=0s last_event_epoch=1790513548
[14:53:31] DONE clOC_east_def_2038269169 rc=0 542s clOC east/default seed=2038269169 rescued=3 dead=1 unreachable=0 never_detected=0 ff_deaths=0 terminal=233 completions=3 recycles=3 removals=3 returns=3 wall=540s [valid 361/407] src=2a36d14ad942 ext=6fc3e7041ad3 head=108a0adf55acdb5743cd70a347fc7810fbcefe24
[14:53:32] LAUNCH clOA_east_half_404 running=7 free_kb=12164748 sims_boxwide=6 attempt=1 src=2a36d14ad942 ext=6fc3e7041ad3 head=108a0adf55acdb5743cd70a347fc7810fbcefe24
[14:54:09] .. alive runid=20260927-033204-1937 event_age=37s | wave=s3 total=407 valid=361 running=7 pending=39 launched=368 failed=0 gaveup=0 forkfail=0 free_kb=12164748 sims_boxwide=6 last_event_age=0s last_event_epoch=1790513612
[14:54:30] DONE clOC_east_def_1420331661 rc=0 506s clOC east/default seed=1420331661 rescued=4 dead=0 unreachable=0 never_detected=0 ff_deaths=1 terminal=157 completions=4 recycles=4 removals=4 returns=4 wall=505s [valid 362/407] src=2a36d14ad942 ext=6fc3e7041ad3 head=108a0adf55acdb5743cd70a347fc7810fbcefe24
[14:54:32] LAUNCH clOA_east_half_505 running=7 free_kb=12132896 sims_boxwide=6 attempt=1 src=2a36d14ad942 ext=6fc3e7041ad3 head=108a0adf55acdb5743cd70a347fc7810fbcefe24
[14:55:09] .. alive runid=20260927-033204-1937 event_age=37s | wave=s3 total=407 valid=362 running=7 pending=38 launched=369 failed=0 gaveup=0 forkfail=0 free_kb=12132896 sims_boxwide=6 last_event_age=0s last_event_epoch=1790513672
[14:55:18] DONE clOC_east_def_1749069988 rc=0 591s clOC east/default seed=1749069988 rescued=3 dead=1 unreachable=0 never_detected=0 ff_deaths=1 terminal=200 completions=3 recycles=3 removals=3 returns=3 wall=589s [valid 363/407] src=2a36d14ad942 ext=6fc3e7041ad3 head=108a0adf55acdb5743cd70a347fc7810fbcefe24
[14:55:19] LAUNCH clOA_south_half_101 running=7 free_kb=12188308 sims_boxwide=6 attempt=1 src=2a36d14ad942 ext=6fc3e7041ad3 head=108a0adf55acdb5743cd70a347fc7810fbcefe24
[14:55:47] DONE clOC_east_def_1480870832 rc=0 535s clOC east/default seed=1480870832 rescued=2 dead=2 unreachable=0 never_detected=0 ff_deaths=0 terminal=156 completions=2 recycles=2 removals=2 returns=2 wall=534s [valid 364/407] src=2a36d14ad942 ext=6fc3e7041ad3 head=108a0adf55acdb5743cd70a347fc7810fbcefe24
[14:55:49] LAUNCH clOA_south_half_202 running=7 free_kb=12265636 sims_boxwide=6 attempt=1 src=2a36d14ad942 ext=6fc3e7041ad3 head=108a0adf55acdb5743cd70a347fc7810fbcefe24
[14:56:10] .. alive runid=20260927-033204-1937 event_age=21s | wave=s3 total=407 valid=364 running=7 pending=36 launched=371 failed=0 gaveup=0 forkfail=0 free_kb=12265636 sims_boxwide=6 last_event_age=0s last_event_epoch=1790513749
[14:57:10] .. alive runid=20260927-033204-1937 event_age=81s | wave=s3 total=407 valid=364 running=7 pending=36 launched=371 failed=0 gaveup=0 forkfail=0 free_kb=12265636 sims_boxwide=6 last_event_age=0s last_event_epoch=1790513749
[14:58:10] .. alive runid=20260927-033204-1937 event_age=141s | wave=s3 total=407 valid=364 running=7 pending=36 launched=371 failed=0 gaveup=0 forkfail=0 free_kb=12265636 sims_boxwide=6 last_event_age=0s last_event_epoch=1790513749
[14:59:10] .. alive runid=20260927-033204-1937 event_age=201s | wave=s3 total=407 valid=364 running=7 pending=36 launched=371 failed=0 gaveup=0 forkfail=0 free_kb=12265636 sims_boxwide=6 last_event_age=0s last_event_epoch=1790513749
[15:00:10] .. alive runid=20260927-033204-1937 event_age=261s | wave=s3 total=407 valid=364 running=7 pending=36 launched=371 failed=0 gaveup=0 forkfail=0 free_kb=12265636 sims_boxwide=6 last_event_age=0s last_event_epoch=1790513749
[15:01:10] .. alive runid=20260927-033204-1937 event_age=321s | wave=s3 total=407 valid=364 running=7 pending=36 launched=371 failed=0 gaveup=0 forkfail=0 free_kb=12265636 sims_boxwide=6 last_event_age=0s last_event_epoch=1790513749
[15:02:10] .. alive runid=20260927-033204-1937 event_age=381s | wave=s3 total=407 valid=364 running=7 pending=36 launched=371 failed=0 gaveup=0 forkfail=0 free_kb=12265636 sims_boxwide=6 last_event_age=0s last_event_epoch=1790513749
[15:02:11] DONE clOA_east_half_101 rc=0 791s clOA east/half seed=101 rescued=4 dead=0 unreachable=0 never_detected=0 ff_deaths=1 terminal=127 completions=4 recycles=4 removals=4 returns=4 wall=789s [valid 365/407] src=2a36d14ad942 ext=6fc3e7041ad3 head=108a0adf55acdb5743cd70a347fc7810fbcefe24
[15:02:12] LAUNCH clOA_south_half_303 running=7 free_kb=12245660 sims_boxwide=6 attempt=1 src=2a36d14ad942 ext=6fc3e7041ad3 head=108a0adf55acdb5743cd70a347fc7810fbcefe24
[15:02:55] DONE clOA_east_half_202 rc=0 752s clOA east/half seed=202 rescued=3 dead=1 unreachable=0 never_detected=0 ff_deaths=0 terminal=104 completions=3 recycles=3 removals=3 returns=3 wall=751s [valid 366/407] src=2a36d14ad942 ext=6fc3e7041ad3 head=108a0adf55acdb5743cd70a347fc7810fbcefe24
[15:02:56] LAUNCH clOA_south_half_404 running=7 free_kb=12246924 sims_boxwide=6 attempt=1 src=2a36d14ad942 ext=6fc3e7041ad3 head=108a0adf55acdb5743cd70a347fc7810fbcefe24
[15:03:10] .. alive runid=20260927-033204-1937 event_age=14s | wave=s3 total=407 valid=366 running=7 pending=34 launched=373 failed=0 gaveup=0 forkfail=0 free_kb=12246924 sims_boxwide=6 last_event_age=0s last_event_epoch=1790514176
[15:03:35] DONE clOA_south_half_101 rc=0 495s clOA south/half seed=101 rescued=2 dead=2 unreachable=0 never_detected=0 ff_deaths=1 terminal=129 completions=2 recycles=2 removals=2 returns=2 wall=493s [valid 367/407] src=2a36d14ad942 ext=6fc3e7041ad3 head=108a0adf55acdb5743cd70a347fc7810fbcefe24
[15:03:36] LAUNCH clOA_south_half_505 running=7 free_kb=12221008 sims_boxwide=6 attempt=1 src=2a36d14ad942 ext=6fc3e7041ad3 head=108a0adf55acdb5743cd70a347fc7810fbcefe24
[15:04:10] .. alive runid=20260927-033204-1937 event_age=34s | wave=s3 total=407 valid=367 running=7 pending=33 launched=374 failed=0 gaveup=0 forkfail=0 free_kb=12221008 sims_boxwide=6 last_event_age=0s last_event_epoch=1790514216
[15:05:00] DONE clOA_south_half_202 rc=0 550s clOA south/half seed=202 rescued=3 dead=1 unreachable=0 never_detected=0 ff_deaths=0 terminal=201 completions=3 recycles=3 removals=3 returns=3 wall=549s [valid 368/407] src=2a36d14ad942 ext=6fc3e7041ad3 head=108a0adf55acdb5743cd70a347fc7810fbcefe24
[15:05:01] LAUNCH clOA_east_def_101 running=7 free_kb=12163472 sims_boxwide=6 attempt=1 src=2a36d14ad942 ext=6fc3e7041ad3 head=108a0adf55acdb5743cd70a347fc7810fbcefe24
[15:05:10] .. alive runid=20260927-033204-1937 event_age=9s | wave=s3 total=407 valid=368 running=7 pending=32 launched=375 failed=0 gaveup=0 forkfail=0 free_kb=12163472 sims_boxwide=6 last_event_age=0s last_event_epoch=1790514301
[15:05:31] DONE clOA_east_half_303 rc=0 782s clOA east/half seed=303 rescued=3 dead=1 unreachable=0 never_detected=0 ff_deaths=0 terminal=182 completions=3 recycles=3 removals=3 returns=3 wall=780s [valid 369/407] src=2a36d14ad942 ext=6fc3e7041ad3 head=108a0adf55acdb5743cd70a347fc7810fbcefe24
[15:05:32] LAUNCH clOA_east_def_202 running=7 free_kb=12282348 sims_boxwide=6 attempt=1 src=2a36d14ad942 ext=6fc3e7041ad3 head=108a0adf55acdb5743cd70a347fc7810fbcefe24
[15:06:10] .. alive runid=20260927-033204-1937 event_age=38s | wave=s3 total=407 valid=369 running=7 pending=31 launched=376 failed=0 gaveup=0 forkfail=0 free_kb=12282348 sims_boxwide=6 last_event_age=0s last_event_epoch=1790514332
[15:06:54] DONE clOA_east_half_505 rc=0 742s clOA east/half seed=505 rescued=3 dead=1 unreachable=0 never_detected=0 ff_deaths=1 terminal=109 completions=3 recycles=3 removals=3 returns=3 wall=739s [valid 370/407] src=2a36d14ad942 ext=6fc3e7041ad3 head=108a0adf55acdb5743cd70a347fc7810fbcefe24
[15:06:56] LAUNCH clOA_east_def_303 running=7 free_kb=12295424 sims_boxwide=6 attempt=1 src=2a36d14ad942 ext=6fc3e7041ad3 head=108a0adf55acdb5743cd70a347fc7810fbcefe24
[15:07:10] .. alive runid=20260927-033204-1937 event_age=14s | wave=s3 total=407 valid=370 running=7 pending=30 launched=377 failed=0 gaveup=0 forkfail=0 free_kb=12295424 sims_boxwide=6 last_event_age=0s last_event_epoch=1790514416
[15:08:11] .. alive runid=20260927-033204-1937 event_age=75s | wave=s3 total=407 valid=370 running=7 pending=30 launched=377 failed=0 gaveup=0 forkfail=0 free_kb=12295424 sims_boxwide=6 last_event_age=0s last_event_epoch=1790514416
[15:09:11] .. alive runid=20260927-033204-1937 event_age=135s | wave=s3 total=407 valid=370 running=7 pending=30 launched=377 failed=0 gaveup=0 forkfail=0 free_kb=12295424 sims_boxwide=6 last_event_age=0s last_event_epoch=1790514416
[15:09:55] DONE clOA_south_half_303 rc=0 463s clOA south/half seed=303 rescued=4 dead=0 unreachable=0 never_detected=0 ff_deaths=0 terminal=114 completions=4 recycles=4 removals=4 returns=4 wall=461s [valid 371/407] src=2a36d14ad942 ext=6fc3e7041ad3 head=108a0adf55acdb5743cd70a347fc7810fbcefe24
[15:09:57] LAUNCH clOA_east_half_2070841104 running=7 free_kb=12164364 sims_boxwide=6 attempt=1 src=2a36d14ad942 ext=6fc3e7041ad3 head=108a0adf55acdb5743cd70a347fc7810fbcefe24
[15:10:11] .. alive runid=20260927-033204-1937 event_age=14s | wave=s3 total=407 valid=371 running=7 pending=29 launched=378 failed=0 gaveup=0 forkfail=0 free_kb=12164364 sims_boxwide=6 last_event_age=0s last_event_epoch=1790514597
[15:11:11] .. alive runid=20260927-033204-1937 event_age=74s | wave=s3 total=407 valid=371 running=7 pending=29 launched=378 failed=0 gaveup=0 forkfail=0 free_kb=12164364 sims_boxwide=6 last_event_age=0s last_event_epoch=1790514597
[15:11:40] DONE clOA_south_half_505 rc=0 483s clOA south/half seed=505 rescued=3 dead=1 unreachable=0 never_detected=0 ff_deaths=0 terminal=114 completions=3 recycles=3 removals=3 returns=3 wall=482s [valid 372/407] src=2a36d14ad942 ext=6fc3e7041ad3 head=108a0adf55acdb5743cd70a347fc7810fbcefe24
[15:11:41] LAUNCH clOA_east_half_1147610331 running=7 free_kb=12218676 sims_boxwide=6 attempt=1 src=2a36d14ad942 ext=6fc3e7041ad3 head=108a0adf55acdb5743cd70a347fc7810fbcefe24
[15:11:54] DONE clOA_south_half_404 rc=0 537s clOA south/half seed=404 rescued=3 dead=1 unreachable=0 never_detected=0 ff_deaths=0 terminal=193 completions=3 recycles=3 removals=3 returns=3 wall=527s [valid 373/407] src=2a36d14ad942 ext=6fc3e7041ad3 head=108a0adf55acdb5743cd70a347fc7810fbcefe24
[15:11:55] LAUNCH clOA_east_half_1291443119 running=7 free_kb=12285504 sims_boxwide=6 attempt=1 src=2a36d14ad942 ext=6fc3e7041ad3 head=108a0adf55acdb5743cd70a347fc7810fbcefe24
[15:12:11] .. alive runid=20260927-033204-1937 event_age=16s | wave=s3 total=407 valid=373 running=7 pending=27 launched=380 failed=0 gaveup=0 forkfail=0 free_kb=12285504 sims_boxwide=6 last_event_age=0s last_event_epoch=1790514715
[15:12:26] DONE clOA_east_def_101 rc=0 444s clOA east/default seed=101 rescued=3 dead=0 unreachable=1 never_detected=1 ff_deaths=0 terminal=210 completions=3 recycles=3 removals=3 returns=3 wall=443s [valid 374/407] src=2a36d14ad942 ext=6fc3e7041ad3 head=108a0adf55acdb5743cd70a347fc7810fbcefe24
[15:12:27] LAUNCH clOA_east_half_1433805104 running=7 free_kb=12296384 sims_boxwide=6 attempt=1 src=2a36d14ad942 ext=6fc3e7041ad3 head=108a0adf55acdb5743cd70a347fc7810fbcefe24
[15:13:11] .. alive runid=20260927-033204-1937 event_age=44s | wave=s3 total=407 valid=374 running=7 pending=26 launched=381 failed=0 gaveup=0 forkfail=0 free_kb=12296384 sims_boxwide=6 last_event_age=0s last_event_epoch=1790514747
[15:13:14] DONE clOA_east_def_202 rc=0 462s clOA east/default seed=202 rescued=3 dead=1 unreachable=0 never_detected=0 ff_deaths=0 terminal=181 completions=3 recycles=3 removals=3 returns=3 wall=460s [valid 375/407] src=2a36d14ad942 ext=6fc3e7041ad3 head=108a0adf55acdb5743cd70a347fc7810fbcefe24
[15:13:16] LAUNCH clOA_east_half_1636723358 running=7 free_kb=12288200 sims_boxwide=6 attempt=1 src=2a36d14ad942 ext=6fc3e7041ad3 head=108a0adf55acdb5743cd70a347fc7810fbcefe24
[15:13:28] DONE clOA_east_half_404 rc=0 1196s clOA east/half seed=404 rescued=3 dead=1 unreachable=0 never_detected=0 ff_deaths=0 terminal=232 completions=3 recycles=3 removals=3 returns=3 wall=1186s [valid 376/407] src=2a36d14ad942 ext=6fc3e7041ad3 head=108a0adf55acdb5743cd70a347fc7810fbcefe24
[15:13:29] LAUNCH clOA_east_half_1252362635 running=7 free_kb=12327812 sims_boxwide=6 attempt=1 src=2a36d14ad942 ext=6fc3e7041ad3 head=108a0adf55acdb5743cd70a347fc7810fbcefe24
[15:13:58] DONE clOA_east_def_303 rc=0 422s clOA east/default seed=303 rescued=3 dead=1 unreachable=0 never_detected=0 ff_deaths=1 terminal=138 completions=3 recycles=3 removals=3 returns=3 wall=421s [valid 377/407] src=2a36d14ad942 ext=6fc3e7041ad3 head=108a0adf55acdb5743cd70a347fc7810fbcefe24
[15:14:00] LAUNCH clOA_east_half_294124329 running=7 free_kb=12348220 sims_boxwide=6 attempt=1 src=2a36d14ad942 ext=6fc3e7041ad3 head=108a0adf55acdb5743cd70a347fc7810fbcefe24
[15:14:11] .. alive runid=20260927-033204-1937 event_age=11s | wave=s3 total=407 valid=377 running=7 pending=23 launched=384 failed=0 gaveup=0 forkfail=0 free_kb=12348220 sims_boxwide=6 last_event_age=0s last_event_epoch=1790514840
[15:15:11] .. alive runid=20260927-033204-1937 event_age=71s | wave=s3 total=407 valid=377 running=7 pending=23 launched=384 failed=0 gaveup=0 forkfail=0 free_kb=12348220 sims_boxwide=6 last_event_age=0s last_event_epoch=1790514840
[15:16:11] .. alive runid=20260927-033204-1937 event_age=131s | wave=s3 total=407 valid=377 running=7 pending=23 launched=384 failed=0 gaveup=0 forkfail=0 free_kb=12348220 sims_boxwide=6 last_event_age=0s last_event_epoch=1790514840
[15:17:11] .. alive runid=20260927-033204-1937 event_age=191s | wave=s3 total=407 valid=377 running=7 pending=23 launched=384 failed=0 gaveup=0 forkfail=0 free_kb=12348220 sims_boxwide=6 last_event_age=0s last_event_epoch=1790514840
[15:18:11] .. alive runid=20260927-033204-1937 event_age=251s | wave=s3 total=407 valid=377 running=7 pending=23 launched=384 failed=0 gaveup=0 forkfail=0 free_kb=12348220 sims_boxwide=6 last_event_age=0s last_event_epoch=1790514840
[15:19:11] .. alive runid=20260927-033204-1937 event_age=311s | wave=s3 total=407 valid=377 running=7 pending=23 launched=384 failed=0 gaveup=0 forkfail=0 free_kb=12348220 sims_boxwide=6 last_event_age=0s last_event_epoch=1790514840
[15:20:12] .. alive runid=20260927-033204-1937 event_age=372s | wave=s3 total=407 valid=377 running=7 pending=23 launched=384 failed=0 gaveup=0 forkfail=0 free_kb=12348220 sims_boxwide=6 last_event_age=0s last_event_epoch=1790514840
[15:21:12] .. alive runid=20260927-033204-1937 event_age=432s | wave=s3 total=407 valid=377 running=7 pending=23 launched=384 failed=0 gaveup=0 forkfail=0 free_kb=12348220 sims_boxwide=6 last_event_age=0s last_event_epoch=1790514840
[15:22:12] .. alive runid=20260927-033204-1937 event_age=492s | wave=s3 total=407 valid=377 running=7 pending=23 launched=384 failed=0 gaveup=0 forkfail=0 free_kb=12348220 sims_boxwide=6 last_event_age=0s last_event_epoch=1790514840
[15:23:12] .. alive runid=20260927-033204-1937 event_age=552s | wave=s3 total=407 valid=377 running=7 pending=23 launched=384 failed=0 gaveup=0 forkfail=0 free_kb=12348220 sims_boxwide=6 last_event_age=0s last_event_epoch=1790514840
[15:23:23] DONE clOA_east_half_1147610331 rc=0 701s clOA east/half seed=1147610331 rescued=2 dead=2 unreachable=0 never_detected=0 ff_deaths=0 terminal=93 completions=2 recycles=2 removals=2 returns=2 wall=700s [valid 378/407] src=2a36d14ad942 ext=6fc3e7041ad3 head=108a0adf55acdb5743cd70a347fc7810fbcefe24
[15:23:24] LAUNCH clOA_east_half_1723100518 running=7 free_kb=12173664 sims_boxwide=6 attempt=1 src=2a36d14ad942 ext=6fc3e7041ad3 head=108a0adf55acdb5743cd70a347fc7810fbcefe24
[15:24:12] .. alive runid=20260927-033204-1937 event_age=48s | wave=s3 total=407 valid=378 running=7 pending=22 launched=385 failed=0 gaveup=0 forkfail=0 free_kb=12173664 sims_boxwide=6 last_event_age=0s last_event_epoch=1790515404
[15:25:12] .. alive runid=20260927-033204-1937 event_age=108s | wave=s3 total=407 valid=378 running=7 pending=22 launched=385 failed=0 gaveup=0 forkfail=0 free_kb=12173664 sims_boxwide=6 last_event_age=0s last_event_epoch=1790515404
[15:25:47] DONE clOA_east_half_1636723358 rc=0 750s clOA east/half seed=1636723358 rescued=3 dead=1 unreachable=0 never_detected=0 ff_deaths=0 terminal=106 completions=3 recycles=3 removals=3 returns=3 wall=749s [valid 379/407] src=2a36d14ad942 ext=6fc3e7041ad3 head=108a0adf55acdb5743cd70a347fc7810fbcefe24
[15:25:48] LAUNCH clOA_east_half_1532569567 running=7 free_kb=12206220 sims_boxwide=6 attempt=1 src=2a36d14ad942 ext=6fc3e7041ad3 head=108a0adf55acdb5743cd70a347fc7810fbcefe24
[15:26:12] .. alive runid=20260927-033204-1937 event_age=24s | wave=s3 total=407 valid=379 running=7 pending=21 launched=386 failed=0 gaveup=0 forkfail=0 free_kb=12206220 sims_boxwide=6 last_event_age=0s last_event_epoch=1790515548
[15:26:16] DONE clOA_east_half_1291443119 rc=0 860s clOA east/half seed=1291443119 rescued=4 dead=0 unreachable=0 never_detected=0 ff_deaths=1 terminal=135 completions=4 recycles=4 removals=4 returns=4 wall=859s [valid 380/407] src=2a36d14ad942 ext=6fc3e7041ad3 head=108a0adf55acdb5743cd70a347fc7810fbcefe24
[15:26:17] LAUNCH clOA_east_half_498896028 running=7 free_kb=12245644 sims_boxwide=6 attempt=1 src=2a36d14ad942 ext=6fc3e7041ad3 head=108a0adf55acdb5743cd70a347fc7810fbcefe24
[15:27:08] DONE clOA_east_half_294124329 rc=0 787s clOA east/half seed=294124329 rescued=4 dead=0 unreachable=0 never_detected=0 ff_deaths=0 terminal=141 completions=4 recycles=4 removals=4 returns=4 wall=786s [valid 381/407] src=2a36d14ad942 ext=6fc3e7041ad3 head=108a0adf55acdb5743cd70a347fc7810fbcefe24
[15:27:09] LAUNCH clOA_east_half_1401495347 running=7 free_kb=12285212 sims_boxwide=6 attempt=1 src=2a36d14ad942 ext=6fc3e7041ad3 head=108a0adf55acdb5743cd70a347fc7810fbcefe24
[15:27:12] .. alive runid=20260927-033204-1937 event_age=3s | wave=s3 total=407 valid=381 running=7 pending=19 launched=388 failed=0 gaveup=0 forkfail=0 free_kb=12285212 sims_boxwide=6 last_event_age=0s last_event_epoch=1790515629
[15:28:12] .. alive runid=20260927-033204-1937 event_age=63s | wave=s3 total=407 valid=381 running=7 pending=19 launched=388 failed=0 gaveup=0 forkfail=0 free_kb=12285212 sims_boxwide=6 last_event_age=0s last_event_epoch=1790515629
[15:29:12] .. alive runid=20260927-033204-1937 event_age=123s | wave=s3 total=407 valid=381 running=7 pending=19 launched=388 failed=0 gaveup=0 forkfail=0 free_kb=12285212 sims_boxwide=6 last_event_age=0s last_event_epoch=1790515629
[15:29:28] DONE clOA_east_half_1433805104 rc=0 1021s clOA east/half seed=1433805104 rescued=4 dead=0 unreachable=0 never_detected=0 ff_deaths=0 terminal=199 completions=4 recycles=4 removals=4 returns=4 wall=1019s [valid 382/407] src=2a36d14ad942 ext=6fc3e7041ad3 head=108a0adf55acdb5743cd70a347fc7810fbcefe24
[15:29:30] LAUNCH clOA_east_half_133894353 running=7 free_kb=12166224 sims_boxwide=6 attempt=1 src=2a36d14ad942 ext=6fc3e7041ad3 head=108a0adf55acdb5743cd70a347fc7810fbcefe24
[15:29:58] DONE clOA_east_half_2070841104 rc=0 1201s clOA east/half seed=2070841104 rescued=4 dead=0 unreachable=0 never_detected=0 ff_deaths=0 terminal=246 completions=4 recycles=4 removals=4 returns=4 wall=1200s [valid 383/407] src=2a36d14ad942 ext=6fc3e7041ad3 head=108a0adf55acdb5743cd70a347fc7810fbcefe24
[15:29:59] LAUNCH clOA_east_half_1788979460 running=7 free_kb=12229996 sims_boxwide=6 attempt=1 src=2a36d14ad942 ext=6fc3e7041ad3 head=108a0adf55acdb5743cd70a347fc7810fbcefe24
[15:30:12] .. alive runid=20260927-033204-1937 event_age=13s | wave=s3 total=407 valid=383 running=7 pending=17 launched=390 failed=0 gaveup=0 forkfail=0 free_kb=12229996 sims_boxwide=6 last_event_age=0s last_event_epoch=1790515799
[15:31:12] .. alive runid=20260927-033204-1937 event_age=73s | wave=s3 total=407 valid=383 running=7 pending=17 launched=390 failed=0 gaveup=0 forkfail=0 free_kb=12229996 sims_boxwide=6 last_event_age=0s last_event_epoch=1790515799
[15:32:13] .. alive runid=20260927-033204-1937 event_age=134s | wave=s3 total=407 valid=383 running=7 pending=17 launched=390 failed=0 gaveup=0 forkfail=0 free_kb=12229996 sims_boxwide=6 last_event_age=0s last_event_epoch=1790515799
[15:32:46] DONE clOA_east_half_1252362635 rc=0 1157s clOA east/half seed=1252362635 rescued=4 dead=0 unreachable=0 never_detected=0 ff_deaths=0 terminal=220 completions=4 recycles=4 removals=4 returns=4 wall=1155s [valid 384/407] src=2a36d14ad942 ext=6fc3e7041ad3 head=108a0adf55acdb5743cd70a347fc7810fbcefe24
[15:32:48] LAUNCH clOA_south_half_1486866530 running=7 free_kb=12248008 sims_boxwide=6 attempt=1 src=2a36d14ad942 ext=6fc3e7041ad3 head=108a0adf55acdb5743cd70a347fc7810fbcefe24
[15:33:13] .. alive runid=20260927-033204-1937 event_age=25s | wave=s3 total=407 valid=384 running=7 pending=16 launched=391 failed=0 gaveup=0 forkfail=0 free_kb=12248008 sims_boxwide=6 last_event_age=0s last_event_epoch=1790515968
[15:34:13] .. alive runid=20260927-033204-1937 event_age=85s | wave=s3 total=407 valid=384 running=7 pending=16 launched=391 failed=0 gaveup=0 forkfail=0 free_kb=12248008 sims_boxwide=6 last_event_age=0s last_event_epoch=1790515968
[15:34:54] DONE clOA_east_half_1723100518 rc=0 689s clOA east/half seed=1723100518 rescued=2 dead=2 unreachable=0 never_detected=0 ff_deaths=0 terminal=111 completions=2 recycles=2 removals=2 returns=2 wall=687s [valid 385/407] src=2a36d14ad942 ext=6fc3e7041ad3 head=108a0adf55acdb5743cd70a347fc7810fbcefe24
[15:34:55] LAUNCH clOA_south_half_536769381 running=7 free_kb=12151000 sims_boxwide=6 attempt=1 src=2a36d14ad942 ext=6fc3e7041ad3 head=108a0adf55acdb5743cd70a347fc7810fbcefe24
[15:35:13] .. alive runid=20260927-033204-1937 event_age=18s | wave=s3 total=407 valid=385 running=7 pending=15 launched=392 failed=0 gaveup=0 forkfail=0 free_kb=12151000 sims_boxwide=6 last_event_age=0s last_event_epoch=1790516095
[15:36:13] .. alive runid=20260927-033204-1937 event_age=78s | wave=s3 total=407 valid=385 running=7 pending=15 launched=392 failed=0 gaveup=0 forkfail=0 free_kb=12151000 sims_boxwide=6 last_event_age=0s last_event_epoch=1790516095
[15:37:13] .. alive runid=20260927-033204-1937 event_age=138s | wave=s3 total=407 valid=385 running=7 pending=15 launched=392 failed=0 gaveup=0 forkfail=0 free_kb=12151000 sims_boxwide=6 last_event_age=0s last_event_epoch=1790516095
[15:38:13] .. alive runid=20260927-033204-1937 event_age=198s | wave=s3 total=407 valid=385 running=7 pending=15 launched=392 failed=0 gaveup=0 forkfail=0 free_kb=12151000 sims_boxwide=6 last_event_age=0s last_event_epoch=1790516095
[15:39:13] .. alive runid=20260927-033204-1937 event_age=258s | wave=s3 total=407 valid=385 running=7 pending=15 launched=392 failed=0 gaveup=0 forkfail=0 free_kb=12151000 sims_boxwide=6 last_event_age=0s last_event_epoch=1790516095
[15:39:38] DONE clOA_east_half_1532569567 rc=0 829s clOA east/half seed=1532569567 rescued=4 dead=0 unreachable=0 never_detected=0 ff_deaths=0 terminal=160 completions=4 recycles=4 removals=4 returns=4 wall=827s [valid 386/407] src=2a36d14ad942 ext=6fc3e7041ad3 head=108a0adf55acdb5743cd70a347fc7810fbcefe24
[15:39:39] LAUNCH clOA_south_half_791464433 running=7 free_kb=11828616 sims_boxwide=6 attempt=1 src=2a36d14ad942 ext=6fc3e7041ad3 head=108a0adf55acdb5743cd70a347fc7810fbcefe24
[15:40:13] .. alive runid=20260927-033204-1937 event_age=34s | wave=s3 total=407 valid=386 running=7 pending=14 launched=393 failed=0 gaveup=0 forkfail=0 free_kb=11828616 sims_boxwide=6 last_event_age=0s last_event_epoch=1790516379
[15:41:13] .. alive runid=20260927-033204-1937 event_age=94s | wave=s3 total=407 valid=386 running=7 pending=14 launched=393 failed=0 gaveup=0 forkfail=0 free_kb=11828616 sims_boxwide=6 last_event_age=0s last_event_epoch=1790516379
[15:41:40] DONE clOA_south_half_536769381 rc=0 405s clOA south/half seed=536769381 rescued=4 dead=0 unreachable=0 never_detected=0 ff_deaths=0 terminal=114 completions=4 recycles=4 removals=4 returns=4 wall=403s [valid 387/407] src=2a36d14ad942 ext=6fc3e7041ad3 head=108a0adf55acdb5743cd70a347fc7810fbcefe24
[15:41:41] LAUNCH clOA_south_half_706299103 running=7 free_kb=12190468 sims_boxwide=6 attempt=1 src=2a36d14ad942 ext=6fc3e7041ad3 head=108a0adf55acdb5743cd70a347fc7810fbcefe24
[15:42:06] DONE clOA_east_half_1401495347 rc=0 897s clOA east/half seed=1401495347 rescued=4 dead=0 unreachable=0 never_detected=0 ff_deaths=0 terminal=149 completions=4 recycles=4 removals=4 returns=4 wall=895s [valid 388/407] src=2a36d14ad942 ext=6fc3e7041ad3 head=108a0adf55acdb5743cd70a347fc7810fbcefe24
[15:42:07] LAUNCH clOA_south_half_1364948962 running=7 free_kb=12245836 sims_boxwide=6 attempt=1 src=2a36d14ad942 ext=6fc3e7041ad3 head=108a0adf55acdb5743cd70a347fc7810fbcefe24
[15:42:13] .. alive runid=20260927-033204-1937 event_age=6s | wave=s3 total=407 valid=388 running=7 pending=12 launched=395 failed=0 gaveup=0 forkfail=0 free_kb=12245836 sims_boxwide=6 last_event_age=0s last_event_epoch=1790516527
[15:42:36] DONE clOA_south_half_1486866530 rc=0 587s clOA south/half seed=1486866530 rescued=3 dead=1 unreachable=0 never_detected=0 ff_deaths=1 terminal=210 completions=3 recycles=3 removals=3 returns=3 wall=586s [valid 389/407] src=2a36d14ad942 ext=6fc3e7041ad3 head=108a0adf55acdb5743cd70a347fc7810fbcefe24
[15:42:37] LAUNCH clOA_south_half_937041678 running=7 free_kb=12209284 sims_boxwide=6 attempt=1 src=2a36d14ad942 ext=6fc3e7041ad3 head=108a0adf55acdb5743cd70a347fc7810fbcefe24
[15:43:13] .. alive runid=20260927-033204-1937 event_age=36s | wave=s3 total=407 valid=389 running=7 pending=11 launched=396 failed=0 gaveup=0 forkfail=0 free_kb=12209284 sims_boxwide=6 last_event_age=0s last_event_epoch=1790516557
[15:44:14] .. alive runid=20260927-033204-1937 event_age=97s | wave=s3 total=407 valid=389 running=7 pending=11 launched=396 failed=0 gaveup=0 forkfail=0 free_kb=12209284 sims_boxwide=6 last_event_age=0s last_event_epoch=1790516557
[15:44:32] DONE clOA_east_half_498896028 rc=0 1095s clOA east/half seed=498896028 rescued=4 dead=0 unreachable=0 never_detected=0 ff_deaths=0 terminal=210 completions=4 recycles=4 removals=4 returns=4 wall=1093s [valid 390/407] src=2a36d14ad942 ext=6fc3e7041ad3 head=108a0adf55acdb5743cd70a347fc7810fbcefe24
[15:44:34] LAUNCH clOA_south_half_954838929 running=7 free_kb=12130560 sims_boxwide=6 attempt=1 src=2a36d14ad942 ext=6fc3e7041ad3 head=108a0adf55acdb5743cd70a347fc7810fbcefe24
[15:45:14] .. alive runid=20260927-033204-1937 event_age=40s | wave=s3 total=407 valid=390 running=7 pending=10 launched=397 failed=0 gaveup=0 forkfail=0 free_kb=12130560 sims_boxwide=6 last_event_age=0s last_event_epoch=1790516674
[15:46:14] .. alive runid=20260927-033204-1937 event_age=100s | wave=s3 total=407 valid=390 running=7 pending=10 launched=397 failed=0 gaveup=0 forkfail=0 free_kb=12130560 sims_boxwide=6 last_event_age=0s last_event_epoch=1790516674
[15:47:07] DONE clOA_south_half_1364948962 rc=0 300s clOA south/half seed=1364948962 rescued=4 dead=0 unreachable=0 never_detected=0 ff_deaths=0 terminal=142 completions=4 recycles=4 removals=4 returns=4 wall=298s [valid 391/407] src=2a36d14ad942 ext=6fc3e7041ad3 head=108a0adf55acdb5743cd70a347fc7810fbcefe24
[15:47:08] DONE clOA_east_half_1788979460 rc=0 1028s clOA east/half seed=1788979460 rescued=3 dead=0 unreachable=1 never_detected=1 ff_deaths=1 terminal=210 completions=3 recycles=3 removals=3 returns=3 wall=1026s [valid 392/407] src=2a36d14ad942 ext=6fc3e7041ad3 head=108a0adf55acdb5743cd70a347fc7810fbcefe24
[15:47:09] LAUNCH clOA_south_half_139925734 running=6 free_kb=13079748 sims_boxwide=5 attempt=1 src=2a36d14ad942 ext=6fc3e7041ad3 head=108a0adf55acdb5743cd70a347fc7810fbcefe24
[15:47:14] .. alive runid=20260927-033204-1937 event_age=5s | wave=s3 total=407 valid=392 running=6 pending=9 launched=398 failed=0 gaveup=0 forkfail=0 free_kb=13079748 sims_boxwide=5 last_event_age=0s last_event_epoch=1790516829
[15:47:22] LAUNCH clOA_south_half_1624156665 running=7 free_kb=12193376 sims_boxwide=6 attempt=1 src=2a36d14ad942 ext=6fc3e7041ad3 head=108a0adf55acdb5743cd70a347fc7810fbcefe24
[15:48:14] .. alive runid=20260927-033204-1937 event_age=52s | wave=s3 total=407 valid=392 running=7 pending=8 launched=399 failed=0 gaveup=0 forkfail=0 free_kb=12193376 sims_boxwide=6 last_event_age=0s last_event_epoch=1790516842
[15:48:47] DONE clOA_south_half_791464433 rc=0 547s clOA south/half seed=791464433 rescued=4 dead=0 unreachable=0 never_detected=0 ff_deaths=0 terminal=143 completions=4 recycles=4 removals=4 returns=4 wall=546s [valid 393/407] src=2a36d14ad942 ext=6fc3e7041ad3 head=108a0adf55acdb5743cd70a347fc7810fbcefe24
[15:48:48] LAUNCH clOA_south_half_285242396 running=7 free_kb=12171052 sims_boxwide=6 attempt=1 src=2a36d14ad942 ext=6fc3e7041ad3 head=108a0adf55acdb5743cd70a347fc7810fbcefe24
[15:49:14] .. alive runid=20260927-033204-1937 event_age=26s | wave=s3 total=407 valid=393 running=7 pending=7 launched=400 failed=0 gaveup=0 forkfail=0 free_kb=12171052 sims_boxwide=6 last_event_age=0s last_event_epoch=1790516928
[15:49:33] DONE clOA_east_half_133894353 rc=0 1203s clOA east/half seed=133894353 rescued=4 dead=0 unreachable=0 never_detected=0 ff_deaths=0 terminal=238 completions=4 recycles=4 removals=4 returns=4 wall=1202s [valid 394/407] src=2a36d14ad942 ext=6fc3e7041ad3 head=108a0adf55acdb5743cd70a347fc7810fbcefe24
[15:49:35] LAUNCH clOA_south_half_573250932 running=7 free_kb=12104656 sims_boxwide=6 attempt=1 src=2a36d14ad942 ext=6fc3e7041ad3 head=108a0adf55acdb5743cd70a347fc7810fbcefe24
[15:49:47] DONE clOA_south_half_706299103 rc=0 486s clOA south/half seed=706299103 rescued=4 dead=0 unreachable=0 never_detected=0 ff_deaths=0 terminal=194 completions=4 recycles=4 removals=4 returns=4 wall=479s [valid 395/407] src=2a36d14ad942 ext=6fc3e7041ad3 head=108a0adf55acdb5743cd70a347fc7810fbcefe24
[15:49:49] LAUNCH clOA_south_half_1048395951 running=7 free_kb=12142980 sims_boxwide=6 attempt=1 src=2a36d14ad942 ext=6fc3e7041ad3 head=108a0adf55acdb5743cd70a347fc7810fbcefe24
[15:50:14] .. alive runid=20260927-033204-1937 event_age=25s | wave=s3 total=407 valid=395 running=7 pending=5 launched=402 failed=0 gaveup=0 forkfail=0 free_kb=12142980 sims_boxwide=6 last_event_age=0s last_event_epoch=1790516989
[15:51:02] DONE clOA_south_half_937041678 rc=0 504s clOA south/half seed=937041678 rescued=4 dead=0 unreachable=0 never_detected=0 ff_deaths=0 terminal=197 completions=4 recycles=4 removals=4 returns=4 wall=502s [valid 396/407] src=2a36d14ad942 ext=6fc3e7041ad3 head=108a0adf55acdb5743cd70a347fc7810fbcefe24
[15:51:03] LAUNCH clOA_south_half_903347495 running=7 free_kb=12235188 sims_boxwide=6 attempt=1 src=2a36d14ad942 ext=6fc3e7041ad3 head=108a0adf55acdb5743cd70a347fc7810fbcefe24
[15:51:14] .. alive runid=20260927-033204-1937 event_age=11s | wave=s3 total=407 valid=396 running=7 pending=4 launched=403 failed=0 gaveup=0 forkfail=0 free_kb=12235188 sims_boxwide=6 last_event_age=0s last_event_epoch=1790517063
[15:52:14] .. alive runid=20260927-033204-1937 event_age=71s | wave=s3 total=407 valid=396 running=7 pending=4 launched=403 failed=0 gaveup=0 forkfail=0 free_kb=12235188 sims_boxwide=6 last_event_age=0s last_event_epoch=1790517063
[15:53:14] .. alive runid=20260927-033204-1937 event_age=131s | wave=s3 total=407 valid=396 running=7 pending=4 launched=403 failed=0 gaveup=0 forkfail=0 free_kb=12235188 sims_boxwide=6 last_event_age=0s last_event_epoch=1790517063
[15:54:03] DONE clOA_south_half_954838929 rc=0 568s clOA south/half seed=954838929 rescued=3 dead=1 unreachable=0 never_detected=0 ff_deaths=1 terminal=124 completions=3 recycles=3 removals=3 returns=3 wall=567s [valid 397/407] src=2a36d14ad942 ext=6fc3e7041ad3 head=108a0adf55acdb5743cd70a347fc7810fbcefe24
[15:54:04] LAUNCH clOA_east_def_2038269169 running=7 free_kb=12163424 sims_boxwide=6 attempt=1 src=2a36d14ad942 ext=6fc3e7041ad3 head=108a0adf55acdb5743cd70a347fc7810fbcefe24
[15:54:14] .. alive runid=20260927-033204-1937 event_age=10s | wave=s3 total=407 valid=397 running=7 pending=3 launched=404 failed=0 gaveup=0 forkfail=0 free_kb=12163424 sims_boxwide=6 last_event_age=0s last_event_epoch=1790517244
[15:55:11] DONE clOA_south_half_1624156665 rc=0 469s clOA south/half seed=1624156665 rescued=4 dead=0 unreachable=0 never_detected=0 ff_deaths=0 terminal=226 completions=4 recycles=4 removals=4 returns=4 wall=467s [valid 398/407] src=2a36d14ad942 ext=6fc3e7041ad3 head=108a0adf55acdb5743cd70a347fc7810fbcefe24
[15:55:13] LAUNCH clOA_east_def_1749069988 running=7 free_kb=12096680 sims_boxwide=6 attempt=1 src=2a36d14ad942 ext=6fc3e7041ad3 head=108a0adf55acdb5743cd70a347fc7810fbcefe24
[15:55:15] .. alive runid=20260927-033204-1937 event_age=2s | wave=s3 total=407 valid=398 running=7 pending=2 launched=405 failed=0 gaveup=0 forkfail=0 free_kb=12096680 sims_boxwide=6 last_event_age=0s last_event_epoch=1790517313
[15:56:15] .. alive runid=20260927-033204-1937 event_age=62s | wave=s3 total=407 valid=398 running=7 pending=2 launched=405 failed=0 gaveup=0 forkfail=0 free_kb=12096680 sims_boxwide=6 last_event_age=0s last_event_epoch=1790517313
[15:56:41] DONE clOA_south_half_573250932 rc=0 425s clOA south/half seed=573250932 rescued=3 dead=0 unreachable=1 never_detected=1 ff_deaths=0 terminal=210 completions=3 recycles=3 removals=3 returns=3 wall=424s [valid 399/407] src=2a36d14ad942 ext=6fc3e7041ad3 head=108a0adf55acdb5743cd70a347fc7810fbcefe24
[15:56:42] LAUNCH clOA_east_def_1420331661 running=7 free_kb=12139600 sims_boxwide=6 attempt=1 src=2a36d14ad942 ext=6fc3e7041ad3 head=108a0adf55acdb5743cd70a347fc7810fbcefe24
[15:56:55] DONE clOA_south_half_285242396 rc=0 486s clOA south/half seed=285242396 rescued=4 dead=0 unreachable=0 never_detected=0 ff_deaths=1 terminal=130 completions=4 recycles=4 removals=4 returns=4 wall=476s [valid 400/407] src=2a36d14ad942 ext=6fc3e7041ad3 head=108a0adf55acdb5743cd70a347fc7810fbcefe24
[15:56:56] LAUNCH clOA_east_def_1480870832 running=7 free_kb=12173744 sims_boxwide=6 attempt=1 src=2a36d14ad942 ext=6fc3e7041ad3 head=108a0adf55acdb5743cd70a347fc7810fbcefe24
[15:57:15] .. alive runid=20260927-033204-1937 event_age=19s | wave=s3 total=407 valid=400 running=7 pending=0 launched=407 failed=0 gaveup=0 forkfail=0 free_kb=12173744 sims_boxwide=6 last_event_age=0s last_event_epoch=1790517416
[15:58:15] .. alive runid=20260927-033204-1937 event_age=79s | wave=s3 total=407 valid=400 running=7 pending=0 launched=407 failed=0 gaveup=0 forkfail=0 free_kb=12173744 sims_boxwide=6 last_event_age=0s last_event_epoch=1790517416
[15:58:24] DONE clOA_south_half_139925734 rc=0 674s clOA south/half seed=139925734 rescued=3 dead=1 unreachable=0 never_detected=0 ff_deaths=1 terminal=251 completions=3 recycles=3 removals=3 returns=3 wall=672s [valid 401/407] src=2a36d14ad942 ext=6fc3e7041ad3 head=108a0adf55acdb5743cd70a347fc7810fbcefe24
[15:59:15] .. alive runid=20260927-033204-1937 event_age=52s | wave=s3 total=407 valid=401 running=6 pending=0 launched=407 failed=0 gaveup=0 forkfail=0 free_kb=12173744 sims_boxwide=6 last_event_age=1s last_event_epoch=1790517503
[16:00:15] .. alive runid=20260927-033204-1937 event_age=112s | wave=s3 total=407 valid=401 running=6 pending=0 launched=407 failed=0 gaveup=0 forkfail=0 free_kb=12173744 sims_boxwide=6 last_event_age=1s last_event_epoch=1790517503
[16:00:28] DONE clOA_south_half_1048395951 rc=0 638s clOA south/half seed=1048395951 rescued=3 dead=0 unreachable=0 never_detected=0 ff_deaths=1 terminal=None completions=3 recycles=3 removals=3 returns=3 wall=637s [valid 402/407] src=2a36d14ad942 ext=6fc3e7041ad3 head=108a0adf55acdb5743cd70a347fc7810fbcefe24
[16:01:15] .. alive runid=20260927-033204-1937 event_age=48s | wave=s3 total=407 valid=402 running=5 pending=0 launched=407 failed=0 gaveup=0 forkfail=0 free_kb=12173744 sims_boxwide=6 last_event_age=1s last_event_epoch=1790517627
[16:02:00] DONE clOA_south_half_903347495 rc=0 656s clOA south/half seed=903347495 rescued=4 dead=0 unreachable=0 never_detected=0 ff_deaths=0 terminal=278 completions=4 recycles=4 removals=4 returns=4 wall=655s [valid 403/407] src=2a36d14ad942 ext=6fc3e7041ad3 head=108a0adf55acdb5743cd70a347fc7810fbcefe24
[16:02:15] .. alive runid=20260927-033204-1937 event_age=16s | wave=s3 total=407 valid=403 running=4 pending=0 launched=407 failed=0 gaveup=0 forkfail=0 free_kb=12173744 sims_boxwide=6 last_event_age=1s last_event_epoch=1790517719
[16:03:00] DONE clOA_east_def_2038269169 rc=0 535s clOA east/default seed=2038269169 rescued=3 dead=1 unreachable=0 never_detected=0 ff_deaths=0 terminal=233 completions=3 recycles=3 removals=3 returns=3 wall=534s [valid 404/407] src=2a36d14ad942 ext=6fc3e7041ad3 head=108a0adf55acdb5743cd70a347fc7810fbcefe24
[16:03:15] .. alive runid=20260927-033204-1937 event_age=16s | wave=s3 total=407 valid=404 running=3 pending=0 launched=407 failed=0 gaveup=0 forkfail=0 free_kb=12173744 sims_boxwide=6 last_event_age=1s last_event_epoch=1790517779
[16:04:15] .. alive runid=20260927-033204-1937 event_age=76s | wave=s3 total=407 valid=404 running=3 pending=0 launched=407 failed=0 gaveup=0 forkfail=0 free_kb=12173744 sims_boxwide=6 last_event_age=1s last_event_epoch=1790517779
[16:04:38] DONE clOA_east_def_1749069988 rc=0 563s clOA east/default seed=1749069988 rescued=3 dead=1 unreachable=0 never_detected=0 ff_deaths=1 terminal=200 completions=3 recycles=3 removals=3 returns=3 wall=562s [valid 405/407] src=2a36d14ad942 ext=6fc3e7041ad3 head=108a0adf55acdb5743cd70a347fc7810fbcefe24
[16:04:55] DONE clOA_east_def_1420331661 rc=0 493s clOA east/default seed=1420331661 rescued=4 dead=0 unreachable=0 never_detected=0 ff_deaths=1 terminal=157 completions=4 recycles=4 removals=4 returns=4 wall=491s [valid 406/407] src=2a36d14ad942 ext=6fc3e7041ad3 head=108a0adf55acdb5743cd70a347fc7810fbcefe24
[16:05:16] .. alive runid=20260927-033204-1937 event_age=20s | wave=s3 total=407 valid=406 running=1 pending=0 launched=407 failed=0 gaveup=0 forkfail=0 free_kb=12173744 sims_boxwide=6 last_event_age=0s last_event_epoch=1790517895
[16:05:20] DONE clOA_east_def_1480870832 rc=0 503s clOA east/default seed=1480870832 rescued=2 dead=2 unreachable=0 never_detected=0 ff_deaths=0 terminal=156 completions=2 recycles=2 removals=2 returns=2 wall=501s [valid 407/407] src=2a36d14ad942 ext=6fc3e7041ad3 head=108a0adf55acdb5743cd70a347fc7810fbcefe24
[16:05:20] MAIN LOOP LEFT pending=0 running=0
[16:05:33] FINAL SUMMARY total=407 valid=407 invalid=0 missing=0
[16:05:34] FINAL wave=s3 SUMMARY total=407 valid=407 invalid=0 missing=0 live_this_wave=0 sims_boxwide=0
[16:05:34] ALL_DCD4RB_COMPLETE wave=s3 runid=20260927-033204-1937 valid=407/407 launched=407 failed=0 forkfail=0 src=2a36d14ad942 ext=6fc3e7041ad3 head=108a0adf55acdb5743cd70a347fc7810fbcefe24
[16:06:16] HEARTBEAT EXIT wave=s3 runid=20260927-033204-1937 (sentinel)
