[13:58:22] POOL START runid=20260915-135822-14128 restart=0 pid=14128 winpid=4900 head=a3a24f1 dirty_tracked=0 queue=outputs/_fm2probe_queue.txt maxpar=12 minfree_kb=4000000
[13:58:23] ENV 3.10.11 mesa 1.2.1  prereg_sha256=6ec19c9c99efbd57 queue_sha256=cee00390861737f2
[13:58:24] VALIDATE total=243 valid=0 invalid=0 missing=243
[13:58:24] START STATE total=243 valid=0 pending=243 live_orphans_this_wave=0 sims_boxwide=0 free_kb=23407320
[13:58:24] HEARTBEAT pid=14163 every 60s -> outputs/_fm2probe_wave.log ; state file outputs/_fm2probe_state.txt ; sentinel outputs/_fm2probe_hb_20260915-135822-14128.stop
[13:58:25] LAUNCH f2IDD_east_half_101 running=1 free_kb=23392768 sims_boxwide=0 attempt=1
[13:58:38] LAUNCH f2IDD_east_half_202 running=2 free_kb=22547924 sims_boxwide=1 attempt=1
[13:58:50] LAUNCH f2IDD_east_half_303 running=3 free_kb=21667092 sims_boxwide=2 attempt=1
[13:59:03] LAUNCH f2IDD_east_half_404 running=4 free_kb=20781140 sims_boxwide=3 attempt=1
[13:59:16] LAUNCH f2IDD_east_half_505 running=5 free_kb=19967868 sims_boxwide=4 attempt=1
[13:59:24] .. alive runid=20260915-135822-14128 event_age=8s | total=243 valid=0 running=5 pending=238 launched=5 failed=0 gaveup=0 forkfail=0 free_kb=19967868 sims_boxwide=4 last_event_age=0s last_event_epoch=1789473556
[13:59:28] LAUNCH f2IDD_south_half_101 running=6 free_kb=19091356 sims_boxwide=5 attempt=1
[13:59:41] LAUNCH f2IDD_south_half_202 running=7 free_kb=18205976 sims_boxwide=6 attempt=1
[13:59:54] LAUNCH f2IDD_south_half_303 running=8 free_kb=17328260 sims_boxwide=7 attempt=1
[14:00:07] LAUNCH f2IDD_south_half_404 running=9 free_kb=16352184 sims_boxwide=8 attempt=1
[14:00:20] LAUNCH f2IDD_south_half_505 running=10 free_kb=15507256 sims_boxwide=9 attempt=1
[14:00:24] .. alive runid=20260915-135822-14128 event_age=4s | total=243 valid=0 running=10 pending=233 launched=10 failed=0 gaveup=0 forkfail=0 free_kb=15507256 sims_boxwide=9 last_event_age=0s last_event_epoch=1789473620
[14:00:32] LAUNCH f2IDD_east_def_101 running=11 free_kb=14619596 sims_boxwide=10 attempt=1
[14:00:45] LAUNCH f2IDD_east_def_202 running=12 free_kb=13753548 sims_boxwide=11 attempt=1
[14:01:24] .. alive runid=20260915-135822-14128 event_age=39s | total=243 valid=0 running=12 pending=231 launched=12 failed=0 gaveup=0 forkfail=0 free_kb=13753548 sims_boxwide=11 last_event_age=0s last_event_epoch=1789473645
[14:02:25] .. alive runid=20260915-135822-14128 event_age=100s | total=243 valid=0 running=12 pending=231 launched=12 failed=0 gaveup=0 forkfail=0 free_kb=13753548 sims_boxwide=11 last_event_age=0s last_event_epoch=1789473645
[14:03:25] .. alive runid=20260915-135822-14128 event_age=160s | total=243 valid=0 running=12 pending=231 launched=12 failed=0 gaveup=0 forkfail=0 free_kb=13753548 sims_boxwide=11 last_event_age=0s last_event_epoch=1789473645
[14:04:25] .. alive runid=20260915-135822-14128 event_age=220s | total=243 valid=0 running=12 pending=231 launched=12 failed=0 gaveup=0 forkfail=0 free_kb=13753548 sims_boxwide=11 last_event_age=0s last_event_epoch=1789473645
[14:05:25] .. alive runid=20260915-135822-14128 event_age=280s | total=243 valid=0 running=12 pending=231 launched=12 failed=0 gaveup=0 forkfail=0 free_kb=13753548 sims_boxwide=11 last_event_age=0s last_event_epoch=1789473645
[14:06:25] .. alive runid=20260915-135822-14128 event_age=340s | total=243 valid=0 running=12 pending=231 launched=12 failed=0 gaveup=0 forkfail=0 free_kb=13753548 sims_boxwide=11 last_event_age=0s last_event_epoch=1789473645
[14:06:46] DONE f2IDD_south_half_303 rc=0 412s f2IDD south/half seed=303 rescued=4 dead=0 unreachable=0 never_detected=0 ff_deaths=1 terminal=115 completions=4 recycles=4 removals=4 returns=4 wall=411s [valid 1/243]
[14:06:47] LAUNCH f2IDD_east_def_303 running=12 free_kb=13604080 sims_boxwide=11 attempt=1
[14:07:07] DONE f2IDD_south_half_505 rc=0 407s f2IDD south/half seed=505 rescued=3 dead=1 unreachable=0 never_detected=0 ff_deaths=0 terminal=115 completions=3 recycles=3 removals=3 returns=3 wall=406s [valid 2/243]
[14:07:08] LAUNCH f2U0D_east_half_101 running=12 free_kb=13629664 sims_boxwide=11 attempt=1
[14:07:20] DONE f2IDD_south_half_202 rc=0 459s f2IDD south/half seed=202 rescued=4 dead=0 unreachable=0 never_detected=0 ff_deaths=0 terminal=167 completions=4 recycles=4 removals=4 returns=4 wall=453s [valid 3/243]
[14:07:21] LAUNCH f2U0D_east_half_202 running=12 free_kb=13654196 sims_boxwide=11 attempt=1
[14:07:25] .. alive runid=20260915-135822-14128 event_age=4s | total=243 valid=3 running=12 pending=228 launched=15 failed=0 gaveup=0 forkfail=0 free_kb=13654196 sims_boxwide=11 last_event_age=0s last_event_epoch=1789474041
[14:07:43] DONE f2IDD_east_def_202 rc=0 418s f2IDD east/default seed=202 rescued=3 dead=1 unreachable=0 never_detected=0 ff_deaths=0 terminal=175 completions=3 recycles=3 removals=3 returns=3 wall=416s [valid 4/243]
[14:07:44] LAUNCH f2U0D_east_half_303 running=12 free_kb=13658108 sims_boxwide=11 attempt=1
[14:07:57] DONE f2IDD_east_def_101 rc=0 445s f2IDD east/default seed=101 rescued=2 dead=0 unreachable=1 never_detected=1 ff_deaths=0 terminal=None completions=2 recycles=2 removals=2 returns=2 wall=443s [valid 5/243]
[14:07:58] LAUNCH f2U0D_east_half_404 running=12 free_kb=13665104 sims_boxwide=11 attempt=1
[14:08:11] DONE f2IDD_south_half_101 rc=0 522s f2IDD south/half seed=101 rescued=2 dead=1 unreachable=1 never_detected=0 ff_deaths=2 terminal=147 completions=2 recycles=2 removals=2 returns=2 wall=520s [valid 6/243]
[14:08:11] LAUNCH f2U0D_east_half_505 running=12 free_kb=13627768 sims_boxwide=11 attempt=1
[14:08:25] .. alive runid=20260915-135822-14128 event_age=14s | total=243 valid=6 running=12 pending=225 launched=18 failed=0 gaveup=0 forkfail=0 free_kb=13627768 sims_boxwide=11 last_event_age=0s last_event_epoch=1789474091
[14:09:13] DONE f2IDD_south_half_404 rc=0 546s f2IDD south/half seed=404 rescued=2 dead=1 unreachable=0 never_detected=0 ff_deaths=1 terminal=None completions=2 recycles=2 removals=2 returns=2 wall=545s [valid 7/243]
[14:09:14] LAUNCH f2U0D_south_half_101 running=12 free_kb=13568744 sims_boxwide=11 attempt=1
[14:09:25] .. alive runid=20260915-135822-14128 event_age=11s | total=243 valid=7 running=12 pending=224 launched=19 failed=0 gaveup=0 forkfail=0 free_kb=13568744 sims_boxwide=11 last_event_age=0s last_event_epoch=1789474154
[14:10:25] .. alive runid=20260915-135822-14128 event_age=71s | total=243 valid=7 running=12 pending=224 launched=19 failed=0 gaveup=0 forkfail=0 free_kb=13568744 sims_boxwide=11 last_event_age=0s last_event_epoch=1789474154
[14:10:56] DONE f2IDD_east_half_202 rc=0 737s f2IDD east/half seed=202 rescued=3 dead=1 unreachable=0 never_detected=0 ff_deaths=0 terminal=93 completions=3 recycles=3 removals=3 returns=3 wall=736s [valid 8/243]
[14:10:56] LAUNCH f2U0D_south_half_202 running=12 free_kb=13625916 sims_boxwide=11 attempt=1
[14:11:09] DONE f2IDD_east_half_505 rc=0 712s f2IDD east/half seed=505 rescued=3 dead=1 unreachable=0 never_detected=0 ff_deaths=0 terminal=94 completions=3 recycles=3 removals=3 returns=3 wall=707s [valid 9/243]
[14:11:09] LAUNCH f2U0D_south_half_303 running=12 free_kb=13642188 sims_boxwide=11 attempt=1
[14:11:25] .. alive runid=20260915-135822-14128 event_age=16s | total=243 valid=9 running=12 pending=222 launched=21 failed=0 gaveup=0 forkfail=0 free_kb=13642188 sims_boxwide=11 last_event_age=0s last_event_epoch=1789474269
[14:12:00] DONE f2IDD_east_half_303 rc=0 790s f2IDD east/half seed=303 rescued=3 dead=1 unreachable=0 never_detected=0 ff_deaths=0 terminal=121 completions=3 recycles=3 removals=3 returns=3 wall=789s [valid 10/243]
[14:12:01] LAUNCH f2U0D_south_half_404 running=12 free_kb=13629076 sims_boxwide=11 attempt=1
[14:12:25] .. alive runid=20260915-135822-14128 event_age=24s | total=243 valid=10 running=12 pending=221 launched=22 failed=0 gaveup=0 forkfail=0 free_kb=13629076 sims_boxwide=11 last_event_age=0s last_event_epoch=1789474321
[14:12:45] DONE f2IDD_east_half_101 rc=0 860s f2IDD east/half seed=101 rescued=3 dead=1 unreachable=0 never_detected=0 ff_deaths=0 terminal=138 completions=3 recycles=3 removals=3 returns=3 wall=859s [valid 11/243]
[14:12:46] LAUNCH f2U0D_south_half_505 running=12 free_kb=12786596 sims_boxwide=11 attempt=1
[14:13:26] .. alive runid=20260915-135822-14128 event_age=39s | total=243 valid=11 running=12 pending=220 launched=23 failed=0 gaveup=0 forkfail=0 free_kb=12786596 sims_boxwide=11 last_event_age=0s last_event_epoch=1789474366
[14:14:26] .. alive runid=20260915-135822-14128 event_age=100s | total=243 valid=11 running=12 pending=220 launched=23 failed=0 gaveup=0 forkfail=0 free_kb=12786596 sims_boxwide=11 last_event_age=0s last_event_epoch=1789474366
[14:14:33] DONE f2IDD_east_def_303 rc=0 466s f2IDD east/default seed=303 rescued=3 dead=1 unreachable=0 never_detected=0 ff_deaths=1 terminal=149 completions=3 recycles=3 removals=3 returns=3 wall=464s [valid 12/243]
[14:14:34] LAUNCH f2U0D_east_def_101 running=12 free_kb=11847544 sims_boxwide=11 attempt=1
[14:14:48] DONE f2IDD_east_half_404 rc=0 944s f2IDD east/half seed=404 rescued=3 dead=1 unreachable=0 never_detected=0 ff_deaths=1 terminal=162 completions=3 recycles=3 removals=3 returns=3 wall=943s [valid 13/243]
[14:14:49] LAUNCH f2U0D_east_def_202 running=12 free_kb=11883364 sims_boxwide=11 attempt=1
[14:15:26] .. alive runid=20260915-135822-14128 event_age=37s | total=243 valid=13 running=12 pending=218 launched=25 failed=0 gaveup=0 forkfail=0 free_kb=11883364 sims_boxwide=11 last_event_age=0s last_event_epoch=1789474489
[14:16:26] .. alive runid=20260915-135822-14128 event_age=97s | total=243 valid=13 running=12 pending=218 launched=25 failed=0 gaveup=0 forkfail=0 free_kb=11883364 sims_boxwide=11 last_event_age=0s last_event_epoch=1789474489
[14:17:26] .. alive runid=20260915-135822-14128 event_age=157s | total=243 valid=13 running=12 pending=218 launched=25 failed=0 gaveup=0 forkfail=0 free_kb=11883364 sims_boxwide=11 last_event_age=0s last_event_epoch=1789474489
[14:18:03] DONE f2U0D_south_half_303 rc=0 413s f2U0D south/half seed=303 rescued=4 dead=0 unreachable=0 never_detected=0 ff_deaths=1 terminal=113 completions=4 recycles=4 removals=4 returns=4 wall=411s [valid 14/243]
[14:18:03] LAUNCH f2U0D_east_def_303 running=12 free_kb=10266092 sims_boxwide=11 attempt=1
[14:18:16] DONE f2U0D_south_half_101 rc=0 541s f2U0D south/half seed=101 rescued=2 dead=1 unreachable=1 never_detected=0 ff_deaths=2 terminal=159 completions=2 recycles=2 removals=2 returns=2 wall=537s [valid 15/243]
[14:18:17] LAUNCH f2U1D_east_half_101 running=12 free_kb=11281840 sims_boxwide=11 attempt=1
[14:18:26] .. alive runid=20260915-135822-14128 event_age=9s | total=243 valid=15 running=12 pending=216 launched=27 failed=0 gaveup=0 forkfail=0 free_kb=11281840 sims_boxwide=11 last_event_age=0s last_event_epoch=1789474697
[14:18:34] DONE f2U0D_south_half_202 rc=0 458s f2U0D south/half seed=202 rescued=4 dead=0 unreachable=0 never_detected=0 ff_deaths=0 terminal=167 completions=4 recycles=4 removals=4 returns=4 wall=456s [valid 16/243]
[14:18:35] LAUNCH f2U1D_east_half_202 running=12 free_kb=12583684 sims_boxwide=11 attempt=1
[14:19:04] DONE f2U0D_south_half_505 rc=0 378s f2U0D south/half seed=505 rescued=3 dead=1 unreachable=0 never_detected=0 ff_deaths=0 terminal=113 completions=3 recycles=3 removals=3 returns=3 wall=376s [valid 17/243]
[14:19:05] LAUNCH f2U1D_east_half_303 running=12 free_kb=13550596 sims_boxwide=11 attempt=1
[14:19:17] DONE f2U0D_east_half_202 rc=0 716s f2U0D east/half seed=202 rescued=3 dead=1 unreachable=0 never_detected=0 ff_deaths=0 terminal=93 completions=3 recycles=3 removals=3 returns=3 wall=704s [valid 18/243]
[14:19:18] LAUNCH f2U1D_east_half_404 running=12 free_kb=13599320 sims_boxwide=11 attempt=1
[14:19:26] .. alive runid=20260915-135822-14128 event_age=8s | total=243 valid=18 running=12 pending=213 launched=30 failed=0 gaveup=0 forkfail=0 free_kb=13599320 sims_boxwide=11 last_event_age=0s last_event_epoch=1789474758
[14:19:30] DONE f2U0D_east_half_505 rc=0 679s f2U0D east/half seed=505 rescued=3 dead=1 unreachable=0 never_detected=0 ff_deaths=0 terminal=94 completions=3 recycles=3 removals=3 returns=3 wall=674s [valid 19/243]
[14:19:31] LAUNCH f2U1D_east_half_505 running=12 free_kb=13603904 sims_boxwide=11 attempt=1
[14:19:48] DONE f2U0D_south_half_404 rc=0 467s f2U0D south/half seed=404 rescued=3 dead=1 unreachable=0 never_detected=0 ff_deaths=0 terminal=190 completions=3 recycles=3 removals=3 returns=3 wall=465s [valid 20/243]
[14:19:49] LAUNCH f2U1D_south_half_101 running=12 free_kb=13629944 sims_boxwide=11 attempt=1
[14:20:05] DONE f2U0D_east_half_303 rc=0 741s f2U0D east/half seed=303 rescued=3 dead=1 unreachable=0 never_detected=0 ff_deaths=0 terminal=130 completions=3 recycles=3 removals=3 returns=3 wall=739s [valid 21/243]
[14:20:05] DONE f2U0D_east_half_101 rc=0 777s f2U0D east/half seed=101 rescued=4 dead=0 unreachable=0 never_detected=0 ff_deaths=1 terminal=127 completions=4 recycles=4 removals=4 returns=4 wall=775s [valid 22/243]
[14:20:06] LAUNCH f2U1D_south_half_202 running=11 free_kb=14534584 sims_boxwide=10 attempt=1
[14:20:19] LAUNCH f2U1D_south_half_303 running=12 free_kb=13682724 sims_boxwide=11 attempt=1
[14:20:26] .. alive runid=20260915-135822-14128 event_age=7s | total=243 valid=22 running=12 pending=209 launched=34 failed=0 gaveup=0 forkfail=0 free_kb=13682724 sims_boxwide=11 last_event_age=0s last_event_epoch=1789474819
[14:20:31] DONE f2U0D_east_def_202 rc=0 342s f2U0D east/default seed=202 rescued=3 dead=1 unreachable=0 never_detected=0 ff_deaths=0 terminal=182 completions=3 recycles=3 removals=3 returns=3 wall=335s [valid 23/243]
[14:20:31] DONE f2U0D_east_def_101 rc=0 357s f2U0D east/default seed=101 rescued=3 dead=0 unreachable=1 never_detected=1 ff_deaths=0 terminal=216 completions=3 recycles=3 removals=3 returns=3 wall=343s [valid 24/243]
[14:20:32] LAUNCH f2U1D_south_half_404 running=11 free_kb=14559420 sims_boxwide=10 attempt=1
[14:20:45] LAUNCH f2U1D_south_half_505 running=12 free_kb=13678360 sims_boxwide=11 attempt=1
[14:21:26] .. alive runid=20260915-135822-14128 event_age=41s | total=243 valid=24 running=12 pending=207 launched=36 failed=0 gaveup=0 forkfail=0 free_kb=13678360 sims_boxwide=11 last_event_age=0s last_event_epoch=1789474845
[14:21:37] DONE f2U0D_east_half_404 rc=0 819s f2U0D east/half seed=404 rescued=2 dead=2 unreachable=0 never_detected=0 ff_deaths=0 terminal=162 completions=2 recycles=2 removals=2 returns=2 wall=818s [valid 25/243]
[14:21:38] LAUNCH f2U1D_east_def_101 running=12 free_kb=13646212 sims_boxwide=11 attempt=1
[14:22:26] .. alive runid=20260915-135822-14128 event_age=48s | total=243 valid=25 running=12 pending=206 launched=37 failed=0 gaveup=0 forkfail=0 free_kb=13646212 sims_boxwide=11 last_event_age=0s last_event_epoch=1789474898
[14:22:44] DONE f2U0D_east_def_303 rc=0 281s f2U0D east/default seed=303 rescued=3 dead=1 unreachable=0 never_detected=0 ff_deaths=0 terminal=130 completions=3 recycles=3 removals=3 returns=3 wall=279s [valid 26/243]
[14:22:45] LAUNCH f2U1D_east_def_202 running=12 free_kb=11700436 sims_boxwide=11 attempt=1
[14:23:26] .. alive runid=20260915-135822-14128 event_age=41s | total=243 valid=26 running=12 pending=205 launched=38 failed=0 gaveup=0 forkfail=0 free_kb=11700436 sims_boxwide=11 last_event_age=0s last_event_epoch=1789474965
[14:24:21] DONE f2U1D_south_half_303 rc=0 242s f2U1D south/half seed=303 rescued=4 dead=0 unreachable=0 never_detected=0 ff_deaths=0 terminal=113 completions=4 recycles=4 removals=4 returns=4 wall=241s [valid 27/243]
[14:24:22] LAUNCH f2U1D_east_def_303 running=12 free_kb=10933184 sims_boxwide=11 attempt=1
[14:24:26] .. alive runid=20260915-135822-14128 event_age=4s | total=243 valid=27 running=12 pending=204 launched=39 failed=0 gaveup=0 forkfail=0 free_kb=10933184 sims_boxwide=11 last_event_age=0s last_event_epoch=1789475062
[14:24:38] DONE f2U1D_south_half_202 rc=0 272s f2U1D south/half seed=202 rescued=4 dead=0 unreachable=0 never_detected=0 ff_deaths=0 terminal=168 completions=4 recycles=4 removals=4 returns=4 wall=271s [valid 28/243]
[14:24:39] LAUNCH f2GW_east_half_101 running=12 free_kb=12665420 sims_boxwide=11 attempt=1
[14:24:52] DONE f2U1D_south_half_505 rc=0 246s f2U1D south/half seed=505 rescued=3 dead=1 unreachable=0 never_detected=0 ff_deaths=0 terminal=113 completions=3 recycles=3 removals=3 returns=3 wall=241s [valid 29/243]
[14:24:52] LAUNCH f2GW_east_half_202 running=12 free_kb=10716272 sims_boxwide=11 attempt=1
[14:25:16] DONE f2U1D_south_half_101 rc=0 327s f2U1D south/half seed=101 rescued=2 dead=1 unreachable=1 never_detected=0 ff_deaths=2 terminal=159 completions=2 recycles=2 removals=2 returns=2 wall=325s [valid 30/243]
[14:25:17] LAUNCH f2GW_east_half_303 running=12 free_kb=11774064 sims_boxwide=11 attempt=1
[14:25:27] .. alive runid=20260915-135822-14128 event_age=10s | total=243 valid=30 running=12 pending=201 launched=42 failed=0 gaveup=0 forkfail=0 free_kb=11774064 sims_boxwide=11 last_event_age=0s last_event_epoch=1789475117
[14:25:52] DONE f2U1D_east_half_202 rc=0 436s f2U1D east/half seed=202 rescued=3 dead=1 unreachable=0 never_detected=0 ff_deaths=0 terminal=94 completions=3 recycles=3 removals=3 returns=3 wall=435s [valid 31/243]
[14:25:52] LAUNCH f2GW_east_half_404 running=12 free_kb=11797752 sims_boxwide=11 attempt=1
[14:26:05] DONE f2U1D_east_def_101 rc=0 267s f2U1D east/default seed=101 rescued=3 dead=0 unreachable=1 never_detected=1 ff_deaths=0 terminal=216 completions=3 recycles=3 removals=3 returns=3 wall=255s [valid 32/243]
[14:26:05] DONE f2U1D_south_half_404 rc=0 333s f2U1D south/half seed=404 rescued=2 dead=1 unreachable=0 never_detected=0 ff_deaths=1 terminal=None completions=2 recycles=2 removals=2 returns=2 wall=325s [valid 33/243]
[14:26:06] LAUNCH f2GW_east_half_505 running=11 free_kb=12429392 sims_boxwide=10 attempt=1
[14:26:19] LAUNCH f2GW_south_half_101 running=12 free_kb=11791468 sims_boxwide=11 attempt=1
[14:26:27] .. alive runid=20260915-135822-14128 event_age=8s | total=243 valid=33 running=12 pending=198 launched=45 failed=0 gaveup=0 forkfail=0 free_kb=11791468 sims_boxwide=11 last_event_age=0s last_event_epoch=1789475179
[14:26:39] DONE f2U1D_east_half_101 rc=0 502s f2U1D east/half seed=101 rescued=4 dead=0 unreachable=0 never_detected=0 ff_deaths=1 terminal=127 completions=4 recycles=4 removals=4 returns=4 wall=501s [valid 34/243]
[14:26:40] LAUNCH f2GW_south_half_202 running=12 free_kb=11849452 sims_boxwide=11 attempt=1
[14:26:52] DONE f2U1D_east_half_505 rc=0 441s f2U1D east/half seed=505 rescued=3 dead=1 unreachable=0 never_detected=0 ff_deaths=0 terminal=95 completions=3 recycles=3 removals=3 returns=3 wall=430s [valid 35/243]
[14:26:53] LAUNCH f2GW_south_half_303 running=12 free_kb=11859572 sims_boxwide=11 attempt=1
[14:27:05] DONE f2U1D_east_def_202 rc=0 260s f2U1D east/default seed=202 rescued=3 dead=1 unreachable=0 never_detected=0 ff_deaths=0 terminal=181 completions=3 recycles=3 removals=3 returns=3 wall=252s [valid 36/243]
[14:27:06] DONE f2U1D_east_half_303 rc=0 481s f2U1D east/half seed=303 rescued=3 dead=1 unreachable=0 never_detected=0 ff_deaths=0 terminal=121 completions=3 recycles=3 removals=3 returns=3 wall=476s [valid 37/243]
[14:27:07] LAUNCH f2GW_south_half_404 running=11 free_kb=12755648 sims_boxwide=10 attempt=1
[14:27:19] LAUNCH f2GW_south_half_505 running=12 free_kb=11042660 sims_boxwide=11 attempt=1
[14:27:27] .. alive runid=20260915-135822-14128 event_age=8s | total=243 valid=37 running=12 pending=194 launched=49 failed=0 gaveup=0 forkfail=0 free_kb=11042660 sims_boxwide=11 last_event_age=0s last_event_epoch=1789475239
[14:28:27] .. alive runid=20260915-135822-14128 event_age=68s | total=243 valid=37 running=12 pending=194 launched=49 failed=0 gaveup=0 forkfail=0 free_kb=11042660 sims_boxwide=11 last_event_age=0s last_event_epoch=1789475239
[14:28:38] DONE f2U1D_east_half_404 rc=0 560s f2U1D east/half seed=404 rescued=2 dead=2 unreachable=0 never_detected=0 ff_deaths=1 terminal=162 completions=2 recycles=2 removals=2 returns=2 wall=558s [valid 38/243]
[14:28:39] LAUNCH f2GW_east_def_101 running=12 free_kb=11803500 sims_boxwide=11 attempt=1
[14:29:05] DONE f2U1D_east_def_303 rc=0 283s f2U1D east/default seed=303 rescued=3 dead=1 unreachable=0 never_detected=0 ff_deaths=0 terminal=130 completions=3 recycles=3 removals=3 returns=3 wall=282s [valid 39/243]
[14:29:06] LAUNCH f2GW_east_def_202 running=12 free_kb=10960960 sims_boxwide=11 attempt=1
[14:29:27] .. alive runid=20260915-135822-14128 event_age=21s | total=243 valid=39 running=12 pending=192 launched=51 failed=0 gaveup=0 forkfail=0 free_kb=10960960 sims_boxwide=11 last_event_age=0s last_event_epoch=1789475346
[14:30:27] .. alive runid=20260915-135822-14128 event_age=81s | total=243 valid=39 running=12 pending=192 launched=51 failed=0 gaveup=0 forkfail=0 free_kb=10960960 sims_boxwide=11 last_event_age=0s last_event_epoch=1789475346
[14:31:00] DONE f2GW_south_half_303 rc=0 247s f2GW south/half seed=303 rescued=4 dead=0 unreachable=0 never_detected=0 ff_deaths=0 terminal=114 completions=4 recycles=4 removals=4 returns=4 wall=246s [valid 40/243]
[14:31:01] LAUNCH f2GW_east_def_303 running=12 free_kb=12487928 sims_boxwide=11 attempt=1
[14:31:14] DONE f2GW_south_half_505 rc=0 234s f2GW south/half seed=505 rescued=3 dead=1 unreachable=0 never_detected=0 ff_deaths=0 terminal=114 completions=3 recycles=3 removals=3 returns=3 wall=226s [valid 41/243]
[14:31:14] LAUNCH f2GD_east_half_101 running=12 free_kb=12460312 sims_boxwide=11 attempt=1
[14:31:27] .. alive runid=20260915-135822-14128 event_age=13s | total=243 valid=41 running=12 pending=190 launched=53 failed=0 gaveup=0 forkfail=0 free_kb=12460312 sims_boxwide=11 last_event_age=0s last_event_epoch=1789475474
[14:31:33] DONE f2GW_south_half_202 rc=0 293s f2GW south/half seed=202 rescued=3 dead=0 unreachable=0 never_detected=0 ff_deaths=1 terminal=None completions=3 recycles=3 removals=3 returns=3 wall=291s [valid 42/243]
[14:31:34] LAUNCH f2GD_east_half_202 running=12 free_kb=11641160 sims_boxwide=11 attempt=1
[14:31:54] DONE f2GW_south_half_101 rc=0 335s f2GW south/half seed=101 rescued=2 dead=1 unreachable=1 never_detected=0 ff_deaths=2 terminal=159 completions=2 recycles=2 removals=2 returns=2 wall=334s [valid 43/243]
[14:31:55] LAUNCH f2GD_east_half_303 running=12 free_kb=11694104 sims_boxwide=11 attempt=1
[14:32:26] DONE f2GW_south_half_404 rc=0 319s f2GW south/half seed=404 rescued=3 dead=1 unreachable=0 never_detected=0 ff_deaths=0 terminal=189 completions=3 recycles=3 removals=3 returns=3 wall=318s [valid 44/243]
[14:32:27] LAUNCH f2GD_east_half_404 running=12 free_kb=12450520 sims_boxwide=11 attempt=1
[14:32:27] .. alive runid=20260915-135822-14128 event_age=1s | total=243 valid=44 running=11 pending=188 launched=55 failed=0 gaveup=0 forkfail=0 free_kb=12450520 sims_boxwide=11 last_event_age=1s last_event_epoch=1789475546
[14:33:00] DONE f2GW_east_def_101 rc=0 261s f2GW east/default seed=101 rescued=3 dead=0 unreachable=1 never_detected=1 ff_deaths=0 terminal=215 completions=3 recycles=3 removals=3 returns=3 wall=260s [valid 45/243]
[14:33:01] LAUNCH f2GD_east_half_505 running=12 free_kb=11676888 sims_boxwide=11 attempt=1
[14:33:13] DONE f2GW_east_half_202 rc=0 501s f2GW east/half seed=202 rescued=3 dead=1 unreachable=0 never_detected=0 ff_deaths=0 terminal=104 completions=3 recycles=3 removals=3 returns=3 wall=491s [valid 46/243]
[14:33:14] LAUNCH f2GD_south_half_101 running=12 free_kb=11696248 sims_boxwide=11 attempt=1
[14:33:26] DONE f2GW_east_def_202 rc=0 260s f2GW east/default seed=202 rescued=3 dead=1 unreachable=0 never_detected=0 ff_deaths=0 terminal=181 completions=3 recycles=3 removals=3 returns=3 wall=256s [valid 47/243]
[14:33:27] DONE f2GW_east_half_505 rc=0 440s f2GW east/half seed=505 rescued=3 dead=1 unreachable=0 never_detected=0 ff_deaths=0 terminal=109 completions=3 recycles=3 removals=3 returns=3 wall=431s [valid 48/243]
[14:33:27] .. alive runid=20260915-135822-14128 event_age=1s | total=243 valid=48 running=10 pending=185 launched=58 failed=0 gaveup=0 forkfail=0 free_kb=12655336 sims_boxwide=10 last_event_age=1s last_event_epoch=1789475606
[14:33:27] LAUNCH f2GD_south_half_202 running=11 free_kb=12655336 sims_boxwide=10 attempt=1
[14:33:40] LAUNCH f2GD_south_half_303 running=12 free_kb=11764280 sims_boxwide=11 attempt=1
[14:34:15] DONE f2GW_east_half_101 rc=0 576s f2GW east/half seed=101 rescued=4 dead=0 unreachable=0 never_detected=0 ff_deaths=0 terminal=127 completions=4 recycles=4 removals=4 returns=4 wall=574s [valid 49/243]
[14:34:16] LAUNCH f2GD_south_half_404 running=12 free_kb=11786964 sims_boxwide=11 attempt=1
[14:34:27] .. alive runid=20260915-135822-14128 event_age=11s | total=243 valid=49 running=12 pending=182 launched=61 failed=0 gaveup=0 forkfail=0 free_kb=11786964 sims_boxwide=11 last_event_age=0s last_event_epoch=1789475656
[14:35:27] .. alive runid=20260915-135822-14128 event_age=71s | total=243 valid=49 running=12 pending=182 launched=61 failed=0 gaveup=0 forkfail=0 free_kb=11786964 sims_boxwide=11 last_event_age=0s last_event_epoch=1789475656
[14:35:32] DONE f2GW_east_half_404 rc=0 580s f2GW east/half seed=404 rescued=2 dead=2 unreachable=0 never_detected=0 ff_deaths=0 terminal=162 completions=2 recycles=2 removals=2 returns=2 wall=578s [valid 50/243]
[14:35:33] LAUNCH f2GD_south_half_505 running=12 free_kb=11733988 sims_boxwide=11 attempt=1
[14:35:45] DONE f2GW_east_half_303 rc=0 628s f2GW east/half seed=303 rescued=3 dead=1 unreachable=0 never_detected=0 ff_deaths=0 terminal=219 completions=3 recycles=3 removals=3 returns=3 wall=624s [valid 51/243]
[14:35:46] LAUNCH f2GD_east_def_101 running=12 free_kb=11662500 sims_boxwide=11 attempt=1
[14:35:58] DONE f2GW_east_def_303 rc=0 297s f2GW east/default seed=303 rescued=3 dead=1 unreachable=0 never_detected=0 ff_deaths=0 terminal=130 completions=3 recycles=3 removals=3 returns=3 wall=286s [valid 52/243]
[14:35:59] LAUNCH f2GD_east_def_202 running=12 free_kb=10121408 sims_boxwide=11 attempt=1
[14:36:28] .. alive runid=20260915-135822-14128 event_age=29s | total=243 valid=52 running=12 pending=179 launched=64 failed=0 gaveup=0 forkfail=0 free_kb=10121408 sims_boxwide=11 last_event_age=0s last_event_epoch=1789475759
[14:37:28] .. alive runid=20260915-135822-14128 event_age=89s | total=243 valid=52 running=12 pending=179 launched=64 failed=0 gaveup=0 forkfail=0 free_kb=10121408 sims_boxwide=11 last_event_age=0s last_event_epoch=1789475759
[14:37:51] DONE f2GD_south_half_303 rc=0 251s f2GD south/half seed=303 rescued=4 dead=0 unreachable=0 never_detected=0 ff_deaths=0 terminal=114 completions=4 recycles=4 removals=4 returns=4 wall=249s [valid 53/243]
[14:37:52] LAUNCH f2GD_east_def_303 running=12 free_kb=11743692 sims_boxwide=11 attempt=1
[14:38:17] DONE f2GD_south_half_202 rc=0 290s f2GD south/half seed=202 rescued=3 dead=0 unreachable=0 never_detected=0 ff_deaths=1 terminal=None completions=3 recycles=3 removals=3 returns=3 wall=288s [valid 54/243]
[14:38:18] LAUNCH f2L3D_east_half_101 running=12 free_kb=11703628 sims_boxwide=11 attempt=1
[14:38:28] .. alive runid=20260915-135822-14128 event_age=10s | total=243 valid=54 running=12 pending=177 launched=66 failed=0 gaveup=0 forkfail=0 free_kb=11703628 sims_boxwide=11 last_event_age=0s last_event_epoch=1789475898
[14:38:48] DONE f2GD_south_half_101 rc=0 333s f2GD south/half seed=101 rescued=2 dead=1 unreachable=1 never_detected=0 ff_deaths=2 terminal=159 completions=2 recycles=2 removals=2 returns=2 wall=332s [valid 55/243]
[14:38:48] LAUNCH f2L3D_east_half_202 running=12 free_kb=11729800 sims_boxwide=11 attempt=1
[14:39:12] DONE f2GD_east_half_202 rc=0 458s f2GD east/half seed=202 rescued=3 dead=1 unreachable=0 never_detected=0 ff_deaths=0 terminal=104 completions=3 recycles=3 removals=3 returns=3 wall=457s [valid 56/243]
[14:39:13] LAUNCH f2L3D_east_half_303 running=12 free_kb=11728684 sims_boxwide=11 attempt=1
[14:39:28] .. alive runid=20260915-135822-14128 event_age=15s | total=243 valid=56 running=12 pending=175 launched=68 failed=0 gaveup=0 forkfail=0 free_kb=11728684 sims_boxwide=11 last_event_age=0s last_event_epoch=1789475953
[14:39:39] DONE f2GD_east_half_101 rc=0 505s f2GD east/half seed=101 rescued=4 dead=0 unreachable=0 never_detected=0 ff_deaths=0 terminal=127 completions=4 recycles=4 removals=4 returns=4 wall=503s [valid 57/243]
[14:39:40] LAUNCH f2L3D_east_half_404 running=12 free_kb=11777352 sims_boxwide=11 attempt=1
[14:39:52] DONE f2GD_south_half_404 rc=0 336s f2GD south/half seed=404 rescued=3 dead=1 unreachable=0 never_detected=0 ff_deaths=0 terminal=189 completions=3 recycles=3 removals=3 returns=3 wall=322s [valid 58/243]
[14:39:52] DONE f2GD_south_half_505 rc=0 259s f2GD south/half seed=505 rescued=3 dead=1 unreachable=0 never_detected=0 ff_deaths=0 terminal=114 completions=3 recycles=3 removals=3 returns=3 wall=250s [valid 59/243]
[14:39:53] LAUNCH f2L3D_east_half_505 running=11 free_kb=12657264 sims_boxwide=10 attempt=1
[14:40:05] DONE f2GD_east_def_101 rc=0 259s f2GD east/default seed=101 rescued=3 dead=0 unreachable=1 never_detected=1 ff_deaths=0 terminal=215 completions=3 recycles=3 removals=3 returns=3 wall=256s [valid 60/243]
[14:40:06] LAUNCH f2L3D_south_half_101 running=11 free_kb=13510260 sims_boxwide=9 attempt=1
[14:40:18] DONE f2GD_east_def_202 rc=0 259s f2GD east/default seed=202 rescued=3 dead=1 unreachable=0 never_detected=0 ff_deaths=0 terminal=181 completions=3 recycles=3 removals=3 returns=3 wall=251s [valid 61/243]
[14:40:19] DONE f2GD_east_half_505 rc=0 437s f2GD east/half seed=505 rescued=3 dead=1 unreachable=0 never_detected=0 ff_deaths=0 terminal=109 completions=3 recycles=3 removals=3 returns=3 wall=423s [valid 62/243]
[14:40:19] LAUNCH f2L3D_south_half_202 running=10 free_kb=12680072 sims_boxwide=9 attempt=1
[14:40:28] .. alive runid=20260915-135822-14128 event_age=9s | total=243 valid=62 running=10 pending=171 launched=72 failed=0 gaveup=0 forkfail=0 free_kb=12680072 sims_boxwide=9 last_event_age=0s last_event_epoch=1789476019
[14:40:32] LAUNCH f2L3D_south_half_303 running=11 free_kb=12657884 sims_boxwide=10 attempt=1
[14:40:45] LAUNCH f2L3D_south_half_404 running=12 free_kb=11785896 sims_boxwide=11 attempt=1
[14:41:28] .. alive runid=20260915-135822-14128 event_age=43s | total=243 valid=62 running=12 pending=169 launched=74 failed=0 gaveup=0 forkfail=0 free_kb=11785896 sims_boxwide=11 last_event_age=0s last_event_epoch=1789476045
[14:42:00] DONE f2GD_east_half_404 rc=0 573s f2GD east/half seed=404 rescued=2 dead=2 unreachable=0 never_detected=0 ff_deaths=0 terminal=162 completions=2 recycles=2 removals=2 returns=2 wall=571s [valid 63/243]
[14:42:01] LAUNCH f2L3D_south_half_505 running=12 free_kb=11709816 sims_boxwide=11 attempt=1
[14:42:20] DONE f2GD_east_half_303 rc=0 625s f2GD east/half seed=303 rescued=3 dead=1 unreachable=0 never_detected=0 ff_deaths=0 terminal=219 completions=3 recycles=3 removals=3 returns=3 wall=623s [valid 64/243]
[14:42:21] LAUNCH f2L3D_east_def_101 running=12 free_kb=12691032 sims_boxwide=11 attempt=1
[14:42:28] .. alive runid=20260915-135822-14128 event_age=7s | total=243 valid=64 running=12 pending=167 launched=76 failed=0 gaveup=0 forkfail=0 free_kb=12691032 sims_boxwide=11 last_event_age=0s last_event_epoch=1789476141
[14:42:33] DONE f2GD_east_def_303 rc=0 281s f2GD east/default seed=303 rescued=3 dead=1 unreachable=0 never_detected=0 ff_deaths=0 terminal=130 completions=3 recycles=3 removals=3 returns=3 wall=279s [valid 65/243]
[14:42:34] LAUNCH f2L3D_east_def_202 running=12 free_kb=12574456 sims_boxwide=11 attempt=1
[14:43:28] .. alive runid=20260915-135822-14128 event_age=54s | total=243 valid=65 running=12 pending=166 launched=77 failed=0 gaveup=0 forkfail=0 free_kb=12574456 sims_boxwide=11 last_event_age=0s last_event_epoch=1789476154
[14:44:28] .. alive runid=20260915-135822-14128 event_age=114s | total=243 valid=65 running=12 pending=166 launched=77 failed=0 gaveup=0 forkfail=0 free_kb=12574456 sims_boxwide=11 last_event_age=0s last_event_epoch=1789476154
[14:44:40] DONE f2L3D_south_half_303 rc=0 248s f2L3D south/half seed=303 rescued=4 dead=0 unreachable=0 never_detected=0 ff_deaths=1 terminal=119 completions=4 recycles=4 removals=4 returns=4 wall=246s [valid 66/243]
[14:44:41] LAUNCH f2L3D_east_def_303 running=12 free_kb=11720336 sims_boxwide=11 attempt=1
[14:45:04] DONE f2L3D_south_half_202 rc=0 284s f2L3D south/half seed=202 rescued=4 dead=0 unreachable=0 never_detected=0 ff_deaths=1 terminal=168 completions=4 recycles=4 removals=4 returns=4 wall=282s [valid 67/243]
[14:45:04] LAUNCH f2L8D_east_half_101 running=12 free_kb=11788972 sims_boxwide=11 attempt=1
[14:45:28] .. alive runid=20260915-135822-14128 event_age=24s | total=243 valid=67 running=12 pending=164 launched=79 failed=0 gaveup=0 forkfail=0 free_kb=11788972 sims_boxwide=11 last_event_age=0s last_event_epoch=1789476304
[14:45:54] DONE f2L3D_south_half_101 rc=0 347s f2L3D south/half seed=101 rescued=2 dead=1 unreachable=1 never_detected=0 ff_deaths=2 terminal=147 completions=2 recycles=2 removals=2 returns=2 wall=346s [valid 68/243]
[14:45:55] LAUNCH f2L8D_east_half_202 running=12 free_kb=11713676 sims_boxwide=11 attempt=1
[14:46:09] DONE f2L3D_south_half_505 rc=0 248s f2L3D south/half seed=505 rescued=3 dead=1 unreachable=0 never_detected=0 ff_deaths=0 terminal=115 completions=3 recycles=3 removals=3 returns=3 wall=247s [valid 69/243]
[14:46:10] LAUNCH f2L8D_east_half_303 running=12 free_kb=11742524 sims_boxwide=11 attempt=1
[14:46:22] DONE f2L3D_south_half_404 rc=0 337s f2L3D south/half seed=404 rescued=2 dead=1 unreachable=0 never_detected=0 ff_deaths=1 terminal=None completions=2 recycles=2 removals=2 returns=2 wall=329s [valid 70/243]
[14:46:23] LAUNCH f2L8D_east_half_404 running=12 free_kb=11752144 sims_boxwide=11 attempt=1
[14:46:28] .. alive runid=20260915-135822-14128 event_age=5s | total=243 valid=70 running=12 pending=161 launched=82 failed=0 gaveup=0 forkfail=0 free_kb=11752144 sims_boxwide=11 last_event_age=0s last_event_epoch=1789476383
[14:46:35] DONE f2L3D_east_half_101 rc=0 497s f2L3D east/half seed=101 rescued=4 dead=0 unreachable=0 never_detected=0 ff_deaths=1 terminal=123 completions=4 recycles=4 removals=4 returns=4 wall=495s [valid 71/243]
[14:46:35] DONE f2L3D_east_half_202 rc=0 467s f2L3D east/half seed=202 rescued=3 dead=1 unreachable=0 never_detected=0 ff_deaths=0 terminal=103 completions=3 recycles=3 removals=3 returns=3 wall=454s [valid 72/243]
[14:46:36] LAUNCH f2L8D_east_half_505 running=11 free_kb=12692220 sims_boxwide=10 attempt=1
[14:46:49] DONE f2L3D_east_def_101 rc=0 267s f2L3D east/default seed=101 rescued=3 dead=0 unreachable=1 never_detected=1 ff_deaths=0 terminal=216 completions=3 recycles=3 removals=3 returns=3 wall=258s [valid 73/243]
[14:46:49] LAUNCH f2L8D_south_half_101 running=11 free_kb=11864376 sims_boxwide=10 attempt=1
[14:47:02] DONE f2L3D_east_def_202 rc=0 268s f2L3D east/default seed=202 rescued=3 dead=1 unreachable=0 never_detected=0 ff_deaths=0 terminal=178 completions=3 recycles=3 removals=3 returns=3 wall=262s [valid 74/243]
[14:47:03] LAUNCH f2L8D_south_half_202 running=11 free_kb=12712332 sims_boxwide=10 attempt=1
[14:47:15] DONE f2L3D_east_half_505 rc=0 442s f2L3D east/half seed=505 rescued=3 dead=1 unreachable=0 never_detected=0 ff_deaths=0 terminal=106 completions=3 recycles=3 removals=3 returns=3 wall=440s [valid 75/243]
[14:47:16] LAUNCH f2L8D_south_half_303 running=11 free_kb=12735172 sims_boxwide=10 attempt=1
[14:47:28] .. alive runid=20260915-135822-14128 event_age=12s | total=243 valid=75 running=11 pending=157 launched=86 failed=0 gaveup=0 forkfail=0 free_kb=11780368 sims_boxwide=11 last_event_age=12s last_event_epoch=1789476436
[14:47:28] LAUNCH f2L8D_south_half_404 running=12 free_kb=11780368 sims_boxwide=11 attempt=1
[14:48:29] .. alive runid=20260915-135822-14128 event_age=61s | total=243 valid=75 running=12 pending=156 launched=87 failed=0 gaveup=0 forkfail=0 free_kb=11780368 sims_boxwide=11 last_event_age=1s last_event_epoch=1789476448
[14:49:02] DONE f2L3D_east_half_404 rc=0 562s f2L3D east/half seed=404 rescued=2 dead=2 unreachable=0 never_detected=0 ff_deaths=1 terminal=162 completions=2 recycles=2 removals=2 returns=2 wall=560s [valid 76/243]
[14:49:03] LAUNCH f2L8D_south_half_505 running=12 free_kb=11778460 sims_boxwide=11 attempt=1
[14:49:23] DONE f2L3D_east_def_303 rc=0 282s f2L3D east/default seed=303 rescued=3 dead=1 unreachable=0 never_detected=0 ff_deaths=1 terminal=149 completions=3 recycles=3 removals=3 returns=3 wall=280s [valid 77/243]
[14:49:24] LAUNCH f2L8D_east_def_101 running=12 free_kb=11787928 sims_boxwide=11 attempt=1
[14:49:29] .. alive runid=20260915-135822-14128 event_age=5s | total=243 valid=77 running=12 pending=154 launched=89 failed=0 gaveup=0 forkfail=0 free_kb=11787928 sims_boxwide=11 last_event_age=0s last_event_epoch=1789476564
[14:50:19] DONE f2L3D_east_half_303 rc=0 666s f2L3D east/half seed=303 rescued=2 dead=1 unreachable=0 never_detected=0 ff_deaths=0 terminal=None completions=2 recycles=2 removals=2 returns=2 wall=664s [valid 78/243]
[14:50:20] LAUNCH f2L8D_east_def_202 running=12 free_kb=11758008 sims_boxwide=11 attempt=1
[14:50:29] .. alive runid=20260915-135822-14128 event_age=9s | total=243 valid=78 running=12 pending=153 launched=90 failed=0 gaveup=0 forkfail=0 free_kb=11758008 sims_boxwide=11 last_event_age=0s last_event_epoch=1789476620
[14:51:23] DONE f2L8D_south_half_303 rc=0 246s f2L8D south/half seed=303 rescued=4 dead=0 unreachable=0 never_detected=0 ff_deaths=1 terminal=144 completions=4 recycles=4 removals=4 returns=4 wall=245s [valid 79/243]
[14:51:23] LAUNCH f2L8D_east_def_303 running=12 free_kb=11740932 sims_boxwide=11 attempt=1
[14:51:29] .. alive runid=20260915-135822-14128 event_age=6s | total=243 valid=79 running=12 pending=152 launched=91 failed=0 gaveup=0 forkfail=0 free_kb=11740932 sims_boxwide=11 last_event_age=0s last_event_epoch=1789476683
[14:51:40] DONE f2L8D_south_half_202 rc=0 276s f2L8D south/half seed=202 rescued=4 dead=0 unreachable=0 never_detected=0 ff_deaths=1 terminal=175 completions=4 recycles=4 removals=4 returns=4 wall=275s [valid 80/243]
[14:51:40] LAUNCH f2GF_east_half_101 running=12 free_kb=11779596 sims_boxwide=11 attempt=1
[14:52:21] DONE f2L8D_south_half_101 rc=0 331s f2L8D south/half seed=101 rescued=3 dead=1 unreachable=0 never_detected=0 ff_deaths=0 terminal=164 completions=3 recycles=3 removals=3 returns=3 wall=330s [valid 81/243]
[14:52:21] LAUNCH f2GF_east_half_202 running=12 free_kb=11770104 sims_boxwide=11 attempt=1
[14:52:29] .. alive runid=20260915-135822-14128 event_age=8s | total=243 valid=81 running=12 pending=150 launched=93 failed=0 gaveup=0 forkfail=0 free_kb=11770104 sims_boxwide=11 last_event_age=0s last_event_epoch=1789476741
[14:53:00] DONE f2L8D_south_half_404 rc=0 331s f2L8D south/half seed=404 rescued=2 dead=1 unreachable=0 never_detected=0 ff_deaths=1 terminal=None completions=2 recycles=2 removals=2 returns=2 wall=329s [valid 82/243]
[14:53:00] LAUNCH f2GF_east_half_303 running=12 free_kb=11739668 sims_boxwide=11 attempt=1
[14:53:13] DONE f2L8D_south_half_505 rc=0 250s f2L8D south/half seed=505 rescued=3 dead=1 unreachable=0 never_detected=0 ff_deaths=0 terminal=107 completions=3 recycles=3 removals=3 returns=3 wall=244s [valid 83/243]
[14:53:14] LAUNCH f2GF_east_half_404 running=12 free_kb=14410360 sims_boxwide=10 attempt=1
[14:53:26] DONE f2L8D_east_half_101 rc=0 502s f2L8D east/half seed=101 rescued=4 dead=0 unreachable=0 never_detected=0 ff_deaths=1 terminal=118 completions=4 recycles=4 removals=4 returns=4 wall=487s [valid 84/243]
[14:53:27] LAUNCH f2GF_east_half_505 running=12 free_kb=11803604 sims_boxwide=11 attempt=1
[14:53:29] .. alive runid=20260915-135822-14128 event_age=2s | total=243 valid=84 running=12 pending=147 launched=96 failed=0 gaveup=0 forkfail=0 free_kb=11803604 sims_boxwide=11 last_event_age=0s last_event_epoch=1789476807
[14:53:39] DONE f2L8D_east_half_505 rc=0 423s f2L8D east/half seed=505 rescued=3 dead=1 unreachable=0 never_detected=0 ff_deaths=0 terminal=101 completions=3 recycles=3 removals=3 returns=3 wall=420s [valid 85/243]
[14:53:40] LAUNCH f2GF_south_half_101 running=12 free_kb=11817404 sims_boxwide=11 attempt=1
[14:53:52] DONE f2L8D_east_half_202 rc=0 477s f2L8D east/half seed=202 rescued=3 dead=1 unreachable=0 never_detected=0 ff_deaths=0 terminal=102 completions=3 recycles=3 removals=3 returns=3 wall=473s [valid 86/243]
[14:53:52] DONE f2L8D_east_def_101 rc=0 268s f2L8D east/default seed=101 rescued=3 dead=0 unreachable=1 never_detected=1 ff_deaths=0 terminal=222 completions=3 recycles=3 removals=3 returns=3 wall=257s [valid 87/243]
[14:53:53] LAUNCH f2GF_south_half_202 running=11 free_kb=13590612 sims_boxwide=10 attempt=1
[14:54:06] LAUNCH f2GF_south_half_303 running=12 free_kb=11848788 sims_boxwide=11 attempt=1
[14:54:28] DONE f2L8D_east_def_202 rc=0 248s f2L8D east/default seed=202 rescued=3 dead=1 unreachable=0 never_detected=0 ff_deaths=0 terminal=173 completions=3 recycles=3 removals=3 returns=3 wall=246s [valid 88/243]
[14:54:29] LAUNCH f2GF_south_half_404 running=12 free_kb=11843096 sims_boxwide=11 attempt=1
[14:54:29] .. alive runid=20260915-135822-14128 event_age=0s | total=243 valid=88 running=12 pending=143 launched=100 failed=0 gaveup=0 forkfail=0 free_kb=11843096 sims_boxwide=11 last_event_age=0s last_event_epoch=1789476869
[14:55:29] .. alive runid=20260915-135822-14128 event_age=60s | total=243 valid=88 running=12 pending=143 launched=100 failed=0 gaveup=0 forkfail=0 free_kb=11843096 sims_boxwide=11 last_event_age=0s last_event_epoch=1789476869
[14:55:53] DONE f2L8D_east_half_404 rc=0 570s f2L8D east/half seed=404 rescued=2 dead=2 unreachable=0 never_detected=0 ff_deaths=1 terminal=162 completions=2 recycles=2 removals=2 returns=2 wall=569s [valid 89/243]
[14:55:54] LAUNCH f2GF_south_half_505 running=12 free_kb=11786832 sims_boxwide=11 attempt=1
[14:56:06] DONE f2L8D_east_def_303 rc=0 283s f2L8D east/default seed=303 rescued=3 dead=1 unreachable=0 never_detected=0 ff_deaths=0 terminal=162 completions=3 recycles=3 removals=3 returns=3 wall=278s [valid 90/243]
[14:56:07] LAUNCH f2GF_east_def_101 running=12 free_kb=10985732 sims_boxwide=11 attempt=1
[14:56:28] DONE f2L8D_east_half_303 rc=0 618s f2L8D east/half seed=303 rescued=3 dead=1 unreachable=0 never_detected=0 ff_deaths=0 terminal=219 completions=3 recycles=3 removals=3 returns=3 wall=616s [valid 91/243]
[14:56:29] LAUNCH f2GF_east_def_202 running=12 free_kb=10986516 sims_boxwide=11 attempt=1
[14:56:29] .. alive runid=20260915-135822-14128 event_age=0s | total=243 valid=91 running=12 pending=140 launched=103 failed=0 gaveup=0 forkfail=0 free_kb=10986516 sims_boxwide=11 last_event_age=0s last_event_epoch=1789476989
[14:57:29] .. alive runid=20260915-135822-14128 event_age=60s | total=243 valid=91 running=12 pending=140 launched=103 failed=0 gaveup=0 forkfail=0 free_kb=10986516 sims_boxwide=11 last_event_age=0s last_event_epoch=1789476989
[14:58:15] DONE f2GF_south_half_303 rc=0 248s f2GF south/half seed=303 rescued=4 dead=0 unreachable=0 never_detected=0 ff_deaths=0 terminal=114 completions=4 recycles=4 removals=4 returns=4 wall=247s [valid 92/243]
[14:58:15] LAUNCH f2GF_east_def_303 running=12 free_kb=11714640 sims_boxwide=11 attempt=1
[14:58:29] .. alive runid=20260915-135822-14128 event_age=14s | total=243 valid=92 running=12 pending=139 launched=104 failed=0 gaveup=0 forkfail=0 free_kb=11714640 sims_boxwide=11 last_event_age=0s last_event_epoch=1789477095
[14:58:40] DONE f2GF_south_half_202 rc=0 287s f2GF south/half seed=202 rescued=3 dead=0 unreachable=0 never_detected=0 ff_deaths=1 terminal=None completions=3 recycles=3 removals=3 returns=3 wall=285s [valid 93/243]
[14:58:41] LAUNCH f2cOFF_east_half_101 running=12 free_kb=11760456 sims_boxwide=11 attempt=1
[14:59:14] DONE f2GF_south_half_101 rc=0 334s f2GF south/half seed=101 rescued=2 dead=1 unreachable=1 never_detected=0 ff_deaths=2 terminal=159 completions=2 recycles=2 removals=2 returns=2 wall=333s [valid 94/243]
[14:59:15] LAUNCH f2cOFF_east_half_202 running=12 free_kb=11677100 sims_boxwide=11 attempt=1
[14:59:30] .. alive runid=20260915-135822-14128 event_age=15s | total=243 valid=94 running=12 pending=137 launched=106 failed=0 gaveup=0 forkfail=0 free_kb=11677100 sims_boxwide=11 last_event_age=0s last_event_epoch=1789477155
[14:59:49] DONE f2GF_east_half_202 rc=0 448s f2GF east/half seed=202 rescued=3 dead=1 unreachable=0 never_detected=0 ff_deaths=0 terminal=104 completions=3 recycles=3 removals=3 returns=3 wall=446s [valid 95/243]
[14:59:50] LAUNCH f2cOFF_east_half_303 running=12 free_kb=12477720 sims_boxwide=10 attempt=1
[15:00:02] DONE f2GF_south_half_404 rc=0 333s f2GF south/half seed=404 rescued=3 dead=1 unreachable=0 never_detected=0 ff_deaths=0 terminal=189 completions=3 recycles=3 removals=3 returns=3 wall=319s [valid 96/243]
[15:00:02] DONE f2GF_south_half_505 rc=0 248s f2GF south/half seed=505 rescued=3 dead=1 unreachable=0 never_detected=0 ff_deaths=0 terminal=114 completions=3 recycles=3 removals=3 returns=3 wall=240s [valid 97/243]
[15:00:03] LAUNCH f2cOFF_east_half_404 running=11 free_kb=12379664 sims_boxwide=10 attempt=1
[15:00:16] DONE f2GF_east_half_101 rc=0 515s f2GF east/half seed=101 rescued=4 dead=0 unreachable=0 never_detected=0 ff_deaths=0 terminal=127 completions=4 recycles=4 removals=4 returns=4 wall=506s [valid 98/243]
[15:00:17] LAUNCH f2cOFF_east_half_505 running=11 free_kb=11460520 sims_boxwide=10 attempt=1
[15:00:29] DONE f2GF_east_half_505 rc=0 422s f2GF east/half seed=505 rescued=3 dead=1 unreachable=0 never_detected=0 ff_deaths=0 terminal=109 completions=3 recycles=3 removals=3 returns=3 wall=415s [valid 99/243]
[15:00:30] .. alive runid=20260915-135822-14128 event_age=1s | total=243 valid=99 running=10 pending=134 launched=109 failed=0 gaveup=0 forkfail=0 free_kb=11645820 sims_boxwide=10 last_event_age=0s last_event_epoch=1789477229
[15:00:30] LAUNCH f2cOFF_south_half_101 running=11 free_kb=11645820 sims_boxwide=10 attempt=1
[15:00:42] DONE f2GF_east_def_101 rc=0 275s f2GF east/default seed=101 rescued=3 dead=0 unreachable=1 never_detected=1 ff_deaths=0 terminal=215 completions=3 recycles=3 removals=3 returns=3 wall=264s [valid 100/243]
[15:00:43] LAUNCH f2cOFF_south_half_202 running=11 free_kb=12454868 sims_boxwide=10 attempt=1
[15:00:55] DONE f2GF_east_def_202 rc=0 266s f2GF east/default seed=202 rescued=3 dead=1 unreachable=0 never_detected=0 ff_deaths=0 terminal=181 completions=3 recycles=3 removals=3 returns=3 wall=257s [valid 101/243]
[15:00:56] LAUNCH f2cOFF_south_half_303 running=11 free_kb=11673196 sims_boxwide=10 attempt=1
[15:01:09] LAUNCH f2cOFF_south_half_404 running=12 free_kb=10798048 sims_boxwide=11 attempt=1
[15:01:30] .. alive runid=20260915-135822-14128 event_age=21s | total=243 valid=101 running=12 pending=130 launched=113 failed=0 gaveup=0 forkfail=0 free_kb=10798048 sims_boxwide=11 last_event_age=0s last_event_epoch=1789477269
[15:02:30] .. alive runid=20260915-135822-14128 event_age=81s | total=243 valid=101 running=12 pending=130 launched=113 failed=0 gaveup=0 forkfail=0 free_kb=10798048 sims_boxwide=11 last_event_age=0s last_event_epoch=1789477269
[15:02:54] DONE f2GF_east_half_404 rc=0 580s f2GF east/half seed=404 rescued=2 dead=2 unreachable=0 never_detected=0 ff_deaths=0 terminal=162 completions=2 recycles=2 removals=2 returns=2 wall=579s [valid 102/243]
[15:02:55] LAUNCH f2cOFF_south_half_505 running=12 free_kb=10882960 sims_boxwide=11 attempt=1
[15:03:07] DONE f2GF_east_def_303 rc=0 292s f2GF east/default seed=303 rescued=3 dead=1 unreachable=0 never_detected=0 ff_deaths=0 terminal=130 completions=3 recycles=3 removals=3 returns=3 wall=278s [valid 103/243]
[15:03:08] LAUNCH f2cOFF_east_def_101 running=12 free_kb=10952384 sims_boxwide=11 attempt=1
[15:03:30] .. alive runid=20260915-135822-14128 event_age=22s | total=243 valid=103 running=12 pending=128 launched=115 failed=0 gaveup=0 forkfail=0 free_kb=10952384 sims_boxwide=11 last_event_age=0s last_event_epoch=1789477388
[15:03:36] DONE f2GF_east_half_303 rc=0 635s f2GF east/half seed=303 rescued=3 dead=1 unreachable=0 never_detected=0 ff_deaths=0 terminal=219 completions=3 recycles=3 removals=3 returns=3 wall=633s [valid 104/243]
[15:03:37] LAUNCH f2cOFF_east_def_202 running=12 free_kb=10880552 sims_boxwide=11 attempt=1
[15:04:30] .. alive runid=20260915-135822-14128 event_age=53s | total=243 valid=104 running=12 pending=127 launched=116 failed=0 gaveup=0 forkfail=0 free_kb=10880552 sims_boxwide=11 last_event_age=0s last_event_epoch=1789477417
[15:04:46] DONE f2cOFF_south_half_303 rc=0 230s f2cOFF south/half seed=303 rescued=4 dead=0 unreachable=0 never_detected=0 ff_deaths=0 terminal=128 completions=4 recycles=4 removals=4 returns=4 wall=228s [valid 105/243]
[15:04:47] LAUNCH f2cOFF_east_def_303 running=12 free_kb=10898140 sims_boxwide=11 attempt=1
[15:05:02] DONE f2cOFF_south_half_101 rc=0 271s f2cOFF south/half seed=101 rescued=3 dead=1 unreachable=0 never_detected=0 ff_deaths=0 terminal=112 completions=3 recycles=3 removals=3 returns=3 wall=270s [valid 106/243]
[15:05:03] LAUNCH f2cES_east_half_101 running=12 free_kb=10910568 sims_boxwide=11 attempt=1
[15:05:30] .. alive runid=20260915-135822-14128 event_age=27s | total=243 valid=106 running=12 pending=125 launched=118 failed=0 gaveup=0 forkfail=0 free_kb=10910568 sims_boxwide=11 last_event_age=0s last_event_epoch=1789477503
[15:05:42] DONE f2cOFF_south_half_202 rc=0 299s f2cOFF south/half seed=202 rescued=4 dead=0 unreachable=0 never_detected=0 ff_deaths=0 terminal=183 completions=4 recycles=4 removals=4 returns=4 wall=297s [valid 107/243]
[15:05:43] LAUNCH f2cES_east_half_202 running=12 free_kb=11791144 sims_boxwide=11 attempt=1
[15:06:30] .. alive runid=20260915-135822-14128 event_age=47s | total=243 valid=107 running=12 pending=124 launched=119 failed=0 gaveup=0 forkfail=0 free_kb=11791144 sims_boxwide=11 last_event_age=0s last_event_epoch=1789477543
[15:06:39] DONE f2cOFF_south_half_404 rc=0 330s f2cOFF south/half seed=404 rescued=2 dead=2 unreachable=0 never_detected=0 ff_deaths=0 terminal=183 completions=2 recycles=2 removals=2 returns=2 wall=329s [valid 108/243]
[15:06:40] LAUNCH f2cES_east_half_303 running=12 free_kb=11732988 sims_boxwide=11 attempt=1
[15:07:10] DONE f2cOFF_south_half_505 rc=0 255s f2cOFF south/half seed=505 rescued=4 dead=0 unreachable=0 never_detected=0 ff_deaths=0 terminal=119 completions=4 recycles=4 removals=4 returns=4 wall=253s [valid 109/243]
[15:07:11] LAUNCH f2cES_east_half_404 running=12 free_kb=12600060 sims_boxwide=11 attempt=1
[15:07:30] .. alive runid=20260915-135822-14128 event_age=19s | total=243 valid=109 running=12 pending=122 launched=121 failed=0 gaveup=0 forkfail=0 free_kb=12600060 sims_boxwide=11 last_event_age=0s last_event_epoch=1789477631
[15:07:38] DONE f2cOFF_east_def_101 rc=0 269s f2cOFF east/default seed=101 rescued=2 dead=0 unreachable=0 never_detected=0 ff_deaths=1 terminal=None completions=2 recycles=2 removals=2 returns=2 wall=268s [valid 110/243]
[15:07:38] LAUNCH f2cES_east_half_505 running=12 free_kb=12605972 sims_boxwide=11 attempt=1
[15:08:17] DONE f2cOFF_east_half_101 rc=0 576s f2cOFF east/half seed=101 rescued=4 dead=0 unreachable=0 never_detected=0 ff_deaths=0 terminal=182 completions=4 recycles=4 removals=4 returns=4 wall=575s [valid 111/243]
[15:08:17] DONE f2cOFF_east_half_303 rc=0 507s f2cOFF east/half seed=303 rescued=3 dead=1 unreachable=0 never_detected=0 ff_deaths=2 terminal=111 completions=3 recycles=3 removals=3 returns=3 wall=506s [valid 112/243]
[15:08:18] LAUNCH f2cES_south_half_101 running=11 free_kb=14437848 sims_boxwide=10 attempt=1
[15:08:30] .. alive runid=20260915-135822-14128 event_age=12s | total=243 valid=112 running=11 pending=120 launched=123 failed=0 gaveup=0 forkfail=0 free_kb=14437848 sims_boxwide=10 last_event_age=0s last_event_epoch=1789477698
[15:08:31] DONE f2cOFF_east_def_202 rc=0 293s f2cOFF east/default seed=202 rescued=2 dead=1 unreachable=1 never_detected=1 ff_deaths=2 terminal=210 completions=2 recycles=2 removals=2 returns=2 wall=283s [valid 113/243]
[15:08:31] LAUNCH f2cES_south_half_202 running=11 free_kb=15317116 sims_boxwide=9 attempt=1
[15:08:44] DONE f2cOFF_east_half_505 rc=0 506s f2cOFF east/half seed=505 rescued=3 dead=1 unreachable=0 never_detected=0 ff_deaths=0 terminal=137 completions=3 recycles=3 removals=3 returns=3 wall=492s [valid 114/243]
[15:08:44] LAUNCH f2cES_south_half_303 running=11 free_kb=14483868 sims_boxwide=10 attempt=1
[15:08:57] LAUNCH f2cES_south_half_404 running=12 free_kb=13618140 sims_boxwide=11 attempt=1
[15:09:27] DONE f2cOFF_east_def_303 rc=0 279s f2cOFF east/default seed=303 rescued=2 dead=2 unreachable=0 never_detected=0 ff_deaths=1 terminal=126 completions=2 recycles=2 removals=2 returns=2 wall=278s [valid 115/243]
[15:09:27] LAUNCH f2cES_south_half_505 running=12 free_kb=13595712 sims_boxwide=11 attempt=1
[15:09:30] .. alive runid=20260915-135822-14128 event_age=3s | total=243 valid=115 running=12 pending=116 launched=127 failed=0 gaveup=0 forkfail=0 free_kb=13595712 sims_boxwide=11 last_event_age=0s last_event_epoch=1789477767
[15:09:51] DONE f2cOFF_east_half_202 rc=0 636s f2cOFF east/half seed=202 rescued=4 dead=0 unreachable=0 never_detected=0 ff_deaths=0 terminal=203 completions=4 recycles=4 removals=4 returns=4 wall=634s [valid 116/243]
[15:09:52] LAUNCH f2cES_east_def_101 running=12 free_kb=13591036 sims_boxwide=11 attempt=1
[15:10:31] .. alive runid=20260915-135822-14128 event_age=39s | total=243 valid=116 running=12 pending=115 launched=128 failed=0 gaveup=0 forkfail=0 free_kb=13591036 sims_boxwide=11 last_event_age=0s last_event_epoch=1789477792
[15:11:31] .. alive runid=20260915-135822-14128 event_age=99s | total=243 valid=116 running=12 pending=115 launched=128 failed=0 gaveup=0 forkfail=0 free_kb=13591036 sims_boxwide=11 last_event_age=0s last_event_epoch=1789477792
[15:11:43] DONE f2cOFF_east_half_404 rc=0 700s f2cOFF east/half seed=404 rescued=3 dead=1 unreachable=0 never_detected=0 ff_deaths=1 terminal=210 completions=3 recycles=3 removals=3 returns=3 wall=698s [valid 117/243]
[15:11:44] LAUNCH f2cES_east_def_202 running=12 free_kb=13539228 sims_boxwide=11 attempt=1
[15:12:31] .. alive runid=20260915-135822-14128 event_age=47s | total=243 valid=117 running=12 pending=114 launched=129 failed=0 gaveup=0 forkfail=0 free_kb=13539228 sims_boxwide=11 last_event_age=0s last_event_epoch=1789477904
[15:12:33] DONE f2cES_south_half_101 rc=0 255s f2cES south/half seed=101 rescued=3 dead=1 unreachable=0 never_detected=0 ff_deaths=1 terminal=90 completions=3 recycles=3 removals=3 returns=3 wall=253s [valid 118/243]
[15:12:34] LAUNCH f2cES_east_def_303 running=12 free_kb=13519868 sims_boxwide=11 attempt=1
[15:12:47] DONE f2cES_south_half_303 rc=0 243s f2cES south/half seed=303 rescued=4 dead=0 unreachable=0 never_detected=0 ff_deaths=0 terminal=217 completions=4 recycles=4 removals=4 returns=4 wall=241s [valid 119/243]
[15:12:48] LAUNCH f2cF_east_half_101 running=12 free_kb=13548884 sims_boxwide=11 attempt=1
[15:13:00] DONE f2cES_south_half_202 rc=0 269s f2cES south/half seed=202 rescued=4 dead=0 unreachable=0 never_detected=0 ff_deaths=0 terminal=138 completions=4 recycles=4 removals=4 returns=4 wall=261s [valid 120/243]
[15:13:01] LAUNCH f2cF_east_half_202 running=12 free_kb=13580068 sims_boxwide=11 attempt=1
[15:13:31] .. alive runid=20260915-135822-14128 event_age=30s | total=243 valid=120 running=12 pending=111 launched=132 failed=0 gaveup=0 forkfail=0 free_kb=13580068 sims_boxwide=11 last_event_age=0s last_event_epoch=1789477981
[15:13:31] DONE f2cES_south_half_505 rc=0 244s f2cES south/half seed=505 rescued=4 dead=0 unreachable=0 never_detected=0 ff_deaths=0 terminal=116 completions=4 recycles=4 removals=4 returns=4 wall=242s [valid 121/243]
[15:13:32] LAUNCH f2cF_east_half_303 running=12 free_kb=13564068 sims_boxwide=11 attempt=1
[15:14:01] DONE f2cES_east_def_101 rc=0 249s f2cES east/default seed=101 rescued=3 dead=0 unreachable=0 never_detected=0 ff_deaths=0 terminal=None completions=3 recycles=3 removals=3 returns=3 wall=248s [valid 122/243]
[15:14:02] LAUNCH f2cF_east_half_404 running=12 free_kb=13536736 sims_boxwide=11 attempt=1
[15:14:14] DONE f2cES_south_half_404 rc=0 317s f2cES south/half seed=404 rescued=2 dead=2 unreachable=0 never_detected=0 ff_deaths=0 terminal=183 completions=2 recycles=2 removals=2 returns=2 wall=309s [valid 123/243]
[15:14:15] LAUNCH f2cF_east_half_505 running=12 free_kb=13565680 sims_boxwide=11 attempt=1
[15:14:28] DONE f2cES_east_half_101 rc=0 564s f2cES east/half seed=101 rescued=4 dead=0 unreachable=0 never_detected=0 ff_deaths=0 terminal=181 completions=4 recycles=4 removals=4 returns=4 wall=562s [valid 124/243]
[15:14:28] LAUNCH f2cF_south_half_101 running=12 free_kb=13556276 sims_boxwide=11 attempt=1
[15:14:31] .. alive runid=20260915-135822-14128 event_age=3s | total=243 valid=124 running=12 pending=107 launched=136 failed=0 gaveup=0 forkfail=0 free_kb=13556276 sims_boxwide=11 last_event_age=0s last_event_epoch=1789478068
[15:14:41] DONE f2cES_east_half_303 rc=0 481s f2cES east/half seed=303 rescued=3 dead=1 unreachable=0 never_detected=0 ff_deaths=1 terminal=96 completions=3 recycles=3 removals=3 returns=3 wall=468s [valid 125/243]
[15:14:42] LAUNCH f2cF_south_half_202 running=12 free_kb=13527952 sims_boxwide=11 attempt=1
[15:15:05] DONE f2cES_east_half_404 rc=0 474s f2cES east/half seed=404 rescued=2 dead=2 unreachable=0 never_detected=0 ff_deaths=1 terminal=135 completions=2 recycles=2 removals=2 returns=2 wall=472s [valid 126/243]
[15:15:06] LAUNCH f2cF_south_half_303 running=12 free_kb=13459304 sims_boxwide=11 attempt=1
[15:15:31] .. alive runid=20260915-135822-14128 event_age=25s | total=243 valid=126 running=12 pending=105 launched=138 failed=0 gaveup=0 forkfail=0 free_kb=13459304 sims_boxwide=11 last_event_age=0s last_event_epoch=1789478106
[15:15:43] DONE f2cES_east_half_505 rc=0 485s f2cES east/half seed=505 rescued=3 dead=1 unreachable=0 never_detected=0 ff_deaths=0 terminal=134 completions=3 recycles=3 removals=3 returns=3 wall=483s [valid 127/243]
[15:15:44] LAUNCH f2cF_south_half_404 running=12 free_kb=13351640 sims_boxwide=11 attempt=1
[15:15:56] DONE f2cES_east_half_202 rc=0 613s f2cES east/half seed=202 rescued=4 dead=0 unreachable=0 never_detected=0 ff_deaths=0 terminal=203 completions=4 recycles=4 removals=4 returns=4 wall=608s [valid 128/243]
[15:15:57] LAUNCH f2cF_south_half_505 running=12 free_kb=13463156 sims_boxwide=11 attempt=1
[15:16:16] DONE f2cES_east_def_202 rc=0 272s f2cES east/default seed=202 rescued=4 dead=0 unreachable=0 never_detected=0 ff_deaths=0 terminal=203 completions=4 recycles=4 removals=4 returns=4 wall=271s [valid 129/243]
[15:16:17] LAUNCH f2cF_east_def_101 running=12 free_kb=13372320 sims_boxwide=11 attempt=1
[15:16:31] .. alive runid=20260915-135822-14128 event_age=14s | total=243 valid=129 running=12 pending=102 launched=141 failed=0 gaveup=0 forkfail=0 free_kb=13372320 sims_boxwide=11 last_event_age=0s last_event_epoch=1789478177
[15:17:02] DONE f2cES_east_def_303 rc=0 267s f2cES east/default seed=303 rescued=2 dead=2 unreachable=0 never_detected=0 ff_deaths=1 terminal=126 completions=2 recycles=2 removals=2 returns=2 wall=266s [valid 130/243]
[15:17:02] LAUNCH f2cF_east_def_202 running=12 free_kb=13384660 sims_boxwide=11 attempt=1
[15:17:31] .. alive runid=20260915-135822-14128 event_age=29s | total=243 valid=130 running=12 pending=101 launched=142 failed=0 gaveup=0 forkfail=0 free_kb=13384660 sims_boxwide=11 last_event_age=0s last_event_epoch=1789478222
[15:18:31] .. alive runid=20260915-135822-14128 event_age=89s | total=243 valid=130 running=12 pending=101 launched=142 failed=0 gaveup=0 forkfail=0 free_kb=13384660 sims_boxwide=11 last_event_age=0s last_event_epoch=1789478222
[15:18:57] DONE f2cF_south_half_101 rc=0 269s f2cF south/half seed=101 rescued=3 dead=1 unreachable=0 never_detected=0 ff_deaths=0 terminal=90 completions=3 recycles=3 removals=3 returns=3 wall=267s [valid 131/243]
[15:18:58] LAUNCH f2cF_east_def_303 running=12 free_kb=13340328 sims_boxwide=11 attempt=1
[15:19:15] DONE f2cF_south_half_202 rc=0 273s f2cF south/half seed=202 rescued=4 dead=0 unreachable=0 never_detected=0 ff_deaths=0 terminal=138 completions=4 recycles=4 removals=4 returns=4 wall=272s [valid 132/243]
[15:19:16] LAUNCH f2U0D_east_half_606 running=12 free_kb=13343580 sims_boxwide=11 attempt=1
[15:19:28] DONE f2cF_south_half_303 rc=0 262s f2cF south/half seed=303 rescued=3 dead=0 unreachable=0 never_detected=0 ff_deaths=0 terminal=None completions=3 recycles=3 removals=3 returns=3 wall=252s [valid 133/243]
[15:19:29] LAUNCH f2U0D_east_half_707 running=12 free_kb=13442500 sims_boxwide=11 attempt=1
[15:19:31] .. alive runid=20260915-135822-14128 event_age=2s | total=243 valid=133 running=12 pending=98 launched=145 failed=0 gaveup=0 forkfail=0 free_kb=13442500 sims_boxwide=11 last_event_age=0s last_event_epoch=1789478369
[15:19:59] DONE f2cF_south_half_505 rc=0 242s f2cF south/half seed=505 rescued=4 dead=0 unreachable=0 never_detected=0 ff_deaths=0 terminal=116 completions=4 recycles=4 removals=4 returns=4 wall=240s [valid 134/243]
[15:20:00] LAUNCH f2U0D_east_half_808 running=12 free_kb=13462300 sims_boxwide=11 attempt=1
[15:20:31] .. alive runid=20260915-135822-14128 event_age=31s | total=243 valid=134 running=12 pending=97 launched=146 failed=0 gaveup=0 forkfail=0 free_kb=13462300 sims_boxwide=11 last_event_age=0s last_event_epoch=1789478400
[15:20:32] DONE f2cF_east_def_101 rc=0 254s f2cF east/default seed=101 rescued=4 dead=0 unreachable=0 never_detected=0 ff_deaths=0 terminal=221 completions=4 recycles=4 removals=4 returns=4 wall=253s [valid 135/243]
[15:20:32] LAUNCH f2U0D_east_half_909 running=12 free_kb=13419144 sims_boxwide=11 attempt=1
[15:21:05] DONE f2cF_south_half_404 rc=0 321s f2cF south/half seed=404 rescued=2 dead=2 unreachable=0 never_detected=0 ff_deaths=1 terminal=215 completions=2 recycles=2 removals=2 returns=2 wall=320s [valid 136/243]
[15:21:06] LAUNCH f2U0D_east_half_1010 running=12 free_kb=13448360 sims_boxwide=11 attempt=1
[15:21:29] DONE f2cF_east_half_303 rc=0 477s f2cF east/half seed=303 rescued=3 dead=1 unreachable=0 never_detected=0 ff_deaths=1 terminal=96 completions=3 recycles=3 removals=3 returns=3 wall=475s [valid 137/243]
[15:21:30] LAUNCH f2U0D_south_half_606 running=12 free_kb=13446932 sims_boxwide=11 attempt=1
[15:21:31] .. alive runid=20260915-135822-14128 event_age=1s | total=243 valid=137 running=12 pending=94 launched=149 failed=0 gaveup=0 forkfail=0 free_kb=13446932 sims_boxwide=11 last_event_age=0s last_event_epoch=1789478490
[15:21:42] DONE f2cF_east_def_202 rc=0 280s f2cF east/default seed=202 rescued=2 dead=1 unreachable=1 never_detected=1 ff_deaths=1 terminal=210 completions=2 recycles=2 removals=2 returns=2 wall=271s [valid 138/243]
[15:21:43] LAUNCH f2U0D_south_half_707 running=12 free_kb=13463060 sims_boxwide=11 attempt=1
[15:22:00] DONE f2cF_east_half_101 rc=0 552s f2cF east/half seed=101 rescued=4 dead=0 unreachable=0 never_detected=0 ff_deaths=0 terminal=182 completions=4 recycles=4 removals=4 returns=4 wall=551s [valid 139/243]
[15:22:01] LAUNCH f2U0D_south_half_808 running=12 free_kb=13507772 sims_boxwide=11 attempt=1
[15:22:13] DONE f2cF_east_half_202 rc=0 552s f2cF east/half seed=202 rescued=3 dead=1 unreachable=0 never_detected=0 ff_deaths=1 terminal=171 completions=3 recycles=3 removals=3 returns=3 wall=549s [valid 140/243]
[15:22:14] DONE f2U0D_east_half_707 rc=0 164s f2U0D east/half seed=707 rescued=2 dead=0 unreachable=2 never_detected=2 ff_deaths=0 terminal=210 completions=2 recycles=2 removals=2 returns=2 wall=161s [valid 141/243]
[15:22:14] LAUNCH f2U0D_south_half_909 running=11 free_kb=14432084 sims_boxwide=10 attempt=1
[15:22:27] DONE f2cF_east_half_505 rc=0 492s f2cF east/half seed=505 rescued=3 dead=1 unreachable=0 never_detected=0 ff_deaths=0 terminal=134 completions=3 recycles=3 removals=3 returns=3 wall=480s [valid 142/243]
[15:22:28] LAUNCH f2U0D_south_half_1010 running=11 free_kb=14425092 sims_boxwide=10 attempt=1
[15:22:32] .. alive runid=20260915-135822-14128 event_age=4s | total=243 valid=142 running=11 pending=90 launched=153 failed=0 gaveup=0 forkfail=0 free_kb=14425092 sims_boxwide=10 last_event_age=0s last_event_epoch=1789478548
[15:22:40] LAUNCH f2U1D_east_half_606 running=12 free_kb=13552852 sims_boxwide=11 attempt=1
[15:23:31] DONE f2cF_east_def_303 rc=0 272s f2cF east/default seed=303 rescued=2 dead=2 unreachable=0 never_detected=0 ff_deaths=0 terminal=126 completions=2 recycles=2 removals=2 returns=2 wall=271s [valid 143/243]
[15:23:32] LAUNCH f2U1D_east_half_707 running=12 free_kb=13496812 sims_boxwide=11 attempt=1
[15:23:32] .. alive runid=20260915-135822-14128 event_age=0s | total=243 valid=143 running=12 pending=88 launched=155 failed=0 gaveup=0 forkfail=0 free_kb=13496812 sims_boxwide=11 last_event_age=0s last_event_epoch=1789478612
[15:24:32] .. alive runid=20260915-135822-14128 event_age=60s | total=243 valid=143 running=12 pending=88 launched=155 failed=0 gaveup=0 forkfail=0 free_kb=13496812 sims_boxwide=11 last_event_age=0s last_event_epoch=1789478612
[15:24:34] DONE f2cF_east_half_404 rc=0 631s f2cF east/half seed=404 rescued=3 dead=1 unreachable=0 never_detected=0 ff_deaths=0 terminal=207 completions=3 recycles=3 removals=3 returns=3 wall=630s [valid 144/243]
[15:24:35] LAUNCH f2U1D_east_half_808 running=12 free_kb=13346672 sims_boxwide=11 attempt=1
[15:25:32] .. alive runid=20260915-135822-14128 event_age=57s | total=243 valid=144 running=12 pending=87 launched=156 failed=0 gaveup=0 forkfail=0 free_kb=13346672 sims_boxwide=11 last_event_age=0s last_event_epoch=1789478675
[15:25:38] DONE f2U0D_south_half_707 rc=0 235s f2U0D south/half seed=707 rescued=3 dead=1 unreachable=0 never_detected=0 ff_deaths=0 terminal=198 completions=3 recycles=3 removals=3 returns=3 wall=234s [valid 145/243]
[15:25:39] LAUNCH f2U1D_east_half_909 running=12 free_kb=12834632 sims_boxwide=11 attempt=1
[15:26:13] DONE f2U1D_east_half_707 rc=0 161s f2U1D east/half seed=707 rescued=2 dead=0 unreachable=2 never_detected=2 ff_deaths=0 terminal=210 completions=2 recycles=2 removals=2 returns=2 wall=160s [valid 146/243]
[15:26:14] LAUNCH f2U1D_east_half_1010 running=12 free_kb=13387672 sims_boxwide=11 attempt=1
[15:26:32] .. alive runid=20260915-135822-14128 event_age=18s | total=243 valid=146 running=12 pending=85 launched=158 failed=0 gaveup=0 forkfail=0 free_kb=13387672 sims_boxwide=11 last_event_age=0s last_event_epoch=1789478774
[15:26:33] DONE f2U0D_south_half_606 rc=0 302s f2U0D south/half seed=606 rescued=3 dead=0 unreachable=1 never_detected=1 ff_deaths=1 terminal=210 completions=3 recycles=3 removals=3 returns=3 wall=301s [valid 147/243]
[15:26:34] LAUNCH f2U1D_south_half_606 running=12 free_kb=14266104 sims_boxwide=10 attempt=1
[15:26:46] DONE f2U0D_south_half_808 rc=0 285s f2U0D south/half seed=808 rescued=2 dead=1 unreachable=0 never_detected=0 ff_deaths=1 terminal=None completions=2 recycles=2 removals=2 returns=2 wall=270s [valid 148/243]
[15:26:47] LAUNCH f2U1D_south_half_707 running=12 free_kb=13376092 sims_boxwide=11 attempt=1
[15:27:31] DONE f2U0D_east_half_808 rc=0 450s f2U0D east/half seed=808 rescued=3 dead=1 unreachable=0 never_detected=0 ff_deaths=0 terminal=99 completions=3 recycles=3 removals=3 returns=3 wall=449s [valid 149/243]
[15:27:31] LAUNCH f2U1D_south_half_808 running=12 free_kb=13305200 sims_boxwide=11 attempt=1
[15:27:32] .. alive runid=20260915-135822-14128 event_age=1s | total=243 valid=149 running=12 pending=82 launched=161 failed=0 gaveup=0 forkfail=0 free_kb=13305200 sims_boxwide=11 last_event_age=0s last_event_epoch=1789478851
[15:27:52] DONE f2U0D_south_half_1010 rc=0 324s f2U0D south/half seed=1010 rescued=3 dead=0 unreachable=1 never_detected=1 ff_deaths=1 terminal=210 completions=3 recycles=3 removals=3 returns=3 wall=323s [valid 150/243]
[15:27:53] LAUNCH f2U1D_south_half_909 running=12 free_kb=12432536 sims_boxwide=11 attempt=1
[15:28:23] DONE f2U0D_south_half_909 rc=0 369s f2U0D south/half seed=909 rescued=2 dead=1 unreachable=0 never_detected=0 ff_deaths=1 terminal=None completions=2 recycles=2 removals=2 returns=2 wall=367s [valid 151/243]
[15:28:24] LAUNCH f2U1D_south_half_1010 running=12 free_kb=13408252 sims_boxwide=11 attempt=1
[15:28:32] .. alive runid=20260915-135822-14128 event_age=8s | total=243 valid=151 running=12 pending=80 launched=163 failed=0 gaveup=0 forkfail=0 free_kb=13408252 sims_boxwide=11 last_event_age=0s last_event_epoch=1789478904
[15:28:51] DONE f2U0D_east_half_909 rc=0 499s f2U0D east/half seed=909 rescued=4 dead=0 unreachable=0 never_detected=0 ff_deaths=1 terminal=117 completions=4 recycles=4 removals=4 returns=4 wall=497s [valid 152/243]
[15:28:52] LAUNCH f2GW_east_half_606 running=12 free_kb=13339492 sims_boxwide=11 attempt=1
[15:29:04] DONE f2U0D_east_half_1010 rc=0 478s f2U0D east/half seed=1010 rescued=3 dead=1 unreachable=0 never_detected=0 ff_deaths=0 terminal=105 completions=3 recycles=3 removals=3 returns=3 wall=473s [valid 153/243]
[15:29:05] LAUNCH f2GW_east_half_707 running=12 free_kb=13349280 sims_boxwide=11 attempt=1
[15:29:32] .. alive runid=20260915-135822-14128 event_age=27s | total=243 valid=153 running=12 pending=78 launched=165 failed=0 gaveup=0 forkfail=0 free_kb=13349280 sims_boxwide=11 last_event_age=0s last_event_epoch=1789478945
[15:30:07] DONE f2U0D_east_half_606 rc=0 651s f2U0D east/half seed=606 rescued=3 dead=1 unreachable=0 never_detected=0 ff_deaths=1 terminal=207 completions=3 recycles=3 removals=3 returns=3 wall=649s [valid 154/243]
[15:30:08] LAUNCH f2GW_east_half_808 running=12 free_kb=13277336 sims_boxwide=11 attempt=1
[15:30:32] .. alive runid=20260915-135822-14128 event_age=24s | total=243 valid=154 running=12 pending=77 launched=166 failed=0 gaveup=0 forkfail=0 free_kb=13277336 sims_boxwide=11 last_event_age=0s last_event_epoch=1789479008
[15:30:42] DONE f2U1D_south_half_707 rc=0 234s f2U1D south/half seed=707 rescued=3 dead=1 unreachable=0 never_detected=0 ff_deaths=0 terminal=198 completions=3 recycles=3 removals=3 returns=3 wall=233s [valid 155/243]
[15:30:42] LAUNCH f2GW_east_half_909 running=12 free_kb=13333080 sims_boxwide=11 attempt=1
[15:31:32] .. alive runid=20260915-135822-14128 event_age=50s | total=243 valid=155 running=12 pending=76 launched=167 failed=0 gaveup=0 forkfail=0 free_kb=13333080 sims_boxwide=11 last_event_age=0s last_event_epoch=1789479042
[15:31:33] DONE f2U1D_south_half_606 rc=0 299s f2U1D south/half seed=606 rescued=3 dead=0 unreachable=1 never_detected=1 ff_deaths=1 terminal=210 completions=3 recycles=3 removals=3 returns=3 wall=298s [valid 156/243]
[15:31:34] LAUNCH f2GW_east_half_1010 running=12 free_kb=13302040 sims_boxwide=11 attempt=1
[15:31:46] DONE f2GW_east_half_707 rc=0 161s f2GW east/half seed=707 rescued=2 dead=0 unreachable=2 never_detected=2 ff_deaths=0 terminal=210 completions=2 recycles=2 removals=2 returns=2 wall=155s [valid 157/243]
[15:31:47] LAUNCH f2GW_south_half_606 running=12 free_kb=13336532 sims_boxwide=11 attempt=1
[15:32:00] DONE f2U1D_south_half_808 rc=0 268s f2U1D south/half seed=808 rescued=3 dead=1 unreachable=0 never_detected=0 ff_deaths=0 terminal=230 completions=3 recycles=3 removals=3 returns=3 wall=262s [valid 158/243]
[15:32:00] LAUNCH f2GW_south_half_707 running=12 free_kb=13384584 sims_boxwide=11 attempt=1
[15:32:13] DONE f2U1D_east_half_808 rc=0 457s f2U1D east/half seed=808 rescued=3 dead=1 unreachable=0 never_detected=0 ff_deaths=0 terminal=100 completions=3 recycles=3 removals=3 returns=3 wall=454s [valid 159/243]
[15:32:13] LAUNCH f2GW_south_half_808 running=12 free_kb=13424040 sims_boxwide=11 attempt=1
[15:32:32] .. alive runid=20260915-135822-14128 event_age=19s | total=243 valid=159 running=12 pending=72 launched=171 failed=0 gaveup=0 forkfail=0 free_kb=13424040 sims_boxwide=11 last_event_age=0s last_event_epoch=1789479133
[15:33:23] DONE f2U1D_south_half_1010 rc=0 299s f2U1D south/half seed=1010 rescued=3 dead=0 unreachable=1 never_detected=1 ff_deaths=1 terminal=210 completions=3 recycles=3 removals=3 returns=3 wall=297s [valid 160/243]
[15:33:24] LAUNCH f2GW_south_half_909 running=12 free_kb=13377180 sims_boxwide=11 attempt=1
[15:33:32] .. alive runid=20260915-135822-14128 event_age=8s | total=243 valid=160 running=12 pending=71 launched=172 failed=0 gaveup=0 forkfail=0 free_kb=13377180 sims_boxwide=11 last_event_age=0s last_event_epoch=1789479204
[15:33:46] DONE f2U1D_east_half_909 rc=0 486s f2U1D east/half seed=909 rescued=4 dead=0 unreachable=0 never_detected=0 ff_deaths=1 terminal=116 completions=4 recycles=4 removals=4 returns=4 wall=485s [valid 161/243]
[15:33:46] LAUNCH f2GW_south_half_1010 running=12 free_kb=13393236 sims_boxwide=11 attempt=1
[15:33:59] DONE f2U1D_east_half_606 rc=0 678s f2U1D east/half seed=606 rescued=3 dead=1 unreachable=0 never_detected=0 ff_deaths=1 terminal=207 completions=3 recycles=3 removals=3 returns=3 wall=665s [valid 162/243]
[15:33:59] DONE f2U1D_south_half_909 rc=0 366s f2U1D south/half seed=909 rescued=2 dead=1 unreachable=0 never_detected=0 ff_deaths=1 terminal=None completions=2 recycles=2 removals=2 returns=2 wall=362s [valid 163/243]
[15:34:00] LAUNCH f2GD_east_half_606 running=11 free_kb=14349892 sims_boxwide=10 attempt=1
[15:34:12] DONE f2U1D_east_half_1010 rc=0 478s f2U1D east/half seed=1010 rescued=3 dead=1 unreachable=0 never_detected=0 ff_deaths=0 terminal=105 completions=3 recycles=3 removals=3 returns=3 wall=464s [valid 164/243]
[15:34:13] LAUNCH f2GD_east_half_707 running=11 free_kb=14379476 sims_boxwide=10 attempt=1
[15:34:25] LAUNCH f2GD_east_half_808 running=12 free_kb=13511076 sims_boxwide=11 attempt=1
[15:34:33] .. alive runid=20260915-135822-14128 event_age=8s | total=243 valid=164 running=12 pending=67 launched=176 failed=0 gaveup=0 forkfail=0 free_kb=13511076 sims_boxwide=11 last_event_age=0s last_event_epoch=1789479265
[15:35:33] .. alive runid=20260915-135822-14128 event_age=68s | total=243 valid=164 running=12 pending=67 launched=176 failed=0 gaveup=0 forkfail=0 free_kb=13511076 sims_boxwide=11 last_event_age=0s last_event_epoch=1789479265
[15:35:53] DONE f2GW_south_half_707 rc=0 233s f2GW south/half seed=707 rescued=3 dead=1 unreachable=0 never_detected=0 ff_deaths=0 terminal=198 completions=3 recycles=3 removals=3 returns=3 wall=231s [valid 165/243]
[15:35:54] LAUNCH f2GD_east_half_909 running=12 free_kb=13506720 sims_boxwide=11 attempt=1
[15:36:33] .. alive runid=20260915-135822-14128 event_age=39s | total=243 valid=165 running=12 pending=66 launched=177 failed=0 gaveup=0 forkfail=0 free_kb=13506720 sims_boxwide=11 last_event_age=0s last_event_epoch=1789479354
[15:36:38] DONE f2GW_south_half_808 rc=0 265s f2GW south/half seed=808 rescued=2 dead=1 unreachable=0 never_detected=0 ff_deaths=0 terminal=None completions=2 recycles=2 removals=2 returns=2 wall=263s [valid 166/243]
[15:36:39] LAUNCH f2GD_east_half_1010 running=12 free_kb=13513220 sims_boxwide=11 attempt=1
[15:36:51] DONE f2GD_east_half_707 rc=0 158s f2GD east/half seed=707 rescued=2 dead=0 unreachable=2 never_detected=2 ff_deaths=0 terminal=210 completions=2 recycles=2 removals=2 returns=2 wall=152s [valid 167/243]
[15:36:51] DONE f2GW_south_half_606 rc=0 304s f2GW south/half seed=606 rescued=3 dead=0 unreachable=1 never_detected=1 ff_deaths=1 terminal=210 completions=3 recycles=3 removals=3 returns=3 wall=292s [valid 168/243]
[15:36:52] LAUNCH f2GD_south_half_606 running=11 free_kb=14435084 sims_boxwide=10 attempt=1
[15:37:05] LAUNCH f2GD_south_half_707 running=12 free_kb=13565228 sims_boxwide=11 attempt=1
[15:37:31] DONE f2GW_east_half_808 rc=0 443s f2GW east/half seed=808 rescued=3 dead=1 unreachable=0 never_detected=0 ff_deaths=0 terminal=99 completions=3 recycles=3 removals=3 returns=3 wall=442s [valid 169/243]
[15:37:32] LAUNCH f2GD_south_half_808 running=12 free_kb=13565164 sims_boxwide=11 attempt=1
[15:37:33] .. alive runid=20260915-135822-14128 event_age=1s | total=243 valid=169 running=12 pending=62 launched=181 failed=0 gaveup=0 forkfail=0 free_kb=13565164 sims_boxwide=11 last_event_age=0s last_event_epoch=1789479452
[15:38:33] .. alive runid=20260915-135822-14128 event_age=61s | total=243 valid=169 running=12 pending=62 launched=181 failed=0 gaveup=0 forkfail=0 free_kb=13565164 sims_boxwide=11 last_event_age=0s last_event_epoch=1789479452
[15:38:44] DONE f2GW_south_half_1010 rc=0 298s f2GW south/half seed=1010 rescued=3 dead=0 unreachable=1 never_detected=1 ff_deaths=1 terminal=210 completions=3 recycles=3 removals=3 returns=3 wall=296s [valid 170/243]
[15:38:45] LAUNCH f2GD_south_half_909 running=12 free_kb=13476012 sims_boxwide=11 attempt=1
[15:38:57] DONE f2GW_east_half_1010 rc=0 443s f2GW east/half seed=1010 rescued=3 dead=1 unreachable=0 never_detected=0 ff_deaths=0 terminal=105 completions=3 recycles=3 removals=3 returns=3 wall=435s [valid 171/243]
[15:38:58] LAUNCH f2GD_south_half_1010 running=12 free_kb=13508988 sims_boxwide=11 attempt=1
[15:39:10] DONE f2GW_east_half_909 rc=0 508s f2GW east/half seed=909 rescued=4 dead=0 unreachable=0 never_detected=0 ff_deaths=0 terminal=122 completions=4 recycles=4 removals=4 returns=4 wall=496s [valid 172/243]
[15:39:11] LAUNCH f2L3D_east_half_606 running=12 free_kb=13526640 sims_boxwide=11 attempt=1
[15:39:23] DONE f2GW_south_half_909 rc=0 359s f2GW south/half seed=909 rescued=3 dead=1 unreachable=0 never_detected=0 ff_deaths=0 terminal=219 completions=3 recycles=3 removals=3 returns=3 wall=351s [valid 173/243]
[15:39:23] DONE f2GW_east_half_606 rc=0 631s f2GW east/half seed=606 rescued=3 dead=1 unreachable=0 never_detected=0 ff_deaths=1 terminal=207 completions=3 recycles=3 removals=3 returns=3 wall=628s [valid 174/243]
[15:39:24] LAUNCH f2L3D_east_half_707 running=11 free_kb=14407244 sims_boxwide=10 attempt=1
[15:39:33] .. alive runid=20260915-135822-14128 event_age=9s | total=243 valid=174 running=11 pending=58 launched=185 failed=0 gaveup=0 forkfail=0 free_kb=14407244 sims_boxwide=10 last_event_age=0s last_event_epoch=1789479564
[15:39:37] LAUNCH f2L3D_east_half_808 running=12 free_kb=13536996 sims_boxwide=11 attempt=1
[15:40:33] .. alive runid=20260915-135822-14128 event_age=56s | total=243 valid=174 running=12 pending=57 launched=186 failed=0 gaveup=0 forkfail=0 free_kb=13536996 sims_boxwide=11 last_event_age=0s last_event_epoch=1789479577
[15:40:56] DONE f2GD_south_half_707 rc=0 230s f2GD south/half seed=707 rescued=3 dead=1 unreachable=0 never_detected=0 ff_deaths=0 terminal=198 completions=3 recycles=3 removals=3 returns=3 wall=229s [valid 175/243]
[15:40:56] LAUNCH f2L3D_east_half_909 running=12 free_kb=13414392 sims_boxwide=11 attempt=1
[15:41:30] DONE f2GD_east_half_808 rc=0 424s f2GD east/half seed=808 rescued=3 dead=1 unreachable=0 never_detected=0 ff_deaths=0 terminal=99 completions=3 recycles=3 removals=3 returns=3 wall=422s [valid 176/243]
[15:41:30] LAUNCH f2L3D_east_half_1010 running=12 free_kb=13452008 sims_boxwide=11 attempt=1
[15:41:33] .. alive runid=20260915-135822-14128 event_age=3s | total=243 valid=176 running=12 pending=55 launched=188 failed=0 gaveup=0 forkfail=0 free_kb=13452008 sims_boxwide=11 last_event_age=0s last_event_epoch=1789479690
[15:41:46] DONE f2GD_south_half_606 rc=0 294s f2GD south/half seed=606 rescued=3 dead=0 unreachable=1 never_detected=1 ff_deaths=1 terminal=210 completions=3 recycles=3 removals=3 returns=3 wall=292s [valid 177/243]
[15:41:47] LAUNCH f2L3D_south_half_606 running=12 free_kb=13484308 sims_boxwide=11 attempt=1
[15:41:59] DONE f2GD_south_half_808 rc=0 267s f2GD south/half seed=808 rescued=2 dead=1 unreachable=0 never_detected=0 ff_deaths=0 terminal=None completions=2 recycles=2 removals=2 returns=2 wall=261s [valid 178/243]
[15:42:00] LAUNCH f2L3D_south_half_707 running=12 free_kb=14359504 sims_boxwide=10 attempt=1
[15:42:12] DONE f2L3D_east_half_707 rc=0 168s f2L3D east/half seed=707 rescued=2 dead=0 unreachable=2 never_detected=2 ff_deaths=0 terminal=210 completions=2 recycles=2 removals=2 returns=2 wall=154s [valid 179/243]
[15:42:13] LAUNCH f2L3D_south_half_808 running=12 free_kb=13501332 sims_boxwide=11 attempt=1
[15:42:33] .. alive runid=20260915-135822-14128 event_age=20s | total=243 valid=179 running=12 pending=52 launched=191 failed=0 gaveup=0 forkfail=0 free_kb=13501332 sims_boxwide=11 last_event_age=0s last_event_epoch=1789479733
[15:43:33] .. alive runid=20260915-135822-14128 event_age=80s | total=243 valid=179 running=12 pending=52 launched=191 failed=0 gaveup=0 forkfail=0 free_kb=13501332 sims_boxwide=11 last_event_age=0s last_event_epoch=1789479733
[15:43:56] DONE f2GD_south_half_1010 rc=0 298s f2GD south/half seed=1010 rescued=3 dead=0 unreachable=1 never_detected=1 ff_deaths=1 terminal=210 completions=3 recycles=3 removals=3 returns=3 wall=297s [valid 180/243]
[15:43:57] LAUNCH f2L3D_south_half_909 running=12 free_kb=13478644 sims_boxwide=11 attempt=1
[15:44:09] DONE f2GD_east_half_909 rc=0 495s f2GD east/half seed=909 rescued=4 dead=0 unreachable=0 never_detected=0 ff_deaths=1 terminal=122 completions=4 recycles=4 removals=4 returns=4 wall=485s [valid 181/243]
[15:44:10] LAUNCH f2L3D_south_half_1010 running=12 free_kb=13510432 sims_boxwide=11 attempt=1
[15:44:22] DONE f2GD_east_half_1010 rc=0 463s f2GD east/half seed=1010 rescued=3 dead=1 unreachable=0 never_detected=0 ff_deaths=0 terminal=105 completions=3 recycles=3 removals=3 returns=3 wall=450s [valid 182/243]
[15:44:23] LAUNCH f2L8D_east_half_606 running=12 free_kb=13493456 sims_boxwide=11 attempt=1
[15:44:33] .. alive runid=20260915-135822-14128 event_age=10s | total=243 valid=182 running=12 pending=49 launched=194 failed=0 gaveup=0 forkfail=0 free_kb=13493456 sims_boxwide=11 last_event_age=0s last_event_epoch=1789479863
[15:44:35] DONE f2GD_south_half_909 rc=0 350s f2GD south/half seed=909 rescued=3 dead=1 unreachable=0 never_detected=0 ff_deaths=0 terminal=219 completions=3 recycles=3 removals=3 returns=3 wall=348s [valid 183/243]
[15:44:36] LAUNCH f2L8D_east_half_707 running=12 free_kb=13492004 sims_boxwide=11 attempt=1
[15:44:48] DONE f2GD_east_half_606 rc=0 648s f2GD east/half seed=606 rescued=3 dead=1 unreachable=0 never_detected=0 ff_deaths=1 terminal=207 completions=3 recycles=3 removals=3 returns=3 wall=636s [valid 184/243]
[15:44:49] LAUNCH f2L8D_east_half_808 running=12 free_kb=13509484 sims_boxwide=11 attempt=1
[15:45:33] .. alive runid=20260915-135822-14128 event_age=44s | total=243 valid=184 running=12 pending=47 launched=196 failed=0 gaveup=0 forkfail=0 free_kb=13509484 sims_boxwide=11 last_event_age=0s last_event_epoch=1789479889
[15:45:50] DONE f2L3D_south_half_707 rc=0 230s f2L3D south/half seed=707 rescued=3 dead=1 unreachable=0 never_detected=0 ff_deaths=0 terminal=198 completions=3 recycles=3 removals=3 returns=3 wall=229s [valid 185/243]
[15:45:51] LAUNCH f2L8D_east_half_909 running=12 free_kb=13511920 sims_boxwide=11 attempt=1
[15:46:33] .. alive runid=20260915-135822-14128 event_age=42s | total=243 valid=185 running=12 pending=46 launched=197 failed=0 gaveup=0 forkfail=0 free_kb=13511920 sims_boxwide=11 last_event_age=0s last_event_epoch=1789479951
[15:46:37] DONE f2L3D_south_half_808 rc=0 264s f2L3D south/half seed=808 rescued=2 dead=1 unreachable=0 never_detected=0 ff_deaths=1 terminal=None completions=2 recycles=2 removals=2 returns=2 wall=262s [valid 186/243]
[15:46:38] LAUNCH f2L8D_east_half_1010 running=12 free_kb=13471248 sims_boxwide=11 attempt=1
[15:46:50] DONE f2L3D_south_half_606 rc=0 303s f2L3D south/half seed=606 rescued=3 dead=0 unreachable=1 never_detected=1 ff_deaths=1 terminal=210 completions=3 recycles=3 removals=3 returns=3 wall=297s [valid 187/243]
[15:46:51] LAUNCH f2L8D_south_half_606 running=12 free_kb=13507532 sims_boxwide=11 attempt=1
[15:47:03] DONE f2L3D_east_half_808 rc=0 446s f2L3D east/half seed=808 rescued=3 dead=1 unreachable=0 never_detected=0 ff_deaths=0 terminal=102 completions=3 recycles=3 removals=3 returns=3 wall=437s [valid 188/243]
[15:47:04] LAUNCH f2L8D_south_half_707 running=12 free_kb=12775040 sims_boxwide=11 attempt=1
[15:47:16] DONE f2L8D_east_half_707 rc=0 160s f2L8D east/half seed=707 rescued=2 dead=0 unreachable=2 never_detected=2 ff_deaths=0 terminal=210 completions=2 recycles=2 removals=2 returns=2 wall=154s [valid 189/243]
[15:47:17] LAUNCH f2L8D_south_half_808 running=12 free_kb=13350756 sims_boxwide=11 attempt=1
[15:47:34] .. alive runid=20260915-135822-14128 event_age=17s | total=243 valid=189 running=12 pending=42 launched=201 failed=0 gaveup=0 forkfail=0 free_kb=13350756 sims_boxwide=11 last_event_age=0s last_event_epoch=1789480037
[15:48:34] .. alive runid=20260915-135822-14128 event_age=77s | total=243 valid=189 running=12 pending=42 launched=201 failed=0 gaveup=0 forkfail=0 free_kb=13350756 sims_boxwide=11 last_event_age=0s last_event_epoch=1789480037
[15:48:58] DONE f2L3D_east_half_909 rc=0 482s f2L3D east/half seed=909 rescued=4 dead=0 unreachable=0 never_detected=0 ff_deaths=1 terminal=120 completions=4 recycles=4 removals=4 returns=4 wall=480s [valid 190/243]
[15:48:59] LAUNCH f2L8D_south_half_909 running=12 free_kb=13484104 sims_boxwide=11 attempt=1
[15:49:11] DONE f2L3D_south_half_1010 rc=0 301s f2L3D south/half seed=1010 rescued=3 dead=0 unreachable=1 never_detected=1 ff_deaths=1 terminal=210 completions=3 recycles=3 removals=3 returns=3 wall=297s [valid 191/243]
[15:49:11] DONE f2L3D_east_half_1010 rc=0 461s f2L3D east/half seed=1010 rescued=3 dead=1 unreachable=0 never_detected=0 ff_deaths=0 terminal=105 completions=3 recycles=3 removals=3 returns=3 wall=450s [valid 192/243]
[15:49:12] LAUNCH f2L8D_south_half_1010 running=11 free_kb=14395872 sims_boxwide=10 attempt=1
[15:49:25] LAUNCH f2GF_east_half_606 running=12 free_kb=13527552 sims_boxwide=11 attempt=1
[15:49:34] .. alive runid=20260915-135822-14128 event_age=9s | total=243 valid=192 running=12 pending=39 launched=204 failed=0 gaveup=0 forkfail=0 free_kb=13527552 sims_boxwide=11 last_event_age=0s last_event_epoch=1789480165
[15:49:55] DONE f2L3D_south_half_909 rc=0 358s f2L3D south/half seed=909 rescued=3 dead=1 unreachable=0 never_detected=0 ff_deaths=0 terminal=233 completions=3 recycles=3 removals=3 returns=3 wall=357s [valid 193/243]
[15:49:56] LAUNCH f2GF_east_half_707 running=12 free_kb=13499060 sims_boxwide=11 attempt=1
[15:50:08] DONE f2L3D_east_half_606 rc=0 657s f2L3D east/half seed=606 rescued=3 dead=1 unreachable=0 never_detected=0 ff_deaths=0 terminal=210 completions=3 recycles=3 removals=3 returns=3 wall=647s [valid 194/243]
[15:50:09] LAUNCH f2GF_east_half_808 running=12 free_kb=13517276 sims_boxwide=11 attempt=1
[15:50:34] .. alive runid=20260915-135822-14128 event_age=25s | total=243 valid=194 running=12 pending=37 launched=206 failed=0 gaveup=0 forkfail=0 free_kb=13517276 sims_boxwide=11 last_event_age=0s last_event_epoch=1789480209
[15:50:55] DONE f2L8D_south_half_707 rc=0 231s f2L8D south/half seed=707 rescued=3 dead=1 unreachable=0 never_detected=0 ff_deaths=0 terminal=198 completions=3 recycles=3 removals=3 returns=3 wall=230s [valid 195/243]
[15:50:56] LAUNCH f2GF_east_half_909 running=12 free_kb=13475180 sims_boxwide=11 attempt=1
[15:51:34] .. alive runid=20260915-135822-14128 event_age=38s | total=243 valid=195 running=12 pending=36 launched=207 failed=0 gaveup=0 forkfail=0 free_kb=13475180 sims_boxwide=11 last_event_age=0s last_event_epoch=1789480256
[15:51:39] DONE f2L8D_south_half_808 rc=0 262s f2L8D south/half seed=808 rescued=3 dead=1 unreachable=0 never_detected=0 ff_deaths=1 terminal=230 completions=3 recycles=3 removals=3 returns=3 wall=260s [valid 196/243]
[15:51:40] LAUNCH f2GF_east_half_1010 running=12 free_kb=13487056 sims_boxwide=11 attempt=1
[15:51:52] DONE f2L8D_south_half_606 rc=0 301s f2L8D south/half seed=606 rescued=3 dead=0 unreachable=1 never_detected=1 ff_deaths=1 terminal=210 completions=3 recycles=3 removals=3 returns=3 wall=297s [valid 197/243]
[15:51:53] LAUNCH f2GF_south_half_606 running=12 free_kb=13505208 sims_boxwide=11 attempt=1
[15:52:17] DONE f2L8D_east_half_808 rc=0 448s f2L8D east/half seed=808 rescued=3 dead=1 unreachable=0 never_detected=0 ff_deaths=0 terminal=101 completions=3 recycles=3 removals=3 returns=3 wall=447s [valid 198/243]
[15:52:18] LAUNCH f2GF_south_half_707 running=12 free_kb=13388940 sims_boxwide=11 attempt=1
[15:52:31] DONE f2GF_east_half_707 rc=0 155s f2GF east/half seed=707 rescued=2 dead=0 unreachable=2 never_detected=2 ff_deaths=0 terminal=210 completions=2 recycles=2 removals=2 returns=2 wall=153s [valid 199/243]
[15:52:32] LAUNCH f2GF_south_half_808 running=12 free_kb=13423112 sims_boxwide=11 attempt=1
[15:52:34] .. alive runid=20260915-135822-14128 event_age=2s | total=243 valid=199 running=12 pending=32 launched=211 failed=0 gaveup=0 forkfail=0 free_kb=13423112 sims_boxwide=11 last_event_age=0s last_event_epoch=1789480352
[15:53:34] .. alive runid=20260915-135822-14128 event_age=62s | total=243 valid=199 running=12 pending=32 launched=211 failed=0 gaveup=0 forkfail=0 free_kb=13423112 sims_boxwide=11 last_event_age=0s last_event_epoch=1789480352
[15:54:07] DONE f2L8D_east_half_1010 rc=0 448s f2L8D east/half seed=1010 rescued=3 dead=1 unreachable=0 never_detected=0 ff_deaths=0 terminal=105 completions=3 recycles=3 removals=3 returns=3 wall=447s [valid 200/243]
[15:54:07] LAUNCH f2GF_south_half_909 running=12 free_kb=13161720 sims_boxwide=11 attempt=1
[15:54:20] DONE f2L8D_south_half_1010 rc=0 307s f2L8D south/half seed=1010 rescued=3 dead=0 unreachable=1 never_detected=1 ff_deaths=1 terminal=210 completions=3 recycles=3 removals=3 returns=3 wall=298s [valid 201/243]
[15:54:20] LAUNCH f2GF_south_half_1010 running=12 free_kb=13144120 sims_boxwide=11 attempt=1
[15:54:34] .. alive runid=20260915-135822-14128 event_age=14s | total=243 valid=201 running=12 pending=30 launched=213 failed=0 gaveup=0 forkfail=0 free_kb=13144120 sims_boxwide=11 last_event_age=0s last_event_epoch=1789480460
[15:54:48] DONE f2L8D_east_half_606 rc=0 625s f2L8D east/half seed=606 rescued=3 dead=1 unreachable=0 never_detected=0 ff_deaths=1 terminal=207 completions=3 recycles=3 removals=3 returns=3 wall=624s [valid 202/243]
[15:54:49] LAUNCH f2cOFF_east_half_606 running=12 free_kb=13160520 sims_boxwide=11 attempt=1
[15:55:01] DONE f2L8D_south_half_909 rc=0 362s f2L8D south/half seed=909 rescued=3 dead=1 unreachable=0 never_detected=0 ff_deaths=0 terminal=219 completions=3 recycles=3 removals=3 returns=3 wall=354s [valid 203/243]
[15:55:02] LAUNCH f2cOFF_east_half_707 running=12 free_kb=13217756 sims_boxwide=11 attempt=1
[15:55:17] DONE f2L8D_east_half_909 rc=0 566s f2L8D east/half seed=909 rescued=3 dead=1 unreachable=0 never_detected=0 ff_deaths=1 terminal=156 completions=3 recycles=3 removals=3 returns=3 wall=564s [valid 204/243]
[15:55:18] LAUNCH f2cOFF_east_half_808 running=12 free_kb=13239020 sims_boxwide=11 attempt=1
[15:55:34] .. alive runid=20260915-135822-14128 event_age=16s | total=243 valid=204 running=12 pending=27 launched=216 failed=0 gaveup=0 forkfail=0 free_kb=13239020 sims_boxwide=11 last_event_age=0s last_event_epoch=1789480518
[15:56:13] DONE f2GF_south_half_707 rc=0 234s f2GF south/half seed=707 rescued=3 dead=1 unreachable=0 never_detected=0 ff_deaths=0 terminal=198 completions=3 recycles=3 removals=3 returns=3 wall=233s [valid 205/243]
[15:56:13] LAUNCH f2cOFF_east_half_909 running=12 free_kb=13298840 sims_boxwide=11 attempt=1
[15:56:34] .. alive runid=20260915-135822-14128 event_age=21s | total=243 valid=205 running=12 pending=26 launched=217 failed=0 gaveup=0 forkfail=0 free_kb=13298840 sims_boxwide=11 last_event_age=0s last_event_epoch=1789480573
[15:56:53] DONE f2GF_south_half_606 rc=0 300s f2GF south/half seed=606 rescued=3 dead=0 unreachable=1 never_detected=1 ff_deaths=1 terminal=210 completions=3 recycles=3 removals=3 returns=3 wall=299s [valid 206/243]
[15:56:54] LAUNCH f2cOFF_east_half_1010 running=12 free_kb=13327808 sims_boxwide=11 attempt=1
[15:57:07] DONE f2GF_south_half_808 rc=0 274s f2GF south/half seed=808 rescued=2 dead=1 unreachable=0 never_detected=0 ff_deaths=0 terminal=None completions=2 recycles=2 removals=2 returns=2 wall=267s [valid 207/243]
[15:57:07] LAUNCH f2cOFF_south_half_606 running=12 free_kb=13348208 sims_boxwide=11 attempt=1
[15:57:20] DONE f2GF_east_half_808 rc=0 430s f2GF east/half seed=808 rescued=3 dead=1 unreachable=0 never_detected=0 ff_deaths=0 terminal=99 completions=3 recycles=3 removals=3 returns=3 wall=423s [valid 208/243]
[15:57:20] LAUNCH f2cOFF_south_half_707 running=12 free_kb=13372400 sims_boxwide=11 attempt=1
[15:57:34] .. alive runid=20260915-135822-14128 event_age=14s | total=243 valid=208 running=12 pending=23 launched=220 failed=0 gaveup=0 forkfail=0 free_kb=13372400 sims_boxwide=11 last_event_age=0s last_event_epoch=1789480640
[15:58:34] .. alive runid=20260915-135822-14128 event_age=74s | total=243 valid=208 running=12 pending=23 launched=220 failed=0 gaveup=0 forkfail=0 free_kb=13372400 sims_boxwide=11 last_event_age=0s last_event_epoch=1789480640
[15:59:01] DONE f2GF_east_half_1010 rc=0 441s f2GF east/half seed=1010 rescued=3 dead=1 unreachable=0 never_detected=0 ff_deaths=0 terminal=105 completions=3 recycles=3 removals=3 returns=3 wall=440s [valid 209/243]
[15:59:02] LAUNCH f2cOFF_south_half_808 running=12 free_kb=13281360 sims_boxwide=11 attempt=1
[15:59:14] DONE f2GF_east_half_909 rc=0 498s f2GF east/half seed=909 rescued=4 dead=0 unreachable=0 never_detected=0 ff_deaths=1 terminal=122 completions=4 recycles=4 removals=4 returns=4 wall=493s [valid 210/243]
[15:59:15] LAUNCH f2cOFF_south_half_909 running=12 free_kb=13303924 sims_boxwide=11 attempt=1
[15:59:27] DONE f2GF_south_half_1010 rc=0 307s f2GF south/half seed=1010 rescued=3 dead=0 unreachable=1 never_detected=1 ff_deaths=1 terminal=210 completions=3 recycles=3 removals=3 returns=3 wall=300s [valid 211/243]
[15:59:28] LAUNCH f2cOFF_south_half_1010 running=12 free_kb=13271420 sims_boxwide=11 attempt=1
[15:59:35] .. alive runid=20260915-135822-14128 event_age=6s | total=243 valid=211 running=12 pending=20 launched=223 failed=0 gaveup=0 forkfail=0 free_kb=13271420 sims_boxwide=11 last_event_age=0s last_event_epoch=1789480768
[16:00:02] DONE f2GF_east_half_606 rc=0 637s f2GF east/half seed=606 rescued=3 dead=1 unreachable=0 never_detected=0 ff_deaths=1 terminal=207 completions=3 recycles=3 removals=3 returns=3 wall=635s [valid 212/243]
[16:00:03] LAUNCH f2cES_east_half_606 running=12 free_kb=13159748 sims_boxwide=11 attempt=1
[16:00:15] DONE f2GF_south_half_909 rc=0 368s f2GF south/half seed=909 rescued=3 dead=1 unreachable=0 never_detected=0 ff_deaths=0 terminal=219 completions=3 recycles=3 removals=3 returns=3 wall=354s [valid 213/243]
[16:00:16] LAUNCH f2cES_east_half_707 running=12 free_kb=13180244 sims_boxwide=11 attempt=1
[16:00:35] .. alive runid=20260915-135822-14128 event_age=19s | total=243 valid=213 running=12 pending=18 launched=225 failed=0 gaveup=0 forkfail=0 free_kb=13180244 sims_boxwide=11 last_event_age=0s last_event_epoch=1789480816
[16:01:35] .. alive runid=20260915-135822-14128 event_age=79s | total=243 valid=213 running=12 pending=18 launched=225 failed=0 gaveup=0 forkfail=0 free_kb=13180244 sims_boxwide=11 last_event_age=0s last_event_epoch=1789480816
[16:01:57] DONE f2cOFF_south_half_707 rc=0 277s f2cOFF south/half seed=707 rescued=3 dead=0 unreachable=0 never_detected=0 ff_deaths=0 terminal=None completions=3 recycles=3 removals=3 returns=3 wall=275s [valid 214/243]
[16:01:58] LAUNCH f2cES_east_half_808 running=12 free_kb=13149112 sims_boxwide=11 attempt=1
[16:02:15] DONE f2cOFF_east_half_808 rc=0 416s f2cOFF east/half seed=808 rescued=3 dead=1 unreachable=0 never_detected=0 ff_deaths=1 terminal=99 completions=3 recycles=3 removals=3 returns=3 wall=415s [valid 215/243]
[16:02:15] LAUNCH f2cES_east_half_909 running=12 free_kb=13189812 sims_boxwide=11 attempt=1
[16:02:35] .. alive runid=20260915-135822-14128 event_age=20s | total=243 valid=215 running=12 pending=16 launched=227 failed=0 gaveup=0 forkfail=0 free_kb=13189812 sims_boxwide=11 last_event_age=0s last_event_epoch=1789480935
[16:02:35] DONE f2cOFF_south_half_606 rc=0 328s f2cOFF south/half seed=606 rescued=3 dead=1 unreachable=0 never_detected=0 ff_deaths=1 terminal=116 completions=3 recycles=3 removals=3 returns=3 wall=326s [valid 216/243]
[16:02:36] LAUNCH f2cES_east_half_1010 running=12 free_kb=13196948 sims_boxwide=11 attempt=1
[16:02:59] DONE f2cOFF_east_half_707 rc=0 476s f2cOFF east/half seed=707 rescued=3 dead=1 unreachable=0 never_detected=0 ff_deaths=0 terminal=94 completions=3 recycles=3 removals=3 returns=3 wall=475s [valid 217/243]
[16:02:59] LAUNCH f2cES_south_half_606 running=12 free_kb=13257024 sims_boxwide=11 attempt=1
[16:03:35] .. alive runid=20260915-135822-14128 event_age=36s | total=243 valid=217 running=12 pending=14 launched=229 failed=0 gaveup=0 forkfail=0 free_kb=13257024 sims_boxwide=11 last_event_age=0s last_event_epoch=1789480979
[16:03:37] DONE f2cOFF_east_half_606 rc=0 528s f2cOFF east/half seed=606 rescued=4 dead=0 unreachable=0 never_detected=0 ff_deaths=0 terminal=167 completions=4 recycles=4 removals=4 returns=4 wall=526s [valid 218/243]
[16:03:38] LAUNCH f2cES_south_half_707 running=12 free_kb=13275820 sims_boxwide=11 attempt=1
[16:03:50] DONE f2cOFF_south_half_808 rc=0 288s f2cOFF south/half seed=808 rescued=3 dead=1 unreachable=0 never_detected=0 ff_deaths=0 terminal=164 completions=3 recycles=3 removals=3 returns=3 wall=274s [valid 219/243]
[16:03:51] LAUNCH f2cES_south_half_808 running=12 free_kb=13302144 sims_boxwide=11 attempt=1
[16:04:03] DONE f2cOFF_south_half_909 rc=0 288s f2cOFF south/half seed=909 rescued=3 dead=0 unreachable=1 never_detected=0 ff_deaths=2 terminal=239 completions=3 recycles=3 removals=3 returns=3 wall=277s [valid 220/243]
[16:04:04] LAUNCH f2cES_south_half_909 running=12 free_kb=13330548 sims_boxwide=11 attempt=1
[16:04:35] .. alive runid=20260915-135822-14128 event_age=31s | total=243 valid=220 running=12 pending=11 launched=232 failed=0 gaveup=0 forkfail=0 free_kb=13330548 sims_boxwide=11 last_event_age=0s last_event_epoch=1789481044
[16:05:28] DONE f2cOFF_east_half_909 rc=0 555s f2cOFF east/half seed=909 rescued=3 dead=1 unreachable=0 never_detected=0 ff_deaths=1 terminal=180 completions=3 recycles=3 removals=3 returns=3 wall=553s [valid 221/243]
[16:05:29] LAUNCH f2cES_south_half_1010 running=12 free_kb=13352340 sims_boxwide=11 attempt=1
[16:05:35] .. alive runid=20260915-135822-14128 event_age=6s | total=243 valid=221 running=12 pending=10 launched=233 failed=0 gaveup=0 forkfail=0 free_kb=13352340 sims_boxwide=11 last_event_age=0s last_event_epoch=1789481129
[16:05:41] DONE f2cOFF_east_half_1010 rc=0 527s f2cOFF east/half seed=1010 rescued=4 dead=0 unreachable=0 never_detected=0 ff_deaths=0 terminal=146 completions=4 recycles=4 removals=4 returns=4 wall=517s [valid 222/243]
[16:05:42] LAUNCH f2cF_east_half_606 running=12 free_kb=13392900 sims_boxwide=11 attempt=1
[16:06:14] DONE f2cOFF_south_half_1010 rc=0 406s f2cOFF south/half seed=1010 rescued=3 dead=0 unreachable=1 never_detected=1 ff_deaths=0 terminal=210 completions=3 recycles=3 removals=3 returns=3 wall=405s [valid 223/243]
[16:06:15] LAUNCH f2cF_east_half_707 running=12 free_kb=13406376 sims_boxwide=11 attempt=1
[16:06:35] .. alive runid=20260915-135822-14128 event_age=20s | total=243 valid=223 running=12 pending=8 launched=235 failed=0 gaveup=0 forkfail=0 free_kb=13406376 sims_boxwide=11 last_event_age=0s last_event_epoch=1789481175
[16:07:35] .. alive runid=20260915-135822-14128 event_age=80s | total=243 valid=223 running=12 pending=8 launched=235 failed=0 gaveup=0 forkfail=0 free_kb=13406376 sims_boxwide=11 last_event_age=0s last_event_epoch=1789481175
[16:07:52] DONE f2cES_south_half_606 rc=0 293s f2cES south/half seed=606 rescued=3 dead=1 unreachable=0 never_detected=0 ff_deaths=0 terminal=99 completions=3 recycles=3 removals=3 returns=3 wall=291s [valid 224/243]
[16:07:53] LAUNCH f2cF_east_half_808 running=12 free_kb=13407168 sims_boxwide=11 attempt=1
[16:08:10] DONE f2cES_south_half_707 rc=0 272s f2cES south/half seed=707 rescued=4 dead=0 unreachable=0 never_detected=0 ff_deaths=1 terminal=190 completions=4 recycles=4 removals=4 returns=4 wall=271s [valid 225/243]
[16:08:10] DONE f2cES_south_half_808 rc=0 259s f2cES south/half seed=808 rescued=3 dead=1 unreachable=0 never_detected=0 ff_deaths=1 terminal=150 completions=3 recycles=3 removals=3 returns=3 wall=258s [valid 226/243]
[16:08:11] LAUNCH f2cF_east_half_909 running=11 free_kb=14315020 sims_boxwide=10 attempt=1
[16:08:23] DONE f2cES_east_half_707 rc=0 487s f2cES east/half seed=707 rescued=3 dead=1 unreachable=0 never_detected=0 ff_deaths=1 terminal=99 completions=3 recycles=3 removals=3 returns=3 wall=480s [valid 227/243]
[16:08:24] LAUNCH f2cF_east_half_1010 running=11 free_kb=14346092 sims_boxwide=10 attempt=1
[16:08:35] .. alive runid=20260915-135822-14128 event_age=11s | total=243 valid=227 running=11 pending=5 launched=238 failed=0 gaveup=0 forkfail=0 free_kb=14346092 sims_boxwide=10 last_event_age=0s last_event_epoch=1789481304
[16:08:37] LAUNCH f2cF_south_half_606 running=12 free_kb=13462624 sims_boxwide=11 attempt=1
[16:08:49] DONE f2cES_south_half_909 rc=0 285s f2cES south/half seed=909 rescued=3 dead=0 unreachable=0 never_detected=0 ff_deaths=1 terminal=None completions=3 recycles=3 removals=3 returns=3 wall=277s [valid 228/243]
[16:08:49] DONE f2cES_east_half_808 rc=0 411s f2cES east/half seed=808 rescued=3 dead=1 unreachable=0 never_detected=0 ff_deaths=0 terminal=97 completions=3 recycles=3 removals=3 returns=3 wall=401s [valid 229/243]
[16:08:50] LAUNCH f2cF_south_half_707 running=11 free_kb=14362100 sims_boxwide=10 attempt=1
[16:09:03] LAUNCH f2cF_south_half_808 running=12 free_kb=13489664 sims_boxwide=11 attempt=1
[16:09:21] DONE f2cES_east_half_606 rc=0 558s f2cES east/half seed=606 rescued=3 dead=1 unreachable=0 never_detected=0 ff_deaths=1 terminal=192 completions=3 recycles=3 removals=3 returns=3 wall=557s [valid 230/243]
[16:09:22] LAUNCH f2cF_south_half_909 running=12 free_kb=13492096 sims_boxwide=11 attempt=1
[16:09:35] .. alive runid=20260915-135822-14128 event_age=13s | total=243 valid=230 running=12 pending=1 launched=242 failed=0 gaveup=0 forkfail=0 free_kb=13492096 sims_boxwide=11 last_event_age=0s last_event_epoch=1789481362
[16:10:01] DONE f2cES_east_half_909 rc=0 466s f2cES east/half seed=909 rescued=3 dead=1 unreachable=0 never_detected=0 ff_deaths=1 terminal=132 completions=3 recycles=3 removals=3 returns=3 wall=464s [valid 231/243]
[16:10:02] LAUNCH f2cF_south_half_1010 running=12 free_kb=13469756 sims_boxwide=11 attempt=1
[16:10:35] .. alive runid=20260915-135822-14128 event_age=33s | total=243 valid=231 running=12 pending=0 launched=243 failed=0 gaveup=0 forkfail=0 free_kb=13469756 sims_boxwide=11 last_event_age=0s last_event_epoch=1789481402
[16:11:35] .. alive runid=20260915-135822-14128 event_age=93s | total=243 valid=231 running=12 pending=0 launched=243 failed=0 gaveup=0 forkfail=0 free_kb=13469756 sims_boxwide=11 last_event_age=0s last_event_epoch=1789481402
[16:12:28] DONE f2cES_south_half_1010 rc=0 418s f2cES south/half seed=1010 rescued=2 dead=1 unreachable=1 never_detected=1 ff_deaths=1 terminal=210 completions=2 recycles=2 removals=2 returns=2 wall=417s [valid 232/243]
[16:12:36] .. alive runid=20260915-135822-14128 event_age=9s | total=243 valid=232 running=11 pending=0 launched=243 failed=0 gaveup=0 forkfail=0 free_kb=13469756 sims_boxwide=11 last_event_age=1s last_event_epoch=1789481547
[16:13:22] DONE f2cF_south_half_808 rc=0 259s f2cF south/half seed=808 rescued=3 dead=1 unreachable=0 never_detected=0 ff_deaths=1 terminal=150 completions=3 recycles=3 removals=3 returns=3 wall=258s [valid 233/243]
[16:13:27] DONE f2cF_south_half_606 rc=0 290s f2cF south/half seed=606 rescued=3 dead=1 unreachable=0 never_detected=0 ff_deaths=0 terminal=99 completions=3 recycles=3 removals=3 returns=3 wall=289s [valid 234/243]
[16:13:36] .. alive runid=20260915-135822-14128 event_age=9s | total=243 valid=234 running=9 pending=0 launched=243 failed=0 gaveup=0 forkfail=0 free_kb=13469756 sims_boxwide=11 last_event_age=0s last_event_epoch=1789481607
[16:13:38] DONE f2cF_south_half_707 rc=0 287s f2cF south/half seed=707 rescued=4 dead=0 unreachable=0 never_detected=0 ff_deaths=0 terminal=190 completions=4 recycles=4 removals=4 returns=4 wall=286s [valid 235/243]
[16:14:03] DONE f2cF_east_half_707 rc=0 468s f2cF east/half seed=707 rescued=3 dead=1 unreachable=0 never_detected=0 ff_deaths=0 terminal=99 completions=3 recycles=3 removals=3 returns=3 wall=466s [valid 236/243]
[16:14:04] DONE f2cF_south_half_909 rc=0 282s f2cF south/half seed=909 rescued=3 dead=0 unreachable=0 never_detected=0 ff_deaths=1 terminal=None completions=3 recycles=3 removals=3 returns=3 wall=281s [valid 237/243]
[16:14:36] .. alive runid=20260915-135822-14128 event_age=32s | total=243 valid=237 running=6 pending=0 launched=243 failed=0 gaveup=0 forkfail=0 free_kb=13469756 sims_boxwide=11 last_event_age=0s last_event_epoch=1789481644
[16:14:56] DONE f2cF_east_half_606 rc=0 553s f2cF east/half seed=606 rescued=3 dead=1 unreachable=0 never_detected=0 ff_deaths=1 terminal=192 completions=3 recycles=3 removals=3 returns=3 wall=552s [valid 238/243]
[16:15:04] DONE f2cF_east_half_808 rc=0 431s f2cF east/half seed=808 rescued=3 dead=1 unreachable=0 never_detected=0 ff_deaths=0 terminal=99 completions=3 recycles=3 removals=3 returns=3 wall=429s [valid 239/243]
[16:15:31] DONE f2cES_east_half_1010 rc=0 774s f2cES east/half seed=1010 rescued=3 dead=0 unreachable=0 never_detected=0 ff_deaths=0 terminal=None completions=3 recycles=3 removals=3 returns=3 wall=773s [valid 240/243]
[16:15:36] .. alive runid=20260915-135822-14128 event_age=6s | total=243 valid=240 running=3 pending=0 launched=243 failed=0 gaveup=0 forkfail=0 free_kb=13469756 sims_boxwide=11 last_event_age=1s last_event_epoch=1789481730
[16:16:35] DONE f2cF_south_half_1010 rc=0 393s f2cF south/half seed=1010 rescued=2 dead=1 unreachable=1 never_detected=1 ff_deaths=1 terminal=210 completions=2 recycles=2 removals=2 returns=2 wall=391s [valid 241/243]
[16:16:36] .. alive runid=20260915-135822-14128 event_age=1s | total=243 valid=241 running=2 pending=0 launched=243 failed=0 gaveup=0 forkfail=0 free_kb=13469756 sims_boxwide=11 last_event_age=0s last_event_epoch=1789481795
[16:16:52] DONE f2cF_east_half_909 rc=0 520s f2cF east/half seed=909 rescued=3 dead=1 unreachable=0 never_detected=0 ff_deaths=1 terminal=174 completions=3 recycles=3 removals=3 returns=3 wall=519s [valid 242/243]
[16:17:36] .. alive runid=20260915-135822-14128 event_age=45s | total=243 valid=242 running=1 pending=0 launched=243 failed=0 gaveup=0 forkfail=0 free_kb=13469756 sims_boxwide=11 last_event_age=1s last_event_epoch=1789481811
[16:18:36] .. alive runid=20260915-135822-14128 event_age=105s | total=243 valid=242 running=1 pending=0 launched=243 failed=0 gaveup=0 forkfail=0 free_kb=13469756 sims_boxwide=11 last_event_age=1s last_event_epoch=1789481811
[16:19:36] .. alive runid=20260915-135822-14128 event_age=165s | total=243 valid=242 running=1 pending=0 launched=243 failed=0 gaveup=0 forkfail=0 free_kb=13469756 sims_boxwide=11 last_event_age=1s last_event_epoch=1789481811
[16:20:01] DONE f2cF_east_half_1010 rc=0 697s f2cF east/half seed=1010 rescued=3 dead=0 unreachable=0 never_detected=0 ff_deaths=0 terminal=None completions=3 recycles=3 removals=3 returns=3 wall=695s [valid 243/243]
[16:20:01] MAIN LOOP LEFT pending=0 running=0
[16:20:02] FINAL SUMMARY total=243 valid=243 invalid=0 missing=0
[16:20:03] FINAL SUMMARY total=243 valid=243 invalid=0 missing=0 live_this_wave=0 sims_boxwide=0
[16:20:03] ALL_DCD4_COMPLETE runid=20260915-135822-14128 valid=243/243 launched=243 failed=0 forkfail=0
[16:20:36] HEARTBEAT EXIT runid=20260915-135822-14128 (sentinel)
