[10:31:06] POOL START wave=stock runid=20260921-103106-1708 restart=0 pid=1708 winpid=43304 head=ba58491 dirty_tracked=0 queue=outputs/_ug_queue.txt maxpar=8 minfree_kb=3500000
[10:31:07] ENV 3.10.11 mesa 1.2.1  prereg_sha256=8d17132f4fc0b776 queue_sha256=dbe706b6fb346617
[10:31:07] SHIPPED BASE_STATION_MODE=3 BASE_STATION_RETURN_MECHANISM=2 BASE_STATION_DEPOTS=9 BASE_STATION_SPAWN_SPLIT=2 UAV_RETURN_TO_BASE_RESERVE=0.0 BASE_STATION_RETURN_MARGIN=39.23 BASE_STATION_DOCK_FIX=2 BASE_STATION_RETURN_STALL_LIMIT=3 BASE_STATION_WAYPOINT_FIX=1 ROUTE_BLOCK_STALE_CLEAR=1 VICTIM_SEARCHER_HAZARD_RETREAT_RANGE=99 BASE_STATION_FIREPROOF=1 BASE_STATION_FIREPROOF_DRY_RUN=0 VICTIM_SEARCHER_HAZARD_GATE_BOUNDS_FIX=1 FF_FIREFIGHT_EXTINGUISH=1 FF_FIREFIGHT_FIREBREAK=1 FF_FIREFIGHT_ENGAGED_RETREAT_RANGE=1 FF_FIREFIGHT_MISSION_GATE=0 FF_FIREFIGHT_DRY_RUN=0
[10:31:08] SHIPPED-CONTROL head=11c3661
BASE_STATION_MODE=3 BASE_STATION_FIREPROOF=1 VICTIM_SEARCHER_HAZARD_GATE_BOUNDS_FIX=1 FF_FIREFIGHT_EXTINGUISH=0 FF_FIREFIGHT_FIREBREAK=0 FF_FIREFIGHT_ENGAGED_RETREAT_RANGE=3 FF_FIREFIGHT_MISSION_GATE=1 FF_FIREFIGHT_DRY_RUN=0
[10:31:09] VALIDATE total=194 valid=0 invalid=0 missing=194
[10:31:09] START STATE wave=stock total=194 valid=0 pending=194 live_orphans_this_wave=0 sims_boxwide=0 free_kb=10485372
[10:31:09] HEARTBEAT pid=1853 every 60s -> outputs/_ug_wave.log ; state file outputs/_ug_state.txt ; sentinel outputs/_ug_hb_20260921-103106-1708.stop
[10:31:10] LAUNCH ugD_east_half_101 running=1 free_kb=10377036 sims_boxwide=0 attempt=1
[10:31:23] LAUNCH ugX_east_half_101 running=2 free_kb=7851316 sims_boxwide=2 attempt=1
[10:31:36] LAUNCH ugA_east_half_101 running=3 free_kb=5250892 sims_boxwide=4 attempt=1
[10:31:49] LAUNCH ugC_east_half_101 running=4 free_kb=3515460 sims_boxwide=5 attempt=1
[10:32:01] THROTTLE free_kb=1968876 <= 3500000 running=4
[10:32:09] .. alive runid=20260921-103106-1708 event_age=20s | wave=stock total=194 valid=0 running=4 pending=190 launched=4 failed=0 gaveup=0 forkfail=0 free_kb=1968876 sims_boxwide=6 last_event_age=12s last_event_epoch=1789979509
[10:33:09] .. alive runid=20260921-103106-1708 event_age=80s | wave=stock total=194 valid=0 running=4 pending=190 launched=4 failed=0 gaveup=0 forkfail=0 free_kb=1968876 sims_boxwide=6 last_event_age=12s last_event_epoch=1789979509
[10:34:09] .. alive runid=20260921-103106-1708 event_age=140s | wave=stock total=194 valid=0 running=4 pending=190 launched=4 failed=0 gaveup=0 forkfail=0 free_kb=1968876 sims_boxwide=6 last_event_age=12s last_event_epoch=1789979509
[10:35:09] .. alive runid=20260921-103106-1708 event_age=200s | wave=stock total=194 valid=0 running=4 pending=190 launched=4 failed=0 gaveup=0 forkfail=0 free_kb=1968876 sims_boxwide=6 last_event_age=12s last_event_epoch=1789979509
[10:36:09] .. alive runid=20260921-103106-1708 event_age=260s | wave=stock total=194 valid=0 running=4 pending=190 launched=4 failed=0 gaveup=0 forkfail=0 free_kb=1968876 sims_boxwide=6 last_event_age=12s last_event_epoch=1789979509
[10:37:09] .. alive runid=20260921-103106-1708 event_age=320s | wave=stock total=194 valid=0 running=4 pending=190 launched=4 failed=0 gaveup=0 forkfail=0 free_kb=1968876 sims_boxwide=6 last_event_age=12s last_event_epoch=1789979509
[10:38:09] .. alive runid=20260921-103106-1708 event_age=380s | wave=stock total=194 valid=0 running=4 pending=190 launched=4 failed=0 gaveup=0 forkfail=0 free_kb=1968876 sims_boxwide=6 last_event_age=12s last_event_epoch=1789979509
[10:39:09] .. alive runid=20260921-103106-1708 event_age=440s | wave=stock total=194 valid=0 running=4 pending=190 launched=4 failed=0 gaveup=0 forkfail=0 free_kb=1968876 sims_boxwide=6 last_event_age=12s last_event_epoch=1789979509
[10:40:10] .. alive runid=20260921-103106-1708 event_age=501s | wave=stock total=194 valid=0 running=4 pending=190 launched=4 failed=0 gaveup=0 forkfail=0 free_kb=1968876 sims_boxwide=6 last_event_age=12s last_event_epoch=1789979509
[10:41:10] .. alive runid=20260921-103106-1708 event_age=561s | wave=stock total=194 valid=0 running=4 pending=190 launched=4 failed=0 gaveup=0 forkfail=0 free_kb=1968876 sims_boxwide=6 last_event_age=12s last_event_epoch=1789979509
[10:42:10] .. alive runid=20260921-103106-1708 event_age=621s | wave=stock total=194 valid=0 running=4 pending=190 launched=4 failed=0 gaveup=0 forkfail=0 free_kb=1968876 sims_boxwide=6 last_event_age=12s last_event_epoch=1789979509
[10:43:10] .. alive runid=20260921-103106-1708 event_age=681s | wave=stock total=194 valid=0 running=4 pending=190 launched=4 failed=0 gaveup=0 forkfail=0 free_kb=1968876 sims_boxwide=6 last_event_age=12s last_event_epoch=1789979509
[10:44:10] .. alive runid=20260921-103106-1708 event_age=741s | wave=stock total=194 valid=0 running=4 pending=190 launched=4 failed=0 gaveup=0 forkfail=0 free_kb=1968876 sims_boxwide=6 last_event_age=12s last_event_epoch=1789979509
[10:45:01] DONE ugC_east_half_101 rc=0 792s ugC east/half seed=101 rescued=4 dead=0 unreachable=0 never_detected=0 ff_deaths=1 terminal=127 completions=4 recycles=4 removals=4 returns=4 wall=791s [valid 1/194]
[10:45:02] LAUNCH ugD_east_half_202 running=4 free_kb=3672148 sims_boxwide=5 attempt=1
[10:45:10] .. alive runid=20260921-103106-1708 event_age=8s | wave=stock total=194 valid=1 running=4 pending=189 launched=5 failed=0 gaveup=0 forkfail=0 free_kb=3672148 sims_boxwide=5 last_event_age=0s last_event_epoch=1789980302
[10:45:15] THROTTLE free_kb=2841620 <= 3500000 running=4
[10:45:15] DONE ugD_east_half_101 rc=0 845s ugD east/half seed=101 rescued=3 dead=1 unreachable=0 never_detected=0 ff_deaths=1 terminal=135 completions=3 recycles=3 removals=3 returns=3 wall=844s [valid 2/194]
[10:45:16] LAUNCH ugX_east_half_202 running=4 free_kb=3719784 sims_boxwide=5 attempt=1
[10:45:28] DONE ugX_east_half_101 rc=0 845s ugX east/half seed=101 rescued=3 dead=1 unreachable=0 never_detected=0 ff_deaths=1 terminal=135 completions=3 recycles=3 removals=3 returns=3 wall=840s [valid 3/194]
[10:45:29] LAUNCH ugA_east_half_202 running=4 free_kb=3746556 sims_boxwide=5 attempt=1
[10:45:42] DONE ugA_east_half_101 rc=0 845s ugA east/half seed=101 rescued=3 dead=1 unreachable=0 never_detected=0 ff_deaths=1 terminal=135 completions=3 recycles=3 removals=3 returns=3 wall=843s [valid 4/194]
[10:45:42] LAUNCH ugC_east_half_202 running=4 free_kb=3772836 sims_boxwide=5 attempt=1
[10:45:55] THROTTLE free_kb=2871552 <= 3500000 running=4
[10:46:10] .. alive runid=20260921-103106-1708 event_age=28s | wave=stock total=194 valid=4 running=4 pending=186 launched=8 failed=0 gaveup=0 forkfail=0 free_kb=2871552 sims_boxwide=6 last_event_age=13s last_event_epoch=1789980342
[10:47:10] .. alive runid=20260921-103106-1708 event_age=88s | wave=stock total=194 valid=4 running=4 pending=186 launched=8 failed=0 gaveup=0 forkfail=0 free_kb=2871552 sims_boxwide=6 last_event_age=13s last_event_epoch=1789980342
[10:48:10] .. alive runid=20260921-103106-1708 event_age=148s | wave=stock total=194 valid=4 running=4 pending=186 launched=8 failed=0 gaveup=0 forkfail=0 free_kb=2871552 sims_boxwide=6 last_event_age=13s last_event_epoch=1789980342
[10:49:10] .. alive runid=20260921-103106-1708 event_age=208s | wave=stock total=194 valid=4 running=4 pending=186 launched=8 failed=0 gaveup=0 forkfail=0 free_kb=2871552 sims_boxwide=6 last_event_age=13s last_event_epoch=1789980342
[10:50:10] .. alive runid=20260921-103106-1708 event_age=268s | wave=stock total=194 valid=4 running=4 pending=186 launched=8 failed=0 gaveup=0 forkfail=0 free_kb=2871552 sims_boxwide=6 last_event_age=13s last_event_epoch=1789980342
[10:51:10] .. alive runid=20260921-103106-1708 event_age=328s | wave=stock total=194 valid=4 running=4 pending=186 launched=8 failed=0 gaveup=0 forkfail=0 free_kb=2871552 sims_boxwide=6 last_event_age=13s last_event_epoch=1789980342
[10:52:11] .. alive runid=20260921-103106-1708 event_age=389s | wave=stock total=194 valid=4 running=4 pending=186 launched=8 failed=0 gaveup=0 forkfail=0 free_kb=2871552 sims_boxwide=6 last_event_age=13s last_event_epoch=1789980342
[10:53:11] .. alive runid=20260921-103106-1708 event_age=449s | wave=stock total=194 valid=4 running=4 pending=186 launched=8 failed=0 gaveup=0 forkfail=0 free_kb=2871552 sims_boxwide=6 last_event_age=13s last_event_epoch=1789980342
[10:54:11] .. alive runid=20260921-103106-1708 event_age=509s | wave=stock total=194 valid=4 running=4 pending=186 launched=8 failed=0 gaveup=0 forkfail=0 free_kb=2871552 sims_boxwide=6 last_event_age=13s last_event_epoch=1789980342
[10:55:11] .. alive runid=20260921-103106-1708 event_age=569s | wave=stock total=194 valid=4 running=4 pending=186 launched=8 failed=0 gaveup=0 forkfail=0 free_kb=2871552 sims_boxwide=6 last_event_age=13s last_event_epoch=1789980342
[10:56:11] .. alive runid=20260921-103106-1708 event_age=629s | wave=stock total=194 valid=4 running=4 pending=186 launched=8 failed=0 gaveup=0 forkfail=0 free_kb=2871552 sims_boxwide=6 last_event_age=13s last_event_epoch=1789980342
[10:56:24] DONE ugD_east_half_202 rc=0 682s ugD east/half seed=202 rescued=3 dead=1 unreachable=0 never_detected=0 ff_deaths=0 terminal=93 completions=3 recycles=3 removals=3 returns=3 wall=681s [valid 5/194]
[10:56:25] LAUNCH ugD_east_half_303 running=4 free_kb=3650340 sims_boxwide=5 attempt=1
[10:56:38] DONE ugX_east_half_202 rc=0 681s ugX east/half seed=202 rescued=3 dead=1 unreachable=0 never_detected=0 ff_deaths=0 terminal=93 completions=3 recycles=3 removals=3 returns=3 wall=677s [valid 6/194]
[10:56:39] LAUNCH ugX_east_half_303 running=4 free_kb=3670944 sims_boxwide=5 attempt=1
[10:56:51] DONE ugA_east_half_202 rc=0 682s ugA east/half seed=202 rescued=3 dead=1 unreachable=0 never_detected=0 ff_deaths=0 terminal=93 completions=3 recycles=3 removals=3 returns=3 wall=676s [valid 7/194]
[10:56:52] LAUNCH ugA_east_half_303 running=4 free_kb=3735128 sims_boxwide=5 attempt=1
[10:57:05] THROTTLE free_kb=2852560 <= 3500000 running=4
[10:57:11] .. alive runid=20260921-103106-1708 event_age=19s | wave=stock total=194 valid=7 running=4 pending=183 launched=11 failed=0 gaveup=0 forkfail=0 free_kb=2852560 sims_boxwide=6 last_event_age=13s last_event_epoch=1789981012
[10:57:49] DONE ugC_east_half_202 rc=0 727s ugC east/half seed=202 rescued=3 dead=1 unreachable=0 never_detected=0 ff_deaths=0 terminal=104 completions=3 recycles=3 removals=3 returns=3 wall=725s [valid 8/194]
[10:57:50] LAUNCH ugC_east_half_303 running=4 free_kb=3723328 sims_boxwide=5 attempt=1
[10:58:03] THROTTLE free_kb=2775472 <= 3500000 running=4
[10:58:11] .. alive runid=20260921-103106-1708 event_age=21s | wave=stock total=194 valid=8 running=4 pending=182 launched=12 failed=0 gaveup=0 forkfail=0 free_kb=2775472 sims_boxwide=6 last_event_age=13s last_event_epoch=1789981070
[10:59:11] .. alive runid=20260921-103106-1708 event_age=81s | wave=stock total=194 valid=8 running=4 pending=182 launched=12 failed=0 gaveup=0 forkfail=0 free_kb=2775472 sims_boxwide=6 last_event_age=13s last_event_epoch=1789981070
[11:00:11] .. alive runid=20260921-103106-1708 event_age=141s | wave=stock total=194 valid=8 running=4 pending=182 launched=12 failed=0 gaveup=0 forkfail=0 free_kb=2775472 sims_boxwide=6 last_event_age=13s last_event_epoch=1789981070
[11:01:11] .. alive runid=20260921-103106-1708 event_age=201s | wave=stock total=194 valid=8 running=4 pending=182 launched=12 failed=0 gaveup=0 forkfail=0 free_kb=2775472 sims_boxwide=6 last_event_age=13s last_event_epoch=1789981070
[11:02:11] .. alive runid=20260921-103106-1708 event_age=261s | wave=stock total=194 valid=8 running=4 pending=182 launched=12 failed=0 gaveup=0 forkfail=0 free_kb=2775472 sims_boxwide=6 last_event_age=13s last_event_epoch=1789981070
[11:03:12] .. alive runid=20260921-103106-1708 event_age=322s | wave=stock total=194 valid=8 running=4 pending=182 launched=12 failed=0 gaveup=0 forkfail=0 free_kb=2775472 sims_boxwide=6 last_event_age=13s last_event_epoch=1789981070
[11:04:12] .. alive runid=20260921-103106-1708 event_age=382s | wave=stock total=194 valid=8 running=4 pending=182 launched=12 failed=0 gaveup=0 forkfail=0 free_kb=2775472 sims_boxwide=6 last_event_age=13s last_event_epoch=1789981070
[11:05:12] .. alive runid=20260921-103106-1708 event_age=442s | wave=stock total=194 valid=8 running=4 pending=182 launched=12 failed=0 gaveup=0 forkfail=0 free_kb=2775472 sims_boxwide=6 last_event_age=13s last_event_epoch=1789981070
[11:06:12] .. alive runid=20260921-103106-1708 event_age=502s | wave=stock total=194 valid=8 running=4 pending=182 launched=12 failed=0 gaveup=0 forkfail=0 free_kb=2775472 sims_boxwide=6 last_event_age=13s last_event_epoch=1789981070
[11:07:12] .. alive runid=20260921-103106-1708 event_age=562s | wave=stock total=194 valid=8 running=4 pending=182 launched=12 failed=0 gaveup=0 forkfail=0 free_kb=2775472 sims_boxwide=6 last_event_age=13s last_event_epoch=1789981070
[11:08:12] .. alive runid=20260921-103106-1708 event_age=622s | wave=stock total=194 valid=8 running=4 pending=182 launched=12 failed=0 gaveup=0 forkfail=0 free_kb=2775472 sims_boxwide=6 last_event_age=13s last_event_epoch=1789981070
[11:09:11] DONE ugD_east_half_303 rc=0 766s ugD east/half seed=303 rescued=3 dead=1 unreachable=0 never_detected=0 ff_deaths=0 terminal=121 completions=3 recycles=3 removals=3 returns=3 wall=764s [valid 9/194]
[11:09:12] LAUNCH ugD_east_half_404 running=4 free_kb=3644656 sims_boxwide=5 attempt=1
[11:09:12] .. alive runid=20260921-103106-1708 event_age=0s | wave=stock total=194 valid=9 running=4 pending=181 launched=13 failed=0 gaveup=0 forkfail=0 free_kb=3644656 sims_boxwide=5 last_event_age=0s last_event_epoch=1789981752
[11:09:25] THROTTLE free_kb=2776556 <= 3500000 running=4
[11:09:29] DONE ugX_east_half_303 rc=0 769s ugX east/half seed=303 rescued=3 dead=1 unreachable=0 never_detected=0 ff_deaths=0 terminal=121 completions=3 recycles=3 removals=3 returns=3 wall=768s [valid 10/194]
[11:09:29] LAUNCH ugX_east_half_404 running=4 free_kb=3662328 sims_boxwide=5 attempt=1
[11:09:42] THROTTLE free_kb=2802036 <= 3500000 running=4
[11:09:49] DONE ugA_east_half_303 rc=0 777s ugA east/half seed=303 rescued=3 dead=1 unreachable=0 never_detected=0 ff_deaths=0 terminal=121 completions=3 recycles=3 removals=3 returns=3 wall=775s [valid 11/194]
[11:09:50] LAUNCH ugA_east_half_404 running=4 free_kb=3678192 sims_boxwide=5 attempt=1
[11:10:02] THROTTLE free_kb=2821492 <= 3500000 running=4
[11:10:12] .. alive runid=20260921-103106-1708 event_age=22s | wave=stock total=194 valid=11 running=4 pending=179 launched=15 failed=0 gaveup=0 forkfail=0 free_kb=2821492 sims_boxwide=6 last_event_age=12s last_event_epoch=1789981790
[11:11:12] .. alive runid=20260921-103106-1708 event_age=82s | wave=stock total=194 valid=11 running=4 pending=179 launched=15 failed=0 gaveup=0 forkfail=0 free_kb=2821492 sims_boxwide=6 last_event_age=12s last_event_epoch=1789981790
[11:11:44] DONE ugC_east_half_303 rc=0 834s ugC east/half seed=303 rescued=3 dead=1 unreachable=0 never_detected=0 ff_deaths=0 terminal=186 completions=3 recycles=3 removals=3 returns=3 wall=832s [valid 12/194]
[11:11:45] LAUNCH ugC_east_half_404 running=4 free_kb=3731796 sims_boxwide=5 attempt=1
[11:11:58] THROTTLE free_kb=2859452 <= 3500000 running=4
[11:12:12] .. alive runid=20260921-103106-1708 event_age=27s | wave=stock total=194 valid=12 running=4 pending=178 launched=16 failed=0 gaveup=0 forkfail=0 free_kb=2859452 sims_boxwide=6 last_event_age=12s last_event_epoch=1789981905
[11:13:12] .. alive runid=20260921-103106-1708 event_age=87s | wave=stock total=194 valid=12 running=4 pending=178 launched=16 failed=0 gaveup=0 forkfail=0 free_kb=2859452 sims_boxwide=6 last_event_age=12s last_event_epoch=1789981905
[11:14:12] .. alive runid=20260921-103106-1708 event_age=147s | wave=stock total=194 valid=12 running=4 pending=178 launched=16 failed=0 gaveup=0 forkfail=0 free_kb=2859452 sims_boxwide=6 last_event_age=12s last_event_epoch=1789981905
[11:15:13] .. alive runid=20260921-103106-1708 event_age=208s | wave=stock total=194 valid=12 running=4 pending=178 launched=16 failed=0 gaveup=0 forkfail=0 free_kb=2859452 sims_boxwide=6 last_event_age=12s last_event_epoch=1789981905
[11:16:13] .. alive runid=20260921-103106-1708 event_age=268s | wave=stock total=194 valid=12 running=4 pending=178 launched=16 failed=0 gaveup=0 forkfail=0 free_kb=2859452 sims_boxwide=6 last_event_age=12s last_event_epoch=1789981905
[11:17:13] .. alive runid=20260921-103106-1708 event_age=328s | wave=stock total=194 valid=12 running=4 pending=178 launched=16 failed=0 gaveup=0 forkfail=0 free_kb=2859452 sims_boxwide=6 last_event_age=12s last_event_epoch=1789981905
[11:18:13] .. alive runid=20260921-103106-1708 event_age=388s | wave=stock total=194 valid=12 running=4 pending=178 launched=16 failed=0 gaveup=0 forkfail=0 free_kb=2859452 sims_boxwide=6 last_event_age=12s last_event_epoch=1789981905
[11:19:13] .. alive runid=20260921-103106-1708 event_age=448s | wave=stock total=194 valid=12 running=4 pending=178 launched=16 failed=0 gaveup=0 forkfail=0 free_kb=2859452 sims_boxwide=6 last_event_age=12s last_event_epoch=1789981905
[11:20:13] .. alive runid=20260921-103106-1708 event_age=508s | wave=stock total=194 valid=12 running=4 pending=178 launched=16 failed=0 gaveup=0 forkfail=0 free_kb=2859452 sims_boxwide=6 last_event_age=12s last_event_epoch=1789981905
[11:21:13] .. alive runid=20260921-103106-1708 event_age=568s | wave=stock total=194 valid=12 running=4 pending=178 launched=16 failed=0 gaveup=0 forkfail=0 free_kb=2859452 sims_boxwide=6 last_event_age=12s last_event_epoch=1789981905
[11:22:13] .. alive runid=20260921-103106-1708 event_age=628s | wave=stock total=194 valid=12 running=4 pending=178 launched=16 failed=0 gaveup=0 forkfail=0 free_kb=2859452 sims_boxwide=6 last_event_age=12s last_event_epoch=1789981905
[11:23:13] .. alive runid=20260921-103106-1708 event_age=688s | wave=stock total=194 valid=12 running=4 pending=178 launched=16 failed=0 gaveup=0 forkfail=0 free_kb=2859452 sims_boxwide=6 last_event_age=12s last_event_epoch=1789981905
[11:24:13] .. alive runid=20260921-103106-1708 event_age=748s | wave=stock total=194 valid=12 running=4 pending=178 launched=16 failed=0 gaveup=0 forkfail=0 free_kb=2859452 sims_boxwide=6 last_event_age=12s last_event_epoch=1789981905
[11:25:13] .. alive runid=20260921-103106-1708 event_age=808s | wave=stock total=194 valid=12 running=4 pending=178 launched=16 failed=0 gaveup=0 forkfail=0 free_kb=2859452 sims_boxwide=6 last_event_age=12s last_event_epoch=1789981905
[11:25:16] DONE ugA_east_half_404 rc=0 926s ugA east/half seed=404 rescued=3 dead=1 unreachable=0 never_detected=0 ff_deaths=1 terminal=162 completions=3 recycles=3 removals=3 returns=3 wall=925s [valid 13/194]
[11:25:17] LAUNCH ugD_east_half_505 running=4 free_kb=3695448 sims_boxwide=5 attempt=1
[11:25:30] THROTTLE free_kb=2845060 <= 3500000 running=4
[11:26:14] .. alive runid=20260921-103106-1708 event_age=57s | wave=stock total=194 valid=13 running=4 pending=177 launched=17 failed=0 gaveup=0 forkfail=0 free_kb=2845060 sims_boxwide=6 last_event_age=13s last_event_epoch=1789982717
[11:27:14] .. alive runid=20260921-103106-1708 event_age=117s | wave=stock total=194 valid=13 running=4 pending=177 launched=17 failed=0 gaveup=0 forkfail=0 free_kb=2845060 sims_boxwide=6 last_event_age=13s last_event_epoch=1789982717
[11:28:14] .. alive runid=20260921-103106-1708 event_age=177s | wave=stock total=194 valid=13 running=4 pending=177 launched=17 failed=0 gaveup=0 forkfail=0 free_kb=2845060 sims_boxwide=6 last_event_age=13s last_event_epoch=1789982717
[11:29:14] .. alive runid=20260921-103106-1708 event_age=237s | wave=stock total=194 valid=13 running=4 pending=177 launched=17 failed=0 gaveup=0 forkfail=0 free_kb=2845060 sims_boxwide=6 last_event_age=13s last_event_epoch=1789982717
[11:30:14] .. alive runid=20260921-103106-1708 event_age=297s | wave=stock total=194 valid=13 running=4 pending=177 launched=17 failed=0 gaveup=0 forkfail=0 free_kb=2845060 sims_boxwide=6 last_event_age=13s last_event_epoch=1789982717
[11:30:24] DONE ugD_east_half_404 rc=0 1272s ugD east/half seed=404 rescued=3 dead=0 unreachable=0 never_detected=0 ff_deaths=1 terminal=None completions=3 recycles=3 removals=3 returns=3 wall=1270s [valid 14/194]
[11:30:25] LAUNCH ugX_east_half_505 running=4 free_kb=3701424 sims_boxwide=5 attempt=1
[11:30:37] DONE ugX_east_half_404 rc=0 1268s ugX east/half seed=404 rescued=3 dead=0 unreachable=0 never_detected=0 ff_deaths=1 terminal=None completions=3 recycles=3 removals=3 returns=3 wall=1258s [valid 15/194]
[11:30:38] LAUNCH ugA_east_half_505 running=4 free_kb=3728480 sims_boxwide=5 attempt=1
[11:30:51] THROTTLE free_kb=2840996 <= 3500000 running=4
[11:31:14] .. alive runid=20260921-103106-1708 event_age=36s | wave=stock total=194 valid=15 running=4 pending=175 launched=19 failed=0 gaveup=0 forkfail=0 free_kb=2840996 sims_boxwide=6 last_event_age=13s last_event_epoch=1789983038
[11:32:14] .. alive runid=20260921-103106-1708 event_age=96s | wave=stock total=194 valid=15 running=4 pending=175 launched=19 failed=0 gaveup=0 forkfail=0 free_kb=2840996 sims_boxwide=6 last_event_age=13s last_event_epoch=1789983038
[11:32:34] DONE ugC_east_half_404 rc=0 1249s ugC east/half seed=404 rescued=3 dead=1 unreachable=0 never_detected=0 ff_deaths=0 terminal=232 completions=3 recycles=3 removals=3 returns=3 wall=1248s [valid 16/194]
[11:32:35] LAUNCH ugC_east_half_505 running=4 free_kb=3606228 sims_boxwide=5 attempt=1
[11:32:48] THROTTLE free_kb=2736324 <= 3500000 running=4
[11:33:14] .. alive runid=20260921-103106-1708 event_age=39s | wave=stock total=194 valid=16 running=4 pending=174 launched=20 failed=0 gaveup=0 forkfail=0 free_kb=2736324 sims_boxwide=6 last_event_age=13s last_event_epoch=1789983155
[11:34:14] .. alive runid=20260921-103106-1708 event_age=99s | wave=stock total=194 valid=16 running=4 pending=174 launched=20 failed=0 gaveup=0 forkfail=0 free_kb=2736324 sims_boxwide=6 last_event_age=13s last_event_epoch=1789983155
[11:35:14] .. alive runid=20260921-103106-1708 event_age=159s | wave=stock total=194 valid=16 running=4 pending=174 launched=20 failed=0 gaveup=0 forkfail=0 free_kb=2736324 sims_boxwide=6 last_event_age=13s last_event_epoch=1789983155
[11:36:14] .. alive runid=20260921-103106-1708 event_age=219s | wave=stock total=194 valid=16 running=4 pending=174 launched=20 failed=0 gaveup=0 forkfail=0 free_kb=2736324 sims_boxwide=6 last_event_age=13s last_event_epoch=1789983155
[11:36:37] DONE ugD_east_half_505 rc=0 679s ugD east/half seed=505 rescued=3 dead=1 unreachable=0 never_detected=0 ff_deaths=0 terminal=94 completions=3 recycles=3 removals=3 returns=3 wall=678s [valid 17/194]
[11:36:37] LAUNCH ugD_south_half_101 running=4 free_kb=3631664 sims_boxwide=5 attempt=1
[11:36:50] THROTTLE free_kb=2791440 <= 3500000 running=4
[11:37:15] .. alive runid=20260921-103106-1708 event_age=38s | wave=stock total=194 valid=17 running=4 pending=173 launched=21 failed=0 gaveup=0 forkfail=0 free_kb=2791440 sims_boxwide=6 last_event_age=13s last_event_epoch=1789983397
[11:38:15] .. alive runid=20260921-103106-1708 event_age=98s | wave=stock total=194 valid=17 running=4 pending=173 launched=21 failed=0 gaveup=0 forkfail=0 free_kb=2791440 sims_boxwide=6 last_event_age=13s last_event_epoch=1789983397
[11:39:15] .. alive runid=20260921-103106-1708 event_age=158s | wave=stock total=194 valid=17 running=4 pending=173 launched=21 failed=0 gaveup=0 forkfail=0 free_kb=2791440 sims_boxwide=6 last_event_age=13s last_event_epoch=1789983397
[11:40:15] .. alive runid=20260921-103106-1708 event_age=218s | wave=stock total=194 valid=17 running=4 pending=173 launched=21 failed=0 gaveup=0 forkfail=0 free_kb=2791440 sims_boxwide=6 last_event_age=13s last_event_epoch=1789983397
[11:41:15] .. alive runid=20260921-103106-1708 event_age=278s | wave=stock total=194 valid=17 running=4 pending=173 launched=21 failed=0 gaveup=0 forkfail=0 free_kb=2791440 sims_boxwide=6 last_event_age=13s last_event_epoch=1789983397
[11:41:39] DONE ugX_east_half_505 rc=0 674s ugX east/half seed=505 rescued=3 dead=1 unreachable=0 never_detected=0 ff_deaths=0 terminal=94 completions=3 recycles=3 removals=3 returns=3 wall=672s [valid 18/194]
[11:41:40] THROTTLE free_kb=2783068 <= 3500000 running=3
[11:42:10] DONE ugA_east_half_505 rc=0 691s ugA east/half seed=505 rescued=3 dead=1 unreachable=0 never_detected=0 ff_deaths=0 terminal=94 completions=3 recycles=3 removals=3 returns=3 wall=690s [valid 19/194]
[11:42:11] LAUNCH ugX_south_half_101 running=3 free_kb=3540224 sims_boxwide=4 attempt=1
[11:42:15] .. alive runid=20260921-103106-1708 event_age=4s | wave=stock total=194 valid=19 running=3 pending=172 launched=22 failed=0 gaveup=0 forkfail=0 free_kb=3540224 sims_boxwide=4 last_event_age=0s last_event_epoch=1789983731
[11:42:23] THROTTLE free_kb=2707072 <= 3500000 running=3
[11:43:15] .. alive runid=20260921-103106-1708 event_age=64s | wave=stock total=194 valid=19 running=3 pending=172 launched=22 failed=0 gaveup=0 forkfail=0 free_kb=2707072 sims_boxwide=5 last_event_age=12s last_event_epoch=1789983731
[11:43:47] DONE ugD_south_half_101 rc=0 430s ugD south/half seed=101 rescued=2 dead=2 unreachable=0 never_detected=0 ff_deaths=1 terminal=129 completions=2 recycles=2 removals=2 returns=2 wall=428s [valid 20/194]
[11:43:48] LAUNCH ugA_south_half_101 running=3 free_kb=3676880 sims_boxwide=4 attempt=1
[11:44:00] DONE ugC_east_half_505 rc=0 685s ugC east/half seed=505 rescued=3 dead=1 unreachable=0 never_detected=0 ff_deaths=1 terminal=109 completions=3 recycles=3 removals=3 returns=3 wall=680s [valid 21/194]
[11:44:01] LAUNCH ugC_south_half_101 running=3 free_kb=3713572 sims_boxwide=4 attempt=1
[11:44:14] THROTTLE free_kb=2857680 <= 3500000 running=3
[11:44:15] .. alive runid=20260921-103106-1708 event_age=14s | wave=stock total=194 valid=21 running=3 pending=170 launched=24 failed=0 gaveup=0 forkfail=0 free_kb=2857680 sims_boxwide=5 last_event_age=13s last_event_epoch=1789983841
[11:45:15] .. alive runid=20260921-103106-1708 event_age=74s | wave=stock total=194 valid=21 running=3 pending=170 launched=24 failed=0 gaveup=0 forkfail=0 free_kb=2857680 sims_boxwide=5 last_event_age=13s last_event_epoch=1789983841
[11:46:15] .. alive runid=20260921-103106-1708 event_age=134s | wave=stock total=194 valid=21 running=3 pending=170 launched=24 failed=0 gaveup=0 forkfail=0 free_kb=2857680 sims_boxwide=5 last_event_age=13s last_event_epoch=1789983841
[11:47:15] .. alive runid=20260921-103106-1708 event_age=194s | wave=stock total=194 valid=21 running=3 pending=170 launched=24 failed=0 gaveup=0 forkfail=0 free_kb=2857680 sims_boxwide=5 last_event_age=13s last_event_epoch=1789983841
[11:48:16] .. alive runid=20260921-103106-1708 event_age=255s | wave=stock total=194 valid=21 running=3 pending=170 launched=24 failed=0 gaveup=0 forkfail=0 free_kb=2857680 sims_boxwide=5 last_event_age=13s last_event_epoch=1789983841
[11:49:16] .. alive runid=20260921-103106-1708 event_age=315s | wave=stock total=194 valid=21 running=3 pending=170 launched=24 failed=0 gaveup=0 forkfail=0 free_kb=2857680 sims_boxwide=5 last_event_age=13s last_event_epoch=1789983841
[11:49:25] DONE ugX_south_half_101 rc=0 434s ugX south/half seed=101 rescued=2 dead=2 unreachable=0 never_detected=0 ff_deaths=1 terminal=129 completions=2 recycles=2 removals=2 returns=2 wall=433s [valid 22/194]
[11:49:26] LAUNCH ugD_south_half_202 running=3 free_kb=3649180 sims_boxwide=4 attempt=1
[11:49:39] THROTTLE free_kb=2772088 <= 3500000 running=3
[11:50:16] .. alive runid=20260921-103106-1708 event_age=50s | wave=stock total=194 valid=22 running=3 pending=169 launched=25 failed=0 gaveup=0 forkfail=0 free_kb=2772088 sims_boxwide=5 last_event_age=13s last_event_epoch=1789984166
[11:51:16] .. alive runid=20260921-103106-1708 event_age=110s | wave=stock total=194 valid=22 running=3 pending=169 launched=25 failed=0 gaveup=0 forkfail=0 free_kb=2772088 sims_boxwide=5 last_event_age=13s last_event_epoch=1789984166
[11:51:41] DONE ugC_south_half_101 rc=0 459s ugC south/half seed=101 rescued=2 dead=2 unreachable=0 never_detected=0 ff_deaths=1 terminal=129 completions=2 recycles=2 removals=2 returns=2 wall=458s [valid 23/194]
[11:51:41] LAUNCH ugX_south_half_202 running=3 free_kb=3597096 sims_boxwide=4 attempt=1
[11:51:54] THROTTLE free_kb=2712836 <= 3500000 running=3
[11:52:16] .. alive runid=20260921-103106-1708 event_age=35s | wave=stock total=194 valid=23 running=3 pending=168 launched=26 failed=0 gaveup=0 forkfail=0 free_kb=2712836 sims_boxwide=5 last_event_age=13s last_event_epoch=1789984301
[11:52:18] DONE ugA_south_half_101 rc=0 510s ugA south/half seed=101 rescued=2 dead=1 unreachable=1 never_detected=0 ff_deaths=2 terminal=147 completions=2 recycles=2 removals=2 returns=2 wall=508s [valid 24/194]
[11:52:19] LAUNCH ugA_south_half_202 running=3 free_kb=3605588 sims_boxwide=4 attempt=1
[11:52:32] THROTTLE free_kb=2761284 <= 3500000 running=3
[11:53:16] .. alive runid=20260921-103106-1708 event_age=57s | wave=stock total=194 valid=24 running=3 pending=167 launched=27 failed=0 gaveup=0 forkfail=0 free_kb=2761284 sims_boxwide=5 last_event_age=13s last_event_epoch=1789984339
[11:54:16] .. alive runid=20260921-103106-1708 event_age=117s | wave=stock total=194 valid=24 running=3 pending=167 launched=27 failed=0 gaveup=0 forkfail=0 free_kb=2761284 sims_boxwide=5 last_event_age=13s last_event_epoch=1789984339
[11:55:16] .. alive runid=20260921-103106-1708 event_age=177s | wave=stock total=194 valid=24 running=3 pending=167 launched=27 failed=0 gaveup=0 forkfail=0 free_kb=2761284 sims_boxwide=5 last_event_age=13s last_event_epoch=1789984339
[11:56:16] .. alive runid=20260921-103106-1708 event_age=237s | wave=stock total=194 valid=24 running=3 pending=167 launched=27 failed=0 gaveup=0 forkfail=0 free_kb=2761284 sims_boxwide=5 last_event_age=13s last_event_epoch=1789984339
[11:57:16] .. alive runid=20260921-103106-1708 event_age=297s | wave=stock total=194 valid=24 running=3 pending=167 launched=27 failed=0 gaveup=0 forkfail=0 free_kb=2761284 sims_boxwide=5 last_event_age=13s last_event_epoch=1789984339
[11:57:40] DONE ugD_south_half_202 rc=0 493s ugD south/half seed=202 rescued=4 dead=0 unreachable=0 never_detected=0 ff_deaths=0 terminal=235 completions=4 recycles=4 removals=4 returns=4 wall=492s [valid 25/194]
[11:57:41] LAUNCH ugC_south_half_202 running=3 free_kb=3668044 sims_boxwide=4 attempt=1
[11:57:54] THROTTLE free_kb=2826508 <= 3500000 running=3
[11:58:17] .. alive runid=20260921-103106-1708 event_age=36s | wave=stock total=194 valid=25 running=3 pending=166 launched=28 failed=0 gaveup=0 forkfail=0 free_kb=2826508 sims_boxwide=5 last_event_age=13s last_event_epoch=1789984661
[11:59:17] .. alive runid=20260921-103106-1708 event_age=96s | wave=stock total=194 valid=25 running=3 pending=166 launched=28 failed=0 gaveup=0 forkfail=0 free_kb=2826508 sims_boxwide=5 last_event_age=13s last_event_epoch=1789984661
[11:59:34] DONE ugA_south_half_202 rc=0 434s ugA south/half seed=202 rescued=4 dead=0 unreachable=0 never_detected=0 ff_deaths=0 terminal=167 completions=4 recycles=4 removals=4 returns=4 wall=433s [valid 26/194]
[11:59:35] LAUNCH ugD_south_half_303 running=3 free_kb=3735084 sims_boxwide=4 attempt=1
[11:59:47] THROTTLE free_kb=2876084 <= 3500000 running=3
[11:59:54] DONE ugX_south_half_202 rc=0 493s ugX south/half seed=202 rescued=4 dead=0 unreachable=0 never_detected=0 ff_deaths=0 terminal=235 completions=4 recycles=4 removals=4 returns=4 wall=491s [valid 27/194]
[11:59:55] LAUNCH ugX_south_half_303 running=3 free_kb=3761508 sims_boxwide=4 attempt=1
[12:00:08] THROTTLE free_kb=2896844 <= 3500000 running=3
[12:00:17] .. alive runid=20260921-103106-1708 event_age=22s | wave=stock total=194 valid=27 running=3 pending=164 launched=30 failed=0 gaveup=0 forkfail=0 free_kb=2896844 sims_boxwide=5 last_event_age=13s last_event_epoch=1789984795
[12:01:17] .. alive runid=20260921-103106-1708 event_age=82s | wave=stock total=194 valid=27 running=3 pending=164 launched=30 failed=0 gaveup=0 forkfail=0 free_kb=2896844 sims_boxwide=5 last_event_age=13s last_event_epoch=1789984795
[12:02:17] .. alive runid=20260921-103106-1708 event_age=142s | wave=stock total=194 valid=27 running=3 pending=164 launched=30 failed=0 gaveup=0 forkfail=0 free_kb=2896844 sims_boxwide=5 last_event_age=13s last_event_epoch=1789984795
[12:03:17] .. alive runid=20260921-103106-1708 event_age=202s | wave=stock total=194 valid=27 running=3 pending=164 launched=30 failed=0 gaveup=0 forkfail=0 free_kb=2896844 sims_boxwide=5 last_event_age=13s last_event_epoch=1789984795
[12:04:17] .. alive runid=20260921-103106-1708 event_age=262s | wave=stock total=194 valid=27 running=3 pending=164 launched=30 failed=0 gaveup=0 forkfail=0 free_kb=2896844 sims_boxwide=5 last_event_age=13s last_event_epoch=1789984795
[12:05:17] .. alive runid=20260921-103106-1708 event_age=322s | wave=stock total=194 valid=27 running=3 pending=164 launched=30 failed=0 gaveup=0 forkfail=0 free_kb=2896844 sims_boxwide=5 last_event_age=13s last_event_epoch=1789984795
[12:05:41] DONE ugC_south_half_202 rc=0 480s ugC south/half seed=202 rescued=3 dead=1 unreachable=0 never_detected=0 ff_deaths=0 terminal=201 completions=3 recycles=3 removals=3 returns=3 wall=477s [valid 28/194]
[12:05:42] LAUNCH ugA_south_half_303 running=3 free_kb=4569860 sims_boxwide=3 attempt=1
[12:05:54] DONE ugD_south_half_303 rc=0 379s ugD south/half seed=303 rescued=4 dead=0 unreachable=0 never_detected=0 ff_deaths=0 terminal=115 completions=4 recycles=4 removals=4 returns=4 wall=366s [valid 29/194]
[12:05:55] LAUNCH ugC_south_half_303 running=3 free_kb=3707708 sims_boxwide=4 attempt=1
[12:06:08] DONE ugX_south_half_303 rc=0 372s ugX south/half seed=303 rescued=4 dead=0 unreachable=0 never_detected=0 ff_deaths=0 terminal=115 completions=4 recycles=4 removals=4 returns=4 wall=365s [valid 30/194]
[12:06:08] LAUNCH ugD_south_half_404 running=3 free_kb=3729908 sims_boxwide=4 attempt=1
[12:06:17] .. alive runid=20260921-103106-1708 event_age=9s | wave=stock total=194 valid=30 running=3 pending=161 launched=33 failed=0 gaveup=0 forkfail=0 free_kb=3729908 sims_boxwide=4 last_event_age=0s last_event_epoch=1789985168
[12:06:21] THROTTLE free_kb=2858348 <= 3500000 running=3
[12:07:17] .. alive runid=20260921-103106-1708 event_age=69s | wave=stock total=194 valid=30 running=3 pending=161 launched=33 failed=0 gaveup=0 forkfail=0 free_kb=2858348 sims_boxwide=5 last_event_age=13s last_event_epoch=1789985168
[12:08:17] .. alive runid=20260921-103106-1708 event_age=129s | wave=stock total=194 valid=30 running=3 pending=161 launched=33 failed=0 gaveup=0 forkfail=0 free_kb=2858348 sims_boxwide=5 last_event_age=13s last_event_epoch=1789985168
[12:09:18] .. alive runid=20260921-103106-1708 event_age=190s | wave=stock total=194 valid=30 running=3 pending=161 launched=33 failed=0 gaveup=0 forkfail=0 free_kb=2858348 sims_boxwide=5 last_event_age=13s last_event_epoch=1789985168
[12:10:18] .. alive runid=20260921-103106-1708 event_age=250s | wave=stock total=194 valid=30 running=3 pending=161 launched=33 failed=0 gaveup=0 forkfail=0 free_kb=2858348 sims_boxwide=5 last_event_age=13s last_event_epoch=1789985168
[12:11:18] .. alive runid=20260921-103106-1708 event_age=310s | wave=stock total=194 valid=30 running=3 pending=161 launched=33 failed=0 gaveup=0 forkfail=0 free_kb=2858348 sims_boxwide=5 last_event_age=13s last_event_epoch=1789985168
[12:11:35] DONE ugA_south_half_303 rc=0 353s ugA south/half seed=303 rescued=4 dead=0 unreachable=0 never_detected=0 ff_deaths=0 terminal=115 completions=4 recycles=4 removals=4 returns=4 wall=351s [valid 31/194]
[12:11:36] LAUNCH ugX_south_half_404 running=3 free_kb=4365468 sims_boxwide=3 attempt=1
[12:11:49] LAUNCH ugA_south_half_404 running=4 free_kb=3593460 sims_boxwide=4 attempt=1
[12:12:02] THROTTLE free_kb=2733320 <= 3500000 running=4
[12:12:12] DONE ugC_south_half_303 rc=0 376s ugC south/half seed=303 rescued=4 dead=0 unreachable=0 never_detected=0 ff_deaths=0 terminal=114 completions=4 recycles=4 removals=4 returns=4 wall=375s [valid 32/194]
[12:12:13] LAUNCH ugC_south_half_404 running=4 free_kb=3633172 sims_boxwide=4 attempt=1
[12:12:18] .. alive runid=20260921-103106-1708 event_age=6s | wave=stock total=194 valid=32 running=4 pending=158 launched=36 failed=0 gaveup=0 forkfail=0 free_kb=3633172 sims_boxwide=4 last_event_age=1s last_event_epoch=1789985532
[12:12:25] THROTTLE free_kb=2770768 <= 3500000 running=4
[12:13:18] .. alive runid=20260921-103106-1708 event_age=66s | wave=stock total=194 valid=32 running=4 pending=158 launched=36 failed=0 gaveup=0 forkfail=0 free_kb=2770768 sims_boxwide=5 last_event_age=13s last_event_epoch=1789985532
[12:14:18] .. alive runid=20260921-103106-1708 event_age=126s | wave=stock total=194 valid=32 running=4 pending=158 launched=36 failed=0 gaveup=0 forkfail=0 free_kb=2770768 sims_boxwide=5 last_event_age=13s last_event_epoch=1789985532
[12:14:20] DONE ugD_south_half_404 rc=0 492s ugD south/half seed=404 rescued=1 dead=0 unreachable=0 never_detected=0 ff_deaths=1 terminal=None completions=1 recycles=1 removals=1 returns=1 wall=490s [valid 33/194]
[12:14:21] LAUNCH ugD_south_half_505 running=4 free_kb=3698076 sims_boxwide=4 attempt=1
[12:14:34] THROTTLE free_kb=2861608 <= 3500000 running=4
[12:15:18] .. alive runid=20260921-103106-1708 event_age=57s | wave=stock total=194 valid=33 running=4 pending=157 launched=37 failed=0 gaveup=0 forkfail=0 free_kb=2861608 sims_boxwide=5 last_event_age=13s last_event_epoch=1789985661
[12:16:18] .. alive runid=20260921-103106-1708 event_age=117s | wave=stock total=194 valid=33 running=4 pending=157 launched=37 failed=0 gaveup=0 forkfail=0 free_kb=2861608 sims_boxwide=5 last_event_age=13s last_event_epoch=1789985661
[12:17:18] .. alive runid=20260921-103106-1708 event_age=177s | wave=stock total=194 valid=33 running=4 pending=157 launched=37 failed=0 gaveup=0 forkfail=0 free_kb=2861608 sims_boxwide=5 last_event_age=13s last_event_epoch=1789985661
[12:18:18] .. alive runid=20260921-103106-1708 event_age=237s | wave=stock total=194 valid=33 running=4 pending=157 launched=37 failed=0 gaveup=0 forkfail=0 free_kb=2861608 sims_boxwide=5 last_event_age=13s last_event_epoch=1789985661
[12:19:18] .. alive runid=20260921-103106-1708 event_age=297s | wave=stock total=194 valid=33 running=4 pending=157 launched=37 failed=0 gaveup=0 forkfail=0 free_kb=2861608 sims_boxwide=5 last_event_age=13s last_event_epoch=1789985661
[12:19:54] DONE ugX_south_half_404 rc=0 498s ugX south/half seed=404 rescued=1 dead=0 unreachable=0 never_detected=0 ff_deaths=1 terminal=None completions=1 recycles=1 removals=1 returns=1 wall=496s [valid 34/194]
[12:19:55] LAUNCH ugX_south_half_505 running=4 free_kb=4412552 sims_boxwide=3 attempt=1
[12:20:08] LAUNCH ugA_south_half_505 running=5 free_kb=3543568 sims_boxwide=4 attempt=1
[12:20:19] .. alive runid=20260921-103106-1708 event_age=11s | wave=stock total=194 valid=34 running=5 pending=155 launched=39 failed=0 gaveup=0 forkfail=0 free_kb=3543568 sims_boxwide=4 last_event_age=0s last_event_epoch=1789986008
[12:20:20] DONE ugA_south_half_404 rc=0 511s ugA south/half seed=404 rescued=1 dead=2 unreachable=0 never_detected=0 ff_deaths=1 terminal=None completions=1 recycles=1 removals=1 returns=1 wall=506s [valid 35/194]
[12:20:21] LAUNCH ugC_south_half_505 running=5 free_kb=3555924 sims_boxwide=4 attempt=1
[12:20:33] DONE ugD_south_half_505 rc=0 372s ugD south/half seed=505 rescued=3 dead=1 unreachable=0 never_detected=0 ff_deaths=0 terminal=115 completions=3 recycles=3 removals=3 returns=3 wall=360s [valid 36/194]
[12:20:34] LAUNCH ugD_east_def_101 running=5 free_kb=4363848 sims_boxwide=3 attempt=1
[12:20:47] DONE ugC_south_half_404 rc=0 514s ugC south/half seed=404 rescued=3 dead=1 unreachable=0 never_detected=0 ff_deaths=0 terminal=193 completions=3 recycles=3 removals=3 returns=3 wall=499s [valid 37/194]
[12:20:47] LAUNCH ugX_east_def_101 running=5 free_kb=3525084 sims_boxwide=4 attempt=1
[12:21:00] THROTTLE free_kb=2667968 <= 3500000 running=5
[12:21:19] .. alive runid=20260921-103106-1708 event_age=32s | wave=stock total=194 valid=37 running=5 pending=152 launched=42 failed=0 gaveup=0 forkfail=0 free_kb=2667968 sims_boxwide=5 last_event_age=13s last_event_epoch=1789986047
[12:22:19] .. alive runid=20260921-103106-1708 event_age=92s | wave=stock total=194 valid=37 running=5 pending=152 launched=42 failed=0 gaveup=0 forkfail=0 free_kb=2667968 sims_boxwide=5 last_event_age=13s last_event_epoch=1789986047
[12:23:19] .. alive runid=20260921-103106-1708 event_age=152s | wave=stock total=194 valid=37 running=5 pending=152 launched=42 failed=0 gaveup=0 forkfail=0 free_kb=2667968 sims_boxwide=5 last_event_age=13s last_event_epoch=1789986047
[12:24:19] .. alive runid=20260921-103106-1708 event_age=212s | wave=stock total=194 valid=37 running=5 pending=152 launched=42 failed=0 gaveup=0 forkfail=0 free_kb=2667968 sims_boxwide=5 last_event_age=13s last_event_epoch=1789986047
[12:25:19] .. alive runid=20260921-103106-1708 event_age=272s | wave=stock total=194 valid=37 running=5 pending=152 launched=42 failed=0 gaveup=0 forkfail=0 free_kb=2667968 sims_boxwide=5 last_event_age=13s last_event_epoch=1789986047
[12:26:02] DONE ugX_south_half_505 rc=0 367s ugX south/half seed=505 rescued=3 dead=1 unreachable=0 never_detected=0 ff_deaths=0 terminal=115 completions=3 recycles=3 removals=3 returns=3 wall=365s [valid 38/194]
[12:26:03] LAUNCH ugA_east_def_101 running=5 free_kb=3579468 sims_boxwide=4 attempt=1
[12:26:15] DONE ugA_south_half_505 rc=0 367s ugA south/half seed=505 rescued=3 dead=1 unreachable=0 never_detected=0 ff_deaths=0 terminal=115 completions=3 recycles=3 removals=3 returns=3 wall=365s [valid 39/194]
[12:26:16] LAUNCH ugC_east_def_101 running=5 free_kb=3611300 sims_boxwide=4 attempt=1
[12:26:19] .. alive runid=20260921-103106-1708 event_age=3s | wave=stock total=194 valid=39 running=5 pending=150 launched=44 failed=0 gaveup=0 forkfail=0 free_kb=3611300 sims_boxwide=4 last_event_age=0s last_event_epoch=1789986376
[12:26:29] THROTTLE free_kb=2756136 <= 3500000 running=5
[12:26:47] DONE ugC_south_half_505 rc=0 386s ugC south/half seed=505 rescued=3 dead=1 unreachable=0 never_detected=0 ff_deaths=0 terminal=114 completions=3 recycles=3 removals=3 returns=3 wall=384s [valid 40/194]
[12:26:48] LAUNCH ugD_east_def_202 running=5 free_kb=3665728 sims_boxwide=4 attempt=1
[12:27:00] THROTTLE free_kb=2712520 <= 3500000 running=5
[12:27:19] .. alive runid=20260921-103106-1708 event_age=31s | wave=stock total=194 valid=40 running=5 pending=149 launched=45 failed=0 gaveup=0 forkfail=0 free_kb=2712520 sims_boxwide=5 last_event_age=12s last_event_epoch=1789986408
[12:27:36] DONE ugD_east_def_101 rc=0 422s ugD east/default seed=101 rescued=2 dead=0 unreachable=0 never_detected=0 ff_deaths=0 terminal=None completions=2 recycles=2 removals=2 returns=2 wall=420s [valid 41/194]
[12:27:37] LAUNCH ugX_east_def_202 running=5 free_kb=3609296 sims_boxwide=4 attempt=1
[12:27:50] THROTTLE free_kb=2741624 <= 3500000 running=5
[12:27:54] DONE ugX_east_def_101 rc=0 427s ugX east/default seed=101 rescued=2 dead=0 unreachable=0 never_detected=0 ff_deaths=0 terminal=None completions=2 recycles=2 removals=2 returns=2 wall=425s [valid 42/194]
[12:27:55] LAUNCH ugA_east_def_202 running=5 free_kb=3637820 sims_boxwide=4 attempt=1
[12:28:08] THROTTLE free_kb=2765484 <= 3500000 running=5
[12:28:19] .. alive runid=20260921-103106-1708 event_age=24s | wave=stock total=194 valid=42 running=5 pending=147 launched=47 failed=0 gaveup=0 forkfail=0 free_kb=2765484 sims_boxwide=5 last_event_age=13s last_event_epoch=1789986475
[12:29:19] .. alive runid=20260921-103106-1708 event_age=84s | wave=stock total=194 valid=42 running=5 pending=147 launched=47 failed=0 gaveup=0 forkfail=0 free_kb=2765484 sims_boxwide=5 last_event_age=13s last_event_epoch=1789986475
[12:30:19] .. alive runid=20260921-103106-1708 event_age=144s | wave=stock total=194 valid=42 running=5 pending=147 launched=47 failed=0 gaveup=0 forkfail=0 free_kb=2765484 sims_boxwide=5 last_event_age=13s last_event_epoch=1789986475
[12:31:20] .. alive runid=20260921-103106-1708 event_age=205s | wave=stock total=194 valid=42 running=5 pending=147 launched=47 failed=0 gaveup=0 forkfail=0 free_kb=2765484 sims_boxwide=5 last_event_age=13s last_event_epoch=1789986475
[12:32:20] .. alive runid=20260921-103106-1708 event_age=265s | wave=stock total=194 valid=42 running=5 pending=147 launched=47 failed=0 gaveup=0 forkfail=0 free_kb=2765484 sims_boxwide=5 last_event_age=13s last_event_epoch=1789986475
[12:32:31] DONE ugA_east_def_101 rc=0 388s ugA east/default seed=101 rescued=3 dead=0 unreachable=1 never_detected=1 ff_deaths=0 terminal=220 completions=3 recycles=3 removals=3 returns=3 wall=387s [valid 43/194]
[12:32:32] LAUNCH ugC_east_def_202 running=5 free_kb=3777396 sims_boxwide=4 attempt=1
[12:32:45] THROTTLE free_kb=2910884 <= 3500000 running=5
[12:32:55] DONE ugC_east_def_101 rc=0 399s ugC east/default seed=101 rescued=3 dead=0 unreachable=1 never_detected=1 ff_deaths=0 terminal=210 completions=3 recycles=3 removals=3 returns=3 wall=398s [valid 44/194]
[12:32:56] LAUNCH ugD_east_def_303 running=5 free_kb=3740328 sims_boxwide=4 attempt=1
[12:33:09] THROTTLE free_kb=2929308 <= 3500000 running=5
[12:33:19] DONE ugD_east_def_202 rc=0 391s ugD east/default seed=202 rescued=3 dead=1 unreachable=0 never_detected=0 ff_deaths=0 terminal=172 completions=3 recycles=3 removals=3 returns=3 wall=390s [valid 45/194]
[12:33:20] .. alive runid=20260921-103106-1708 event_age=1s | wave=stock total=194 valid=45 running=4 pending=145 launched=49 failed=0 gaveup=0 forkfail=0 free_kb=2929308 sims_boxwide=5 last_event_age=0s last_event_epoch=1789986799
[12:33:20] LAUNCH ugX_east_def_303 running=5 free_kb=3807900 sims_boxwide=4 attempt=1
[12:33:33] THROTTLE free_kb=2952208 <= 3500000 running=5
[12:34:06] DONE ugX_east_def_202 rc=0 389s ugX east/default seed=202 rescued=3 dead=1 unreachable=0 never_detected=0 ff_deaths=0 terminal=172 completions=3 recycles=3 removals=3 returns=3 wall=388s [valid 46/194]
[12:34:07] LAUNCH ugA_east_def_303 running=5 free_kb=3790500 sims_boxwide=4 attempt=1
[12:34:19] DONE ugA_east_def_202 rc=0 384s ugA east/default seed=202 rescued=3 dead=1 unreachable=0 never_detected=0 ff_deaths=0 terminal=172 completions=3 recycles=3 removals=3 returns=3 wall=379s [valid 47/194]
[12:34:20] .. alive runid=20260921-103106-1708 event_age=1s | wave=stock total=194 valid=47 running=4 pending=143 launched=51 failed=0 gaveup=0 forkfail=0 free_kb=3790500 sims_boxwide=4 last_event_age=0s last_event_epoch=1789986859
[12:34:20] LAUNCH ugC_east_def_303 running=5 free_kb=3801488 sims_boxwide=4 attempt=1
[12:34:33] THROTTLE free_kb=2973156 <= 3500000 running=5
[12:35:20] .. alive runid=20260921-103106-1708 event_age=60s | wave=stock total=194 valid=47 running=5 pending=142 launched=52 failed=0 gaveup=0 forkfail=0 free_kb=2973156 sims_boxwide=5 last_event_age=13s last_event_epoch=1789986860
[12:36:20] .. alive runid=20260921-103106-1708 event_age=120s | wave=stock total=194 valid=47 running=5 pending=142 launched=52 failed=0 gaveup=0 forkfail=0 free_kb=2973156 sims_boxwide=5 last_event_age=13s last_event_epoch=1789986860
[12:37:20] .. alive runid=20260921-103106-1708 event_age=180s | wave=stock total=194 valid=47 running=5 pending=142 launched=52 failed=0 gaveup=0 forkfail=0 free_kb=2973156 sims_boxwide=5 last_event_age=13s last_event_epoch=1789986860
[12:38:20] .. alive runid=20260921-103106-1708 event_age=240s | wave=stock total=194 valid=47 running=5 pending=142 launched=52 failed=0 gaveup=0 forkfail=0 free_kb=2973156 sims_boxwide=5 last_event_age=13s last_event_epoch=1789986860
[12:38:34] DONE ugC_east_def_202 rc=0 362s ugC east/default seed=202 rescued=3 dead=1 unreachable=0 never_detected=0 ff_deaths=0 terminal=181 completions=3 recycles=3 removals=3 returns=3 wall=361s [valid 48/194]
[12:38:35] LAUNCH ugD_east_half_606 running=5 free_kb=3673084 sims_boxwide=4 attempt=1
[12:38:48] THROTTLE free_kb=2818640 <= 3500000 running=5
[12:38:49] DONE ugD_east_def_303 rc=0 353s ugD east/default seed=303 rescued=3 dead=1 unreachable=0 never_detected=0 ff_deaths=0 terminal=137 completions=3 recycles=3 removals=3 returns=3 wall=351s [valid 49/194]
[12:38:50] LAUNCH ugX_east_half_606 running=5 free_kb=3714488 sims_boxwide=4 attempt=1
[12:39:03] LAUNCH ugA_east_half_606 running=6 free_kb=3735324 sims_boxwide=4 attempt=1
[12:39:15] DONE ugX_east_def_303 rc=0 355s ugX east/default seed=303 rescued=3 dead=1 unreachable=0 never_detected=0 ff_deaths=0 terminal=137 completions=3 recycles=3 removals=3 returns=3 wall=340s [valid 50/194]
[12:39:16] THROTTLE free_kb=2858080 <= 3500000 running=5
[12:39:20] .. alive runid=20260921-103106-1708 event_age=5s | wave=stock total=194 valid=50 running=5 pending=139 launched=55 failed=0 gaveup=0 forkfail=0 free_kb=2858080 sims_boxwide=5 last_event_age=1s last_event_epoch=1789987155
[12:39:40] DONE ugC_east_def_303 rc=0 320s ugC east/default seed=303 rescued=3 dead=1 unreachable=0 never_detected=0 ff_deaths=1 terminal=138 completions=3 recycles=3 removals=3 returns=3 wall=318s [valid 51/194]
[12:39:41] LAUNCH ugC_east_half_606 running=5 free_kb=3764012 sims_boxwide=4 attempt=1
[12:39:53] DONE ugA_east_def_303 rc=0 346s ugA east/default seed=303 rescued=3 dead=1 unreachable=0 never_detected=0 ff_deaths=1 terminal=149 completions=3 recycles=3 removals=3 returns=3 wall=345s [valid 52/194]
[12:39:54] LAUNCH ugD_east_half_707 running=5 free_kb=3810224 sims_boxwide=4 attempt=1
[12:40:07] THROTTLE free_kb=2938232 <= 3500000 running=5
[12:40:20] .. alive runid=20260921-103106-1708 event_age=26s | wave=stock total=194 valid=52 running=5 pending=137 launched=57 failed=0 gaveup=0 forkfail=0 free_kb=2938232 sims_boxwide=5 last_event_age=13s last_event_epoch=1789987194
[12:41:20] .. alive runid=20260921-103106-1708 event_age=86s | wave=stock total=194 valid=52 running=5 pending=137 launched=57 failed=0 gaveup=0 forkfail=0 free_kb=2938232 sims_boxwide=5 last_event_age=13s last_event_epoch=1789987194
[12:42:21] .. alive runid=20260921-103106-1708 event_age=147s | wave=stock total=194 valid=52 running=5 pending=137 launched=57 failed=0 gaveup=0 forkfail=0 free_kb=2938232 sims_boxwide=5 last_event_age=13s last_event_epoch=1789987194
[12:42:32] DONE ugD_east_half_707 rc=0 158s ugD east/half seed=707 rescued=2 dead=0 unreachable=2 never_detected=2 ff_deaths=0 terminal=210 completions=2 recycles=2 removals=2 returns=2 wall=156s [valid 53/194]
[12:42:33] LAUNCH ugX_east_half_707 running=5 free_kb=3780024 sims_boxwide=4 attempt=1
[12:42:46] THROTTLE free_kb=2912308 <= 3500000 running=5
[12:43:21] .. alive runid=20260921-103106-1708 event_age=48s | wave=stock total=194 valid=53 running=5 pending=136 launched=58 failed=0 gaveup=0 forkfail=0 free_kb=2912308 sims_boxwide=5 last_event_age=13s last_event_epoch=1789987353
[12:44:21] .. alive runid=20260921-103106-1708 event_age=108s | wave=stock total=194 valid=53 running=5 pending=136 launched=58 failed=0 gaveup=0 forkfail=0 free_kb=2912308 sims_boxwide=5 last_event_age=13s last_event_epoch=1789987353
[12:45:10] DONE ugX_east_half_707 rc=0 157s ugX east/half seed=707 rescued=2 dead=0 unreachable=2 never_detected=2 ff_deaths=0 terminal=210 completions=2 recycles=2 removals=2 returns=2 wall=156s [valid 54/194]
[12:45:11] LAUNCH ugA_east_half_707 running=5 free_kb=3782600 sims_boxwide=4 attempt=1
[12:45:21] .. alive runid=20260921-103106-1708 event_age=10s | wave=stock total=194 valid=54 running=5 pending=135 launched=59 failed=0 gaveup=0 forkfail=0 free_kb=3782600 sims_boxwide=4 last_event_age=0s last_event_epoch=1789987511
[12:45:24] THROTTLE free_kb=2920988 <= 3500000 running=5
[12:46:21] .. alive runid=20260921-103106-1708 event_age=70s | wave=stock total=194 valid=54 running=5 pending=135 launched=59 failed=0 gaveup=0 forkfail=0 free_kb=2920988 sims_boxwide=5 last_event_age=13s last_event_epoch=1789987511
[12:47:21] .. alive runid=20260921-103106-1708 event_age=130s | wave=stock total=194 valid=54 running=5 pending=135 launched=59 failed=0 gaveup=0 forkfail=0 free_kb=2920988 sims_boxwide=5 last_event_age=13s last_event_epoch=1789987511
[12:47:51] DONE ugA_east_half_707 rc=0 159s ugA east/half seed=707 rescued=2 dead=0 unreachable=2 never_detected=2 ff_deaths=0 terminal=210 completions=2 recycles=2 removals=2 returns=2 wall=158s [valid 55/194]
[12:47:52] LAUNCH ugC_east_half_707 running=5 free_kb=3709492 sims_boxwide=4 attempt=1
[12:48:04] THROTTLE free_kb=2828740 <= 3500000 running=5
[12:48:21] .. alive runid=20260921-103106-1708 event_age=29s | wave=stock total=194 valid=55 running=5 pending=134 launched=60 failed=0 gaveup=0 forkfail=0 free_kb=2828740 sims_boxwide=5 last_event_age=12s last_event_epoch=1789987672
[12:49:21] .. alive runid=20260921-103106-1708 event_age=89s | wave=stock total=194 valid=55 running=5 pending=134 launched=60 failed=0 gaveup=0 forkfail=0 free_kb=2828740 sims_boxwide=5 last_event_age=12s last_event_epoch=1789987672
[12:50:03] DONE ugA_east_half_606 rc=0 660s ugA east/half seed=606 rescued=3 dead=1 unreachable=0 never_detected=0 ff_deaths=0 terminal=210 completions=3 recycles=3 removals=3 returns=3 wall=659s [valid 56/194]
[12:50:04] LAUNCH ugD_east_half_808 running=5 free_kb=4616780 sims_boxwide=4 attempt=1
[12:50:17] LAUNCH ugX_east_half_808 running=6 free_kb=3776240 sims_boxwide=5 attempt=1
[12:50:21] .. alive runid=20260921-103106-1708 event_age=4s | wave=stock total=194 valid=56 running=6 pending=132 launched=62 failed=0 gaveup=0 forkfail=0 free_kb=3776240 sims_boxwide=5 last_event_age=0s last_event_epoch=1789987817
[12:50:30] THROTTLE free_kb=2848416 <= 3500000 running=6
[12:50:34] DONE ugC_east_half_707 rc=0 161s ugC east/half seed=707 rescued=2 dead=0 unreachable=2 never_detected=2 ff_deaths=0 terminal=210 completions=2 recycles=2 removals=2 returns=2 wall=161s [valid 57/194]
[12:50:35] LAUNCH ugA_east_half_808 running=6 free_kb=3739904 sims_boxwide=5 attempt=1
[12:50:48] LAUNCH ugC_east_half_808 running=7 free_kb=3689596 sims_boxwide=6 attempt=1
[12:51:00] THROTTLE free_kb=2850072 <= 3500000 running=7
[12:51:21] .. alive runid=20260921-103106-1708 event_age=33s | wave=stock total=194 valid=57 running=7 pending=130 launched=64 failed=0 gaveup=0 forkfail=0 free_kb=2850072 sims_boxwide=7 last_event_age=12s last_event_epoch=1789987848
[12:51:38] DONE ugD_east_half_606 rc=0 783s ugD east/half seed=606 rescued=3 dead=0 unreachable=0 never_detected=0 ff_deaths=0 terminal=None completions=3 recycles=3 removals=3 returns=3 wall=782s [valid 58/194]
[12:51:39] LAUNCH ugD_east_half_909 running=7 free_kb=3731404 sims_boxwide=6 attempt=1
[12:51:52] DONE ugX_east_half_606 rc=0 781s ugX east/half seed=606 rescued=3 dead=0 unreachable=0 never_detected=0 ff_deaths=0 terminal=None completions=3 recycles=3 removals=3 returns=3 wall=770s [valid 59/194]
[12:51:52] LAUNCH ugX_east_half_909 running=7 free_kb=3756096 sims_boxwide=6 attempt=1
[12:52:05] DONE ugC_east_half_606 rc=0 744s ugC east/half seed=606 rescued=4 dead=0 unreachable=0 never_detected=0 ff_deaths=0 terminal=235 completions=4 recycles=4 removals=4 returns=4 wall=740s [valid 60/194]
[12:52:06] LAUNCH ugA_east_half_909 running=7 free_kb=3787800 sims_boxwide=6 attempt=1
[12:52:19] THROTTLE free_kb=2916400 <= 3500000 running=7
[12:52:21] .. alive runid=20260921-103106-1708 event_age=15s | wave=stock total=194 valid=60 running=7 pending=127 launched=67 failed=0 gaveup=0 forkfail=0 free_kb=2916400 sims_boxwide=7 last_event_age=13s last_event_epoch=1789987926
[12:53:21] .. alive runid=20260921-103106-1708 event_age=75s | wave=stock total=194 valid=60 running=7 pending=127 launched=67 failed=0 gaveup=0 forkfail=0 free_kb=2916400 sims_boxwide=7 last_event_age=13s last_event_epoch=1789987926
[12:54:22] .. alive runid=20260921-103106-1708 event_age=136s | wave=stock total=194 valid=60 running=7 pending=127 launched=67 failed=0 gaveup=0 forkfail=0 free_kb=2916400 sims_boxwide=7 last_event_age=13s last_event_epoch=1789987926
[12:55:22] .. alive runid=20260921-103106-1708 event_age=196s | wave=stock total=194 valid=60 running=7 pending=127 launched=67 failed=0 gaveup=0 forkfail=0 free_kb=2916400 sims_boxwide=7 last_event_age=13s last_event_epoch=1789987926
[12:56:22] .. alive runid=20260921-103106-1708 event_age=256s | wave=stock total=194 valid=60 running=7 pending=127 launched=67 failed=0 gaveup=0 forkfail=0 free_kb=2916400 sims_boxwide=7 last_event_age=13s last_event_epoch=1789987926
[12:57:12] DONE ugD_east_half_808 rc=0 428s ugD east/half seed=808 rescued=3 dead=1 unreachable=0 never_detected=0 ff_deaths=0 terminal=103 completions=3 recycles=3 removals=3 returns=3 wall=427s [valid 61/194]
[12:57:13] LAUNCH ugC_east_half_909 running=7 free_kb=3704712 sims_boxwide=6 attempt=1
[12:57:22] .. alive runid=20260921-103106-1708 event_age=9s | wave=stock total=194 valid=61 running=7 pending=126 launched=68 failed=0 gaveup=0 forkfail=0 free_kb=3704712 sims_boxwide=6 last_event_age=0s last_event_epoch=1789988233
[12:57:26] THROTTLE free_kb=2820852 <= 3500000 running=7
[12:57:30] DONE ugX_east_half_808 rc=0 432s ugX east/half seed=808 rescued=3 dead=1 unreachable=0 never_detected=0 ff_deaths=0 terminal=103 completions=3 recycles=3 removals=3 returns=3 wall=431s [valid 62/194]
[12:57:31] LAUNCH ugD_east_half_1010 running=7 free_kb=3724832 sims_boxwide=6 attempt=1
[12:57:43] THROTTLE free_kb=2847068 <= 3500000 running=7
[12:57:54] DONE ugA_east_half_808 rc=0 438s ugA east/half seed=808 rescued=3 dead=1 unreachable=0 never_detected=0 ff_deaths=0 terminal=103 completions=3 recycles=3 removals=3 returns=3 wall=437s [valid 63/194]
[12:57:55] LAUNCH ugX_east_half_1010 running=7 free_kb=3734200 sims_boxwide=6 attempt=1
[12:58:07] THROTTLE free_kb=2879556 <= 3500000 running=7
[12:58:19] DONE ugC_east_half_808 rc=0 451s ugC east/half seed=808 rescued=3 dead=1 unreachable=0 never_detected=0 ff_deaths=0 terminal=99 completions=3 recycles=3 removals=3 returns=3 wall=450s [valid 64/194]
[12:58:20] LAUNCH ugA_east_half_1010 running=7 free_kb=3751720 sims_boxwide=6 attempt=1
[12:58:22] .. alive runid=20260921-103106-1708 event_age=2s | wave=stock total=194 valid=64 running=7 pending=123 launched=71 failed=0 gaveup=0 forkfail=0 free_kb=3751720 sims_boxwide=6 last_event_age=0s last_event_epoch=1789988300
[12:58:33] THROTTLE free_kb=2858144 <= 3500000 running=7
[12:59:22] .. alive runid=20260921-103106-1708 event_age=62s | wave=stock total=194 valid=64 running=7 pending=123 launched=71 failed=0 gaveup=0 forkfail=0 free_kb=2858144 sims_boxwide=7 last_event_age=13s last_event_epoch=1789988300
[13:00:02] DONE ugX_east_half_909 rc=0 489s ugX east/half seed=909 rescued=4 dead=0 unreachable=0 never_detected=0 ff_deaths=0 terminal=117 completions=4 recycles=4 removals=4 returns=4 wall=487s [valid 65/194]
[13:00:02] LAUNCH ugC_east_half_1010 running=7 free_kb=4669540 sims_boxwide=5 attempt=1
[13:00:15] DONE ugD_east_half_909 rc=0 516s ugD east/half seed=909 rescued=4 dead=0 unreachable=0 never_detected=0 ff_deaths=0 terminal=117 completions=4 recycles=4 removals=4 returns=4 wall=501s [valid 66/194]
[13:00:16] LAUNCH ugD_south_half_606 running=7 free_kb=3811696 sims_boxwide=6 attempt=1
[13:00:22] .. alive runid=20260921-103106-1708 event_age=6s | wave=stock total=194 valid=66 running=7 pending=121 launched=73 failed=0 gaveup=0 forkfail=0 free_kb=3811696 sims_boxwide=6 last_event_age=0s last_event_epoch=1789988416
[13:00:28] DONE ugA_east_half_909 rc=0 502s ugA east/half seed=909 rescued=4 dead=0 unreachable=0 never_detected=0 ff_deaths=0 terminal=117 completions=4 recycles=4 removals=4 returns=4 wall=492s [valid 67/194]
[13:00:29] LAUNCH ugX_south_half_606 running=7 free_kb=3846488 sims_boxwide=6 attempt=1
[13:00:42] THROTTLE free_kb=2995092 <= 3500000 running=7
[13:01:22] .. alive runid=20260921-103106-1708 event_age=53s | wave=stock total=194 valid=67 running=7 pending=120 launched=74 failed=0 gaveup=0 forkfail=0 free_kb=2995092 sims_boxwide=7 last_event_age=13s last_event_epoch=1789988429
[13:02:22] .. alive runid=20260921-103106-1708 event_age=113s | wave=stock total=194 valid=67 running=7 pending=120 launched=74 failed=0 gaveup=0 forkfail=0 free_kb=2995092 sims_boxwide=7 last_event_age=13s last_event_epoch=1789988429
[13:03:22] .. alive runid=20260921-103106-1708 event_age=173s | wave=stock total=194 valid=67 running=7 pending=120 launched=74 failed=0 gaveup=0 forkfail=0 free_kb=2995092 sims_boxwide=7 last_event_age=13s last_event_epoch=1789988429
[13:04:22] .. alive runid=20260921-103106-1708 event_age=233s | wave=stock total=194 valid=67 running=7 pending=120 launched=74 failed=0 gaveup=0 forkfail=0 free_kb=2995092 sims_boxwide=7 last_event_age=13s last_event_epoch=1789988429
[13:05:00] DONE ugD_south_half_606 rc=0 283s ugD south/half seed=606 rescued=3 dead=1 unreachable=0 never_detected=0 ff_deaths=0 terminal=105 completions=3 recycles=3 removals=3 returns=3 wall=282s [valid 68/194]
[13:05:01] LAUNCH ugA_south_half_606 running=7 free_kb=3723016 sims_boxwide=6 attempt=1
[13:05:13] DONE ugD_east_half_1010 rc=0 462s ugD east/half seed=1010 rescued=3 dead=1 unreachable=0 never_detected=0 ff_deaths=0 terminal=105 completions=3 recycles=3 removals=3 returns=3 wall=459s [valid 69/194]
[13:05:14] LAUNCH ugC_south_half_606 running=7 free_kb=3791448 sims_boxwide=5 attempt=1
[13:05:23] .. alive runid=20260921-103106-1708 event_age=8s | wave=stock total=194 valid=69 running=7 pending=118 launched=76 failed=0 gaveup=0 forkfail=0 free_kb=3791448 sims_boxwide=5 last_event_age=0s last_event_epoch=1789988714
[13:05:26] DONE ugX_south_half_606 rc=0 297s ugX south/half seed=606 rescued=3 dead=1 unreachable=0 never_detected=0 ff_deaths=0 terminal=105 completions=3 recycles=3 removals=3 returns=3 wall=283s [valid 70/194]
[13:05:27] THROTTLE free_kb=2961620 <= 3500000 running=6
[13:05:28] DONE ugC_east_half_909 rc=0 495s ugC east/half seed=909 rescued=4 dead=0 unreachable=0 never_detected=0 ff_deaths=0 terminal=122 completions=4 recycles=4 removals=4 returns=4 wall=493s [valid 71/194]
[13:05:29] LAUNCH ugD_south_half_707 running=6 free_kb=3835792 sims_boxwide=5 attempt=1
[13:05:42] DONE ugX_east_half_1010 rc=0 466s ugX east/half seed=1010 rescued=3 dead=1 unreachable=0 never_detected=0 ff_deaths=0 terminal=105 completions=3 recycles=3 removals=3 returns=3 wall=465s [valid 72/194]
[13:05:43] LAUNCH ugX_south_half_707 running=6 free_kb=3862884 sims_boxwide=5 attempt=1
[13:05:55] DONE ugA_east_half_1010 rc=0 455s ugA east/half seed=1010 rescued=3 dead=1 unreachable=0 never_detected=0 ff_deaths=0 terminal=105 completions=3 recycles=3 removals=3 returns=3 wall=451s [valid 73/194]
[13:05:56] LAUNCH ugA_south_half_707 running=6 free_kb=3888656 sims_boxwide=5 attempt=1
[13:06:09] THROTTLE free_kb=2971532 <= 3500000 running=6
[13:06:23] .. alive runid=20260921-103106-1708 event_age=27s | wave=stock total=194 valid=73 running=6 pending=115 launched=79 failed=0 gaveup=0 forkfail=0 free_kb=2971532 sims_boxwide=6 last_event_age=13s last_event_epoch=1789988756
[13:07:23] .. alive runid=20260921-103106-1708 event_age=87s | wave=stock total=194 valid=73 running=6 pending=115 launched=79 failed=0 gaveup=0 forkfail=0 free_kb=2971532 sims_boxwide=6 last_event_age=13s last_event_epoch=1789988756
[13:07:50] DONE ugC_east_half_1010 rc=0 468s ugC east/half seed=1010 rescued=3 dead=1 unreachable=0 never_detected=0 ff_deaths=1 terminal=105 completions=3 recycles=3 removals=3 returns=3 wall=466s [valid 74/194]
[13:07:51] LAUNCH ugC_south_half_707 running=6 free_kb=3769560 sims_boxwide=5 attempt=1
[13:08:04] THROTTLE free_kb=2895576 <= 3500000 running=6
[13:08:23] .. alive runid=20260921-103106-1708 event_age=32s | wave=stock total=194 valid=74 running=6 pending=114 launched=80 failed=0 gaveup=0 forkfail=0 free_kb=2895576 sims_boxwide=6 last_event_age=13s last_event_epoch=1789988871
[13:09:23] .. alive runid=20260921-103106-1708 event_age=92s | wave=stock total=194 valid=74 running=6 pending=114 launched=80 failed=0 gaveup=0 forkfail=0 free_kb=2895576 sims_boxwide=6 last_event_age=13s last_event_epoch=1789988871
[13:09:39] DONE ugD_south_half_707 rc=0 250s ugD south/half seed=707 rescued=4 dead=0 unreachable=0 never_detected=0 ff_deaths=0 terminal=203 completions=4 recycles=4 removals=4 returns=4 wall=248s [valid 75/194]
[13:09:40] LAUNCH ugD_south_half_808 running=6 free_kb=3730384 sims_boxwide=5 attempt=1
[13:09:52] DONE ugX_south_half_707 rc=0 249s ugX south/half seed=707 rescued=4 dead=0 unreachable=0 never_detected=0 ff_deaths=0 terminal=203 completions=4 recycles=4 removals=4 returns=4 wall=243s [valid 76/194]
[13:09:53] LAUNCH ugX_south_half_808 running=6 free_kb=3765120 sims_boxwide=5 attempt=1
[13:10:05] DONE ugA_south_half_707 rc=0 249s ugA south/half seed=707 rescued=3 dead=1 unreachable=0 never_detected=0 ff_deaths=0 terminal=198 completions=3 recycles=3 removals=3 returns=3 wall=243s [valid 77/194]
[13:10:06] LAUNCH ugA_south_half_808 running=6 free_kb=3805848 sims_boxwide=5 attempt=1
[13:10:19] DONE ugA_south_half_606 rc=0 317s ugA south/half seed=606 rescued=3 dead=0 unreachable=0 never_detected=0 ff_deaths=1 terminal=None completions=3 recycles=3 removals=3 returns=3 wall=309s [valid 78/194]
[13:10:19] DONE ugC_south_half_606 rc=0 305s ugC south/half seed=606 rescued=3 dead=1 unreachable=0 never_detected=0 ff_deaths=1 terminal=106 completions=3 recycles=3 removals=3 returns=3 wall=295s [valid 79/194]
[13:10:20] LAUNCH ugC_south_half_808 running=5 free_kb=4720968 sims_boxwide=4 attempt=1
[13:10:23] .. alive runid=20260921-103106-1708 event_age=3s | wave=stock total=194 valid=79 running=5 pending=110 launched=84 failed=0 gaveup=0 forkfail=0 free_kb=4720968 sims_boxwide=4 last_event_age=0s last_event_epoch=1789989020
[13:10:33] LAUNCH ugD_south_half_909 running=6 free_kb=3847376 sims_boxwide=5 attempt=1
[13:10:46] THROTTLE free_kb=2967800 <= 3500000 running=6
[13:11:23] .. alive runid=20260921-103106-1708 event_age=50s | wave=stock total=194 valid=79 running=6 pending=109 launched=85 failed=0 gaveup=0 forkfail=0 free_kb=2967800 sims_boxwide=6 last_event_age=13s last_event_epoch=1789989033
[13:11:54] DONE ugC_south_half_707 rc=0 243s ugC south/half seed=707 rescued=4 dead=0 unreachable=0 never_detected=0 ff_deaths=0 terminal=203 completions=4 recycles=4 removals=4 returns=4 wall=242s [valid 80/194]
[13:11:55] LAUNCH ugX_south_half_909 running=6 free_kb=3777064 sims_boxwide=5 attempt=1
[13:12:08] THROTTLE free_kb=2853124 <= 3500000 running=6
[13:12:23] .. alive runid=20260921-103106-1708 event_age=28s | wave=stock total=194 valid=80 running=6 pending=108 launched=86 failed=0 gaveup=0 forkfail=0 free_kb=2853124 sims_boxwide=6 last_event_age=13s last_event_epoch=1789989115
[13:13:23] .. alive runid=20260921-103106-1708 event_age=88s | wave=stock total=194 valid=80 running=6 pending=108 launched=86 failed=0 gaveup=0 forkfail=0 free_kb=2853124 sims_boxwide=6 last_event_age=13s last_event_epoch=1789989115
[13:14:00] DONE ugD_south_half_808 rc=0 260s ugD south/half seed=808 rescued=2 dead=0 unreachable=0 never_detected=0 ff_deaths=1 terminal=None completions=2 recycles=2 removals=2 returns=2 wall=259s [valid 81/194]
[13:14:01] LAUNCH ugA_south_half_909 running=6 free_kb=3682556 sims_boxwide=5 attempt=1
[13:14:14] DONE ugX_south_half_808 rc=0 260s ugX south/half seed=808 rescued=2 dead=0 unreachable=0 never_detected=0 ff_deaths=1 terminal=None completions=2 recycles=2 removals=2 returns=2 wall=256s [valid 82/194]
[13:14:15] LAUNCH ugC_south_half_909 running=6 free_kb=3732732 sims_boxwide=5 attempt=1
[13:14:23] .. alive runid=20260921-103106-1708 event_age=8s | wave=stock total=194 valid=82 running=6 pending=106 launched=88 failed=0 gaveup=0 forkfail=0 free_kb=3732732 sims_boxwide=5 last_event_age=0s last_event_epoch=1789989255
[13:14:27] THROTTLE free_kb=2860716 <= 3500000 running=6
[13:14:36] DONE ugC_south_half_808 rc=0 255s ugC south/half seed=808 rescued=3 dead=0 unreachable=0 never_detected=0 ff_deaths=0 terminal=None completions=3 recycles=3 removals=3 returns=3 wall=254s [valid 83/194]
[13:14:37] LAUNCH ugD_south_half_1010 running=6 free_kb=3810440 sims_boxwide=5 attempt=1
[13:14:49] DONE ugA_south_half_808 rc=0 283s ugA south/half seed=808 rescued=2 dead=1 unreachable=0 never_detected=0 ff_deaths=1 terminal=None completions=2 recycles=2 removals=2 returns=2 wall=270s [valid 84/194]
[13:14:50] THROTTLE free_kb=2972488 <= 3500000 running=5
[13:15:23] .. alive runid=20260921-103106-1708 event_age=34s | wave=stock total=194 valid=84 running=5 pending=105 launched=89 failed=0 gaveup=0 forkfail=0 free_kb=2972488 sims_boxwide=5 last_event_age=1s last_event_epoch=1789989289
[13:16:23] .. alive runid=20260921-103106-1708 event_age=94s | wave=stock total=194 valid=84 running=5 pending=105 launched=89 failed=0 gaveup=0 forkfail=0 free_kb=2972488 sims_boxwide=5 last_event_age=1s last_event_epoch=1789989289
[13:16:42] DONE ugD_south_half_909 rc=0 369s ugD south/half seed=909 rescued=3 dead=0 unreachable=0 never_detected=0 ff_deaths=1 terminal=None completions=3 recycles=3 removals=3 returns=3 wall=368s [valid 85/194]
[13:16:43] LAUNCH ugX_south_half_1010 running=5 free_kb=3775708 sims_boxwide=4 attempt=1
[13:16:56] THROTTLE free_kb=2911988 <= 3500000 running=5
[13:17:24] .. alive runid=20260921-103106-1708 event_age=41s | wave=stock total=194 valid=85 running=5 pending=104 launched=90 failed=0 gaveup=0 forkfail=0 free_kb=2911988 sims_boxwide=5 last_event_age=13s last_event_epoch=1789989403
[13:18:04] DONE ugX_south_half_909 rc=0 369s ugX south/half seed=909 rescued=3 dead=0 unreachable=0 never_detected=0 ff_deaths=1 terminal=None completions=3 recycles=3 removals=3 returns=3 wall=368s [valid 86/194]
[13:18:05] LAUNCH ugA_south_half_1010 running=5 free_kb=3755156 sims_boxwide=4 attempt=1
[13:18:18] THROTTLE free_kb=2897104 <= 3500000 running=5
[13:18:24] .. alive runid=20260921-103106-1708 event_age=19s | wave=stock total=194 valid=86 running=5 pending=103 launched=91 failed=0 gaveup=0 forkfail=0 free_kb=2897104 sims_boxwide=5 last_event_age=13s last_event_epoch=1789989485
[13:19:24] .. alive runid=20260921-103106-1708 event_age=79s | wave=stock total=194 valid=86 running=5 pending=103 launched=91 failed=0 gaveup=0 forkfail=0 free_kb=2897104 sims_boxwide=5 last_event_age=13s last_event_epoch=1789989485
[13:19:26] DONE ugD_south_half_1010 rc=0 289s ugD south/half seed=1010 rescued=3 dead=1 unreachable=0 never_detected=0 ff_deaths=0 terminal=159 completions=3 recycles=3 removals=3 returns=3 wall=288s [valid 87/194]
[13:19:27] LAUNCH ugC_south_half_1010 running=5 free_kb=3771960 sims_boxwide=4 attempt=1
[13:19:40] THROTTLE free_kb=2917952 <= 3500000 running=5
[13:19:58] DONE ugA_south_half_909 rc=0 357s ugA south/half seed=909 rescued=2 dead=1 unreachable=0 never_detected=0 ff_deaths=1 terminal=None completions=2 recycles=2 removals=2 returns=2 wall=355s [valid 88/194]
[13:19:59] LAUNCH ugC_east_half_2070841104 running=5 free_kb=3810112 sims_boxwide=4 attempt=1
[13:20:12] THROTTLE free_kb=2909868 <= 3500000 running=5
[13:20:14] DONE ugC_south_half_909 rc=0 358s ugC south/half seed=909 rescued=4 dead=0 unreachable=0 never_detected=0 ff_deaths=0 terminal=233 completions=4 recycles=4 removals=4 returns=4 wall=357s [valid 89/194]
[13:20:15] LAUNCH ugD_east_half_2070841104 running=5 free_kb=3791268 sims_boxwide=4 attempt=1
[13:20:24] .. alive runid=20260921-103106-1708 event_age=9s | wave=stock total=194 valid=89 running=5 pending=100 launched=94 failed=0 gaveup=0 forkfail=0 free_kb=3791268 sims_boxwide=4 last_event_age=0s last_event_epoch=1789989615
[13:20:27] THROTTLE free_kb=2937152 <= 3500000 running=5
[13:21:24] .. alive runid=20260921-103106-1708 event_age=69s | wave=stock total=194 valid=89 running=5 pending=100 launched=94 failed=0 gaveup=0 forkfail=0 free_kb=2937152 sims_boxwide=5 last_event_age=12s last_event_epoch=1789989615
[13:21:36] DONE ugX_south_half_1010 rc=0 293s ugX south/half seed=1010 rescued=3 dead=1 unreachable=0 never_detected=0 ff_deaths=0 terminal=159 completions=3 recycles=3 removals=3 returns=3 wall=291s [valid 90/194]
[13:21:37] LAUNCH ugY_east_half_2070841104 running=5 free_kb=3710044 sims_boxwide=4 attempt=1
[13:21:50] THROTTLE free_kb=2846104 <= 3500000 running=5
[13:22:24] .. alive runid=20260921-103106-1708 event_age=47s | wave=stock total=194 valid=90 running=5 pending=99 launched=95 failed=0 gaveup=0 forkfail=0 free_kb=2846104 sims_boxwide=5 last_event_age=13s last_event_epoch=1789989697
[13:22:48] DONE ugA_south_half_1010 rc=0 283s ugA south/half seed=1010 rescued=3 dead=0 unreachable=0 never_detected=0 ff_deaths=0 terminal=None completions=3 recycles=3 removals=3 returns=3 wall=282s [valid 91/194]
[13:22:49] LAUNCH ugC_east_half_1147610331 running=5 free_kb=3725212 sims_boxwide=4 attempt=1
[13:23:02] LAUNCH ugD_east_half_1147610331 running=6 free_kb=3666236 sims_boxwide=5 attempt=1
[13:23:15] THROTTLE free_kb=1996984 <= 3500000 running=6
[13:23:24] .. alive runid=20260921-103106-1708 event_age=22s | wave=stock total=194 valid=91 running=6 pending=97 launched=97 failed=0 gaveup=0 forkfail=0 free_kb=1996984 sims_boxwide=6 last_event_age=13s last_event_epoch=1789989782
[13:24:07] DONE ugC_south_half_1010 rc=0 280s ugC south/half seed=1010 rescued=3 dead=1 unreachable=0 never_detected=0 ff_deaths=0 terminal=231 completions=3 recycles=3 removals=3 returns=3 wall=278s [valid 92/194]
[13:24:08] THROTTLE free_kb=2882492 <= 3500000 running=5
[13:24:24] .. alive runid=20260921-103106-1708 event_age=17s | wave=stock total=194 valid=92 running=5 pending=97 launched=97 failed=0 gaveup=0 forkfail=0 free_kb=2882492 sims_boxwide=5 last_event_age=1s last_event_epoch=1789989847
[13:25:24] .. alive runid=20260921-103106-1708 event_age=77s | wave=stock total=194 valid=92 running=5 pending=97 launched=97 failed=0 gaveup=0 forkfail=0 free_kb=2882492 sims_boxwide=5 last_event_age=1s last_event_epoch=1789989847
[13:26:24] .. alive runid=20260921-103106-1708 event_age=137s | wave=stock total=194 valid=92 running=5 pending=97 launched=97 failed=0 gaveup=0 forkfail=0 free_kb=2882492 sims_boxwide=5 last_event_age=1s last_event_epoch=1789989847
[13:27:24] .. alive runid=20260921-103106-1708 event_age=197s | wave=stock total=194 valid=92 running=5 pending=97 launched=97 failed=0 gaveup=0 forkfail=0 free_kb=2882492 sims_boxwide=5 last_event_age=1s last_event_epoch=1789989847
[13:28:19] DONE ugD_east_half_2070841104 rc=0 484s ugD east/half seed=2070841104 rescued=4 dead=0 unreachable=0 never_detected=0 ff_deaths=0 terminal=122 completions=4 recycles=4 removals=4 returns=4 wall=483s [valid 93/194]
[13:28:20] LAUNCH ugY_east_half_1147610331 running=5 free_kb=3653728 sims_boxwide=4 attempt=1
[13:28:24] .. alive runid=20260921-103106-1708 event_age=4s | wave=stock total=194 valid=93 running=5 pending=96 launched=98 failed=0 gaveup=0 forkfail=0 free_kb=3653728 sims_boxwide=4 last_event_age=0s last_event_epoch=1789990100
[13:28:33] THROTTLE free_kb=2771960 <= 3500000 running=5
[13:29:25] .. alive runid=20260921-103106-1708 event_age=65s | wave=stock total=194 valid=93 running=5 pending=96 launched=98 failed=0 gaveup=0 forkfail=0 free_kb=2771960 sims_boxwide=5 last_event_age=13s last_event_epoch=1789990100
[13:29:51] DONE ugY_east_half_2070841104 rc=0 494s ugY east/half seed=2070841104 rescued=4 dead=0 unreachable=0 never_detected=0 ff_deaths=0 terminal=122 completions=4 recycles=4 removals=4 returns=4 wall=493s [valid 94/194]
[13:29:52] LAUNCH ugC_east_half_1291443119 running=5 free_kb=3665608 sims_boxwide=4 attempt=1
[13:30:05] DONE ugC_east_half_1147610331 rc=0 435s ugC east/half seed=1147610331 rescued=2 dead=2 unreachable=0 never_detected=0 ff_deaths=0 terminal=93 completions=2 recycles=2 removals=2 returns=2 wall=429s [valid 95/194]
[13:30:06] LAUNCH ugD_east_half_1291443119 running=5 free_kb=3640216 sims_boxwide=4 attempt=1
[13:30:18] THROTTLE free_kb=2781456 <= 3500000 running=5
[13:30:22] DONE ugD_east_half_1147610331 rc=0 440s ugD east/half seed=1147610331 rescued=2 dead=2 unreachable=0 never_detected=0 ff_deaths=0 terminal=93 completions=2 recycles=2 removals=2 returns=2 wall=438s [valid 96/194]
[13:30:23] LAUNCH ugY_east_half_1291443119 running=5 free_kb=3678196 sims_boxwide=4 attempt=1
[13:30:25] .. alive runid=20260921-103106-1708 event_age=2s | wave=stock total=194 valid=96 running=5 pending=93 launched=101 failed=0 gaveup=0 forkfail=0 free_kb=3678196 sims_boxwide=4 last_event_age=0s last_event_epoch=1789990223
[13:30:36] THROTTLE free_kb=2841072 <= 3500000 running=5
[13:31:21] DONE ugC_east_half_2070841104 rc=0 681s ugC east/half seed=2070841104 rescued=3 dead=0 unreachable=0 never_detected=0 ff_deaths=0 terminal=None completions=3 recycles=3 removals=3 returns=3 wall=680s [valid 97/194]
[13:31:21] LAUNCH ugC_east_half_1433805104 running=5 free_kb=3745976 sims_boxwide=4 attempt=1
[13:31:25] .. alive runid=20260921-103106-1708 event_age=4s | wave=stock total=194 valid=97 running=5 pending=92 launched=102 failed=0 gaveup=0 forkfail=0 free_kb=3745976 sims_boxwide=4 last_event_age=0s last_event_epoch=1789990281
[13:31:34] THROTTLE free_kb=2943528 <= 3500000 running=5
[13:32:25] .. alive runid=20260921-103106-1708 event_age=64s | wave=stock total=194 valid=97 running=5 pending=92 launched=102 failed=0 gaveup=0 forkfail=0 free_kb=2943528 sims_boxwide=5 last_event_age=13s last_event_epoch=1789990281
[13:33:25] .. alive runid=20260921-103106-1708 event_age=124s | wave=stock total=194 valid=97 running=5 pending=92 launched=102 failed=0 gaveup=0 forkfail=0 free_kb=2943528 sims_boxwide=5 last_event_age=13s last_event_epoch=1789990281
[13:34:25] .. alive runid=20260921-103106-1708 event_age=184s | wave=stock total=194 valid=97 running=5 pending=92 launched=102 failed=0 gaveup=0 forkfail=0 free_kb=2943528 sims_boxwide=5 last_event_age=13s last_event_epoch=1789990281
[13:35:25] .. alive runid=20260921-103106-1708 event_age=244s | wave=stock total=194 valid=97 running=5 pending=92 launched=102 failed=0 gaveup=0 forkfail=0 free_kb=2943528 sims_boxwide=5 last_event_age=13s last_event_epoch=1789990281
[13:35:31] DONE ugY_east_half_1147610331 rc=0 431s ugY east/half seed=1147610331 rescued=2 dead=2 unreachable=0 never_detected=0 ff_deaths=0 terminal=93 completions=2 recycles=2 removals=2 returns=2 wall=429s [valid 98/194]
[13:35:32] LAUNCH ugD_east_half_1433805104 running=5 free_kb=3766048 sims_boxwide=4 attempt=1
[13:35:45] THROTTLE free_kb=2893412 <= 3500000 running=5
[13:36:25] .. alive runid=20260921-103106-1708 event_age=53s | wave=stock total=194 valid=98 running=5 pending=91 launched=103 failed=0 gaveup=0 forkfail=0 free_kb=2893412 sims_boxwide=5 last_event_age=13s last_event_epoch=1789990532
[13:37:25] .. alive runid=20260921-103106-1708 event_age=113s | wave=stock total=194 valid=98 running=5 pending=91 launched=103 failed=0 gaveup=0 forkfail=0 free_kb=2893412 sims_boxwide=5 last_event_age=13s last_event_epoch=1789990532
[13:38:25] .. alive runid=20260921-103106-1708 event_age=173s | wave=stock total=194 valid=98 running=5 pending=91 launched=103 failed=0 gaveup=0 forkfail=0 free_kb=2893412 sims_boxwide=5 last_event_age=13s last_event_epoch=1789990532
[13:38:27] DONE ugD_east_half_1291443119 rc=0 501s ugD east/half seed=1291443119 rescued=3 dead=1 unreachable=0 never_detected=0 ff_deaths=1 terminal=150 completions=3 recycles=3 removals=3 returns=3 wall=500s [valid 99/194]
[13:38:28] LAUNCH ugY_east_half_1433805104 running=5 free_kb=3707960 sims_boxwide=4 attempt=1
[13:38:41] THROTTLE free_kb=2828248 <= 3500000 running=5
[13:38:49] DONE ugC_east_half_1291443119 rc=0 537s ugC east/half seed=1291443119 rescued=3 dead=1 unreachable=0 never_detected=0 ff_deaths=1 terminal=168 completions=3 recycles=3 removals=3 returns=3 wall=535s [valid 100/194]
[13:38:50] LAUNCH ugC_east_half_1636723358 running=5 free_kb=3749484 sims_boxwide=4 attempt=1
[13:39:02] DONE ugY_east_half_1291443119 rc=0 519s ugY east/half seed=1291443119 rescued=3 dead=1 unreachable=0 never_detected=0 ff_deaths=1 terminal=150 completions=3 recycles=3 removals=3 returns=3 wall=507s [valid 101/194]
[13:39:03] LAUNCH ugD_east_half_1636723358 running=5 free_kb=3785148 sims_boxwide=4 attempt=1
[13:39:16] THROTTLE free_kb=2900540 <= 3500000 running=5
[13:39:25] .. alive runid=20260921-103106-1708 event_age=22s | wave=stock total=194 valid=101 running=5 pending=88 launched=106 failed=0 gaveup=0 forkfail=0 free_kb=2900540 sims_boxwide=5 last_event_age=13s last_event_epoch=1789990743
[13:40:25] .. alive runid=20260921-103106-1708 event_age=82s | wave=stock total=194 valid=101 running=5 pending=88 launched=106 failed=0 gaveup=0 forkfail=0 free_kb=2900540 sims_boxwide=5 last_event_age=13s last_event_epoch=1789990743
[13:41:18] DONE ugC_east_half_1433805104 rc=0 597s ugC east/half seed=1433805104 rescued=4 dead=0 unreachable=0 never_detected=0 ff_deaths=0 terminal=199 completions=4 recycles=4 removals=4 returns=4 wall=595s [valid 102/194]
[13:41:19] LAUNCH ugY_east_half_1636723358 running=5 free_kb=5545424 sims_boxwide=4 attempt=1
[13:41:26] .. alive runid=20260921-103106-1708 event_age=7s | wave=stock total=194 valid=102 running=5 pending=87 launched=107 failed=0 gaveup=0 forkfail=0 free_kb=5545424 sims_boxwide=4 last_event_age=0s last_event_epoch=1789990879
[13:41:32] LAUNCH ugC_east_half_1252362635 running=6 free_kb=4673980 sims_boxwide=5 attempt=1
[13:41:45] LAUNCH ugD_east_half_1252362635 running=7 free_kb=3789976 sims_boxwide=6 attempt=1
[13:41:58] THROTTLE free_kb=2918036 <= 3500000 running=7
[13:42:26] .. alive runid=20260921-103106-1708 event_age=41s | wave=stock total=194 valid=102 running=7 pending=85 launched=109 failed=0 gaveup=0 forkfail=0 free_kb=2918036 sims_boxwide=7 last_event_age=13s last_event_epoch=1789990905
[13:43:26] .. alive runid=20260921-103106-1708 event_age=101s | wave=stock total=194 valid=102 running=7 pending=85 launched=109 failed=0 gaveup=0 forkfail=0 free_kb=2918036 sims_boxwide=7 last_event_age=13s last_event_epoch=1789990905
[13:44:26] .. alive runid=20260921-103106-1708 event_age=161s | wave=stock total=194 valid=102 running=7 pending=85 launched=109 failed=0 gaveup=0 forkfail=0 free_kb=2918036 sims_boxwide=7 last_event_age=13s last_event_epoch=1789990905
[13:45:26] .. alive runid=20260921-103106-1708 event_age=221s | wave=stock total=194 valid=102 running=7 pending=85 launched=109 failed=0 gaveup=0 forkfail=0 free_kb=2918036 sims_boxwide=7 last_event_age=13s last_event_epoch=1789990905
[13:46:09] DONE ugC_east_half_1636723358 rc=0 438s ugC east/half seed=1636723358 rescued=3 dead=1 unreachable=0 never_detected=0 ff_deaths=0 terminal=106 completions=3 recycles=3 removals=3 returns=3 wall=437s [valid 103/194]
[13:46:09] LAUNCH ugY_east_half_1252362635 running=7 free_kb=5461340 sims_boxwide=6 attempt=1
[13:46:22] LAUNCH ugC_east_half_294124329 running=8 free_kb=4598084 sims_boxwide=7 attempt=1
[13:46:26] .. alive runid=20260921-103106-1708 event_age=4s | wave=stock total=194 valid=103 running=8 pending=83 launched=111 failed=0 gaveup=0 forkfail=0 free_kb=4598084 sims_boxwide=7 last_event_age=0s last_event_epoch=1789991182
[13:46:35] DONE ugD_east_half_1636723358 rc=0 452s ugD east/half seed=1636723358 rescued=3 dead=1 unreachable=0 never_detected=0 ff_deaths=0 terminal=105 completions=3 recycles=3 removals=3 returns=3 wall=444s [valid 104/194]
[13:46:36] LAUNCH ugD_east_half_294124329 running=8 free_kb=4618468 sims_boxwide=7 attempt=1
[13:47:19] DONE ugD_east_half_1433805104 rc=0 707s ugD east/half seed=1433805104 rescued=3 dead=0 unreachable=0 never_detected=0 ff_deaths=0 terminal=None completions=3 recycles=3 removals=3 returns=3 wall=706s [valid 105/194]
[13:47:20] LAUNCH ugY_east_half_294124329 running=8 free_kb=5427956 sims_boxwide=7 attempt=1
[13:47:26] .. alive runid=20260921-103106-1708 event_age=6s | wave=stock total=194 valid=105 running=8 pending=81 launched=113 failed=0 gaveup=0 forkfail=0 free_kb=5427956 sims_boxwide=7 last_event_age=0s last_event_epoch=1789991240
[13:48:26] .. alive runid=20260921-103106-1708 event_age=66s | wave=stock total=194 valid=105 running=8 pending=81 launched=113 failed=0 gaveup=0 forkfail=0 free_kb=5427956 sims_boxwide=7 last_event_age=0s last_event_epoch=1789991240
[13:48:36] DONE ugY_east_half_1636723358 rc=0 437s ugY east/half seed=1636723358 rescued=3 dead=1 unreachable=0 never_detected=0 ff_deaths=0 terminal=105 completions=3 recycles=3 removals=3 returns=3 wall=435s [valid 106/194]
[13:48:37] LAUNCH ugC_east_half_1723100518 running=8 free_kb=5426484 sims_boxwide=7 attempt=1
[13:49:26] .. alive runid=20260921-103106-1708 event_age=49s | wave=stock total=194 valid=106 running=8 pending=80 launched=114 failed=0 gaveup=0 forkfail=0 free_kb=5426484 sims_boxwide=7 last_event_age=0s last_event_epoch=1789991317
[13:50:14] DONE ugY_east_half_1433805104 rc=0 706s ugY east/half seed=1433805104 rescued=3 dead=0 unreachable=0 never_detected=0 ff_deaths=0 terminal=None completions=3 recycles=3 removals=3 returns=3 wall=705s [valid 107/194]
[13:50:15] LAUNCH ugD_east_half_1723100518 running=8 free_kb=5476464 sims_boxwide=7 attempt=1
[13:50:26] .. alive runid=20260921-103106-1708 event_age=11s | wave=stock total=194 valid=107 running=8 pending=79 launched=115 failed=0 gaveup=0 forkfail=0 free_kb=5476464 sims_boxwide=7 last_event_age=0s last_event_epoch=1789991415
[13:51:26] .. alive runid=20260921-103106-1708 event_age=71s | wave=stock total=194 valid=107 running=8 pending=79 launched=115 failed=0 gaveup=0 forkfail=0 free_kb=5476464 sims_boxwide=7 last_event_age=0s last_event_epoch=1789991415
[13:52:26] .. alive runid=20260921-103106-1708 event_age=131s | wave=stock total=194 valid=107 running=8 pending=79 launched=115 failed=0 gaveup=0 forkfail=0 free_kb=5476464 sims_boxwide=7 last_event_age=0s last_event_epoch=1789991415
[13:53:01] DONE ugC_east_half_1252362635 rc=0 689s ugC east/half seed=1252362635 rescued=4 dead=0 unreachable=0 never_detected=0 ff_deaths=0 terminal=220 completions=4 recycles=4 removals=4 returns=4 wall=687s [valid 108/194]
[13:53:02] LAUNCH ugY_east_half_1723100518 running=8 free_kb=3608280 sims_boxwide=9 attempt=1
[13:53:26] .. alive runid=20260921-103106-1708 event_age=24s | wave=stock total=194 valid=108 running=8 pending=78 launched=116 failed=0 gaveup=0 forkfail=0 free_kb=3608280 sims_boxwide=9 last_event_age=0s last_event_epoch=1789991582
[13:54:06] DONE ugD_east_half_1252362635 rc=0 741s ugD east/half seed=1252362635 rescued=2 dead=0 unreachable=0 never_detected=0 ff_deaths=0 terminal=None completions=2 recycles=2 removals=2 returns=2 wall=739s [valid 109/194]
[13:54:07] LAUNCH ugC_east_half_1532569567 running=8 free_kb=3623784 sims_boxwide=9 attempt=1
[13:54:19] DONE ugC_east_half_294124329 rc=0 477s ugC east/half seed=294124329 rescued=4 dead=0 unreachable=0 never_detected=0 ff_deaths=0 terminal=142 completions=4 recycles=4 removals=4 returns=4 wall=470s [valid 110/194]
[13:54:20] LAUNCH ugD_east_half_1532569567 running=8 free_kb=3647476 sims_boxwide=9 attempt=1
[13:54:27] .. alive runid=20260921-103106-1708 event_age=7s | wave=stock total=194 valid=110 running=8 pending=76 launched=118 failed=0 gaveup=0 forkfail=0 free_kb=3647476 sims_boxwide=9 last_event_age=0s last_event_epoch=1789991660
[13:54:32] DONE ugD_east_half_294124329 rc=0 476s ugD east/half seed=294124329 rescued=4 dead=0 unreachable=0 never_detected=0 ff_deaths=0 terminal=143 completions=4 recycles=4 removals=4 returns=4 wall=473s [valid 111/194]
[13:54:33] LAUNCH ugY_east_half_1532569567 running=8 free_kb=3667100 sims_boxwide=9 attempt=1
[13:55:12] DONE ugY_east_half_294124329 rc=0 472s ugY east/half seed=294124329 rescued=4 dead=0 unreachable=0 never_detected=0 ff_deaths=0 terminal=143 completions=4 recycles=4 removals=4 returns=4 wall=471s [valid 112/194]
[13:55:13] LAUNCH ugC_east_half_498896028 running=8 free_kb=3659260 sims_boxwide=9 attempt=1
[13:55:25] DONE ugC_east_half_1723100518 rc=0 408s ugC east/half seed=1723100518 rescued=2 dead=2 unreachable=0 never_detected=0 ff_deaths=0 terminal=111 completions=2 recycles=2 removals=2 returns=2 wall=396s [valid 113/194]
[13:55:26] LAUNCH ugD_east_half_498896028 running=8 free_kb=3683472 sims_boxwide=9 attempt=1
[13:55:27] .. alive runid=20260921-103106-1708 event_age=1s | wave=stock total=194 valid=113 running=8 pending=73 launched=121 failed=0 gaveup=0 forkfail=0 free_kb=3683472 sims_boxwide=9 last_event_age=0s last_event_epoch=1789991726
[13:56:27] .. alive runid=20260921-103106-1708 event_age=61s | wave=stock total=194 valid=113 running=8 pending=73 launched=121 failed=0 gaveup=0 forkfail=0 free_kb=3683472 sims_boxwide=9 last_event_age=0s last_event_epoch=1789991726
[13:56:54] DONE ugD_east_half_1723100518 rc=0 399s ugD east/half seed=1723100518 rescued=2 dead=2 unreachable=0 never_detected=0 ff_deaths=0 terminal=96 completions=2 recycles=2 removals=2 returns=2 wall=397s [valid 114/194]
[13:56:55] LAUNCH ugY_east_half_498896028 running=8 free_kb=3651888 sims_boxwide=9 attempt=1
[13:57:07] DONE ugY_east_half_1252362635 rc=0 658s ugY east/half seed=1252362635 rescued=4 dead=0 unreachable=0 never_detected=0 ff_deaths=1 terminal=208 completions=4 recycles=4 removals=4 returns=4 wall=655s [valid 115/194]
[13:57:08] LAUNCH ugC_east_half_1401495347 running=8 free_kb=3662344 sims_boxwide=9 attempt=1
[13:57:27] .. alive runid=20260921-103106-1708 event_age=19s | wave=stock total=194 valid=115 running=8 pending=71 launched=123 failed=0 gaveup=0 forkfail=0 free_kb=3662344 sims_boxwide=9 last_event_age=0s last_event_epoch=1789991828
[13:58:27] .. alive runid=20260921-103106-1708 event_age=79s | wave=stock total=194 valid=115 running=8 pending=71 launched=123 failed=0 gaveup=0 forkfail=0 free_kb=3662344 sims_boxwide=9 last_event_age=0s last_event_epoch=1789991828
[13:59:27] .. alive runid=20260921-103106-1708 event_age=139s | wave=stock total=194 valid=115 running=8 pending=71 launched=123 failed=0 gaveup=0 forkfail=0 free_kb=3662344 sims_boxwide=9 last_event_age=0s last_event_epoch=1789991828
[13:59:38] DONE ugY_east_half_1723100518 rc=0 396s ugY east/half seed=1723100518 rescued=2 dead=2 unreachable=0 never_detected=0 ff_deaths=0 terminal=96 completions=2 recycles=2 removals=2 returns=2 wall=395s [valid 116/194]
[13:59:39] LAUNCH ugD_east_half_1401495347 running=8 free_kb=3652328 sims_boxwide=9 attempt=1
[14:00:27] .. alive runid=20260921-103106-1708 event_age=48s | wave=stock total=194 valid=116 running=8 pending=70 launched=124 failed=0 gaveup=0 forkfail=0 free_kb=3652328 sims_boxwide=9 last_event_age=0s last_event_epoch=1789991979
[14:01:27] .. alive runid=20260921-103106-1708 event_age=108s | wave=stock total=194 valid=116 running=8 pending=70 launched=124 failed=0 gaveup=0 forkfail=0 free_kb=3652328 sims_boxwide=9 last_event_age=0s last_event_epoch=1789991979
[14:02:13] DONE ugC_east_half_1532569567 rc=0 486s ugC east/half seed=1532569567 rescued=4 dead=0 unreachable=0 never_detected=0 ff_deaths=0 terminal=160 completions=4 recycles=4 removals=4 returns=4 wall=485s [valid 117/194]
[14:02:14] LAUNCH ugY_east_half_1401495347 running=8 free_kb=3652796 sims_boxwide=9 attempt=1
[14:02:27] .. alive runid=20260921-103106-1708 event_age=13s | wave=stock total=194 valid=117 running=8 pending=69 launched=125 failed=0 gaveup=0 forkfail=0 free_kb=3652796 sims_boxwide=9 last_event_age=0s last_event_epoch=1789992134
[14:03:27] .. alive runid=20260921-103106-1708 event_age=73s | wave=stock total=194 valid=117 running=8 pending=69 launched=125 failed=0 gaveup=0 forkfail=0 free_kb=3652796 sims_boxwide=9 last_event_age=0s last_event_epoch=1789992134
[14:04:10] DONE ugD_east_half_1532569567 rc=0 589s ugD east/half seed=1532569567 rescued=3 dead=0 unreachable=1 never_detected=0 ff_deaths=1 terminal=215 completions=3 recycles=3 removals=3 returns=3 wall=588s [valid 118/194]
[14:04:11] LAUNCH ugC_east_half_133894353 running=8 free_kb=3661016 sims_boxwide=9 attempt=1
[14:04:27] .. alive runid=20260921-103106-1708 event_age=16s | wave=stock total=194 valid=118 running=8 pending=68 launched=126 failed=0 gaveup=0 forkfail=0 free_kb=3661016 sims_boxwide=9 last_event_age=0s last_event_epoch=1789992251
[14:04:34] DONE ugY_east_half_1532569567 rc=0 600s ugY east/half seed=1532569567 rescued=3 dead=0 unreachable=1 never_detected=0 ff_deaths=1 terminal=215 completions=3 recycles=3 removals=3 returns=3 wall=599s [valid 119/194]
[14:04:35] LAUNCH ugD_east_half_133894353 running=8 free_kb=3664596 sims_boxwide=9 attempt=1
[14:05:27] .. alive runid=20260921-103106-1708 event_age=52s | wave=stock total=194 valid=119 running=8 pending=67 launched=127 failed=0 gaveup=0 forkfail=0 free_kb=3664596 sims_boxwide=9 last_event_age=0s last_event_epoch=1789992275
[14:05:28] DONE ugC_east_half_1401495347 rc=0 500s ugC east/half seed=1401495347 rescued=4 dead=0 unreachable=0 never_detected=0 ff_deaths=0 terminal=149 completions=4 recycles=4 removals=4 returns=4 wall=498s [valid 120/194]
[14:05:29] LAUNCH ugY_east_half_133894353 running=8 free_kb=3670620 sims_boxwide=9 attempt=1
[14:06:13] DONE ugC_east_half_498896028 rc=0 660s ugC east/half seed=498896028 rescued=4 dead=0 unreachable=0 never_detected=0 ff_deaths=0 terminal=210 completions=4 recycles=4 removals=4 returns=4 wall=658s [valid 121/194]
[14:06:14] LAUNCH ugC_east_half_1788979460 running=8 free_kb=3675368 sims_boxwide=9 attempt=1
[14:06:28] .. alive runid=20260921-103106-1708 event_age=14s | wave=stock total=194 valid=121 running=8 pending=65 launched=129 failed=0 gaveup=0 forkfail=0 free_kb=3675368 sims_boxwide=9 last_event_age=0s last_event_epoch=1789992374
[14:07:24] DONE ugD_east_half_498896028 rc=0 717s ugD east/half seed=498896028 rescued=3 dead=0 unreachable=0 never_detected=0 ff_deaths=0 terminal=None completions=3 recycles=3 removals=3 returns=3 wall=716s [valid 122/194]
[14:07:24] LAUNCH ugD_east_half_1788979460 running=8 free_kb=3681480 sims_boxwide=9 attempt=1
[14:07:28] .. alive runid=20260921-103106-1708 event_age=4s | wave=stock total=194 valid=122 running=8 pending=64 launched=130 failed=0 gaveup=0 forkfail=0 free_kb=3681480 sims_boxwide=9 last_event_age=0s last_event_epoch=1789992444
[14:08:25] DONE ugD_east_half_1401495347 rc=0 526s ugD east/half seed=1401495347 rescued=3 dead=1 unreachable=0 never_detected=0 ff_deaths=0 terminal=180 completions=3 recycles=3 removals=3 returns=3 wall=525s [valid 123/194]
[14:08:26] LAUNCH ugY_east_half_1788979460 running=8 free_kb=3693200 sims_boxwide=9 attempt=1
[14:08:28] .. alive runid=20260921-103106-1708 event_age=2s | wave=stock total=194 valid=123 running=8 pending=63 launched=131 failed=0 gaveup=0 forkfail=0 free_kb=3693200 sims_boxwide=9 last_event_age=0s last_event_epoch=1789992506
[14:09:28] .. alive runid=20260921-103106-1708 event_age=62s | wave=stock total=194 valid=123 running=8 pending=63 launched=131 failed=0 gaveup=0 forkfail=0 free_kb=3693200 sims_boxwide=9 last_event_age=0s last_event_epoch=1789992506
[14:09:42] DONE ugY_east_half_498896028 rc=0 766s ugY east/half seed=498896028 rescued=3 dead=0 unreachable=0 never_detected=0 ff_deaths=0 terminal=None completions=3 recycles=3 removals=3 returns=3 wall=765s [valid 124/194]
[14:09:43] LAUNCH ugC_south_half_1486866530 running=8 free_kb=3701780 sims_boxwide=9 attempt=1
[14:10:28] .. alive runid=20260921-103106-1708 event_age=45s | wave=stock total=194 valid=124 running=8 pending=62 launched=132 failed=0 gaveup=0 forkfail=0 free_kb=3701780 sims_boxwide=9 last_event_age=0s last_event_epoch=1789992583
[14:11:02] DONE ugY_east_half_1401495347 rc=0 528s ugY east/half seed=1401495347 rescued=3 dead=1 unreachable=0 never_detected=0 ff_deaths=0 terminal=171 completions=3 recycles=3 removals=3 returns=3 wall=526s [valid 125/194]
[14:11:03] LAUNCH ugD_south_half_1486866530 running=8 free_kb=3698096 sims_boxwide=9 attempt=1
[14:11:28] .. alive runid=20260921-103106-1708 event_age=25s | wave=stock total=194 valid=125 running=8 pending=61 launched=133 failed=0 gaveup=0 forkfail=0 free_kb=3698096 sims_boxwide=9 last_event_age=0s last_event_epoch=1789992663
[14:12:28] .. alive runid=20260921-103106-1708 event_age=85s | wave=stock total=194 valid=125 running=8 pending=61 launched=133 failed=0 gaveup=0 forkfail=0 free_kb=3698096 sims_boxwide=9 last_event_age=0s last_event_epoch=1789992663
[14:13:28] .. alive runid=20260921-103106-1708 event_age=145s | wave=stock total=194 valid=125 running=8 pending=61 launched=133 failed=0 gaveup=0 forkfail=0 free_kb=3698096 sims_boxwide=9 last_event_age=0s last_event_epoch=1789992663
[14:14:28] .. alive runid=20260921-103106-1708 event_age=205s | wave=stock total=194 valid=125 running=8 pending=61 launched=133 failed=0 gaveup=0 forkfail=0 free_kb=3698096 sims_boxwide=9 last_event_age=0s last_event_epoch=1789992663
[14:14:57] DONE ugC_south_half_1486866530 rc=0 314s ugC south/half seed=1486866530 rescued=3 dead=1 unreachable=0 never_detected=0 ff_deaths=0 terminal=210 completions=3 recycles=3 removals=3 returns=3 wall=313s [valid 126/194]
[14:14:58] LAUNCH ugY_south_half_1486866530 running=8 free_kb=3624708 sims_boxwide=9 attempt=1
[14:15:28] .. alive runid=20260921-103106-1708 event_age=30s | wave=stock total=194 valid=126 running=8 pending=60 launched=134 failed=0 gaveup=0 forkfail=0 free_kb=3624708 sims_boxwide=9 last_event_age=0s last_event_epoch=1789992898
[14:16:25] DONE ugD_south_half_1486866530 rc=0 322s ugD south/half seed=1486866530 rescued=3 dead=0 unreachable=1 never_detected=1 ff_deaths=0 terminal=210 completions=3 recycles=3 removals=3 returns=3 wall=321s [valid 127/194]
[14:16:26] LAUNCH ugC_south_half_536769381 running=8 free_kb=3580884 sims_boxwide=9 attempt=1
[14:16:28] .. alive runid=20260921-103106-1708 event_age=2s | wave=stock total=194 valid=127 running=8 pending=59 launched=135 failed=0 gaveup=0 forkfail=0 free_kb=3580884 sims_boxwide=9 last_event_age=0s last_event_epoch=1789992986
[14:16:39] DONE ugC_east_half_133894353 rc=0 747s ugC east/half seed=133894353 rescued=4 dead=0 unreachable=0 never_detected=0 ff_deaths=0 terminal=238 completions=4 recycles=3 removals=4 returns=3 wall=743s [valid 128/194]
[14:16:39] DONE ugC_east_half_1788979460 rc=0 625s ugC east/half seed=1788979460 rescued=3 dead=0 unreachable=1 never_detected=1 ff_deaths=1 terminal=210 completions=3 recycles=3 removals=3 returns=3 wall=620s [valid 129/194]
[14:16:40] LAUNCH ugD_south_half_536769381 running=7 free_kb=4500336 sims_boxwide=8 attempt=1
[14:16:53] LAUNCH ugY_south_half_536769381 running=8 free_kb=3605668 sims_boxwide=9 attempt=1
[14:17:28] .. alive runid=20260921-103106-1708 event_age=35s | wave=stock total=194 valid=129 running=8 pending=57 launched=137 failed=0 gaveup=0 forkfail=0 free_kb=3605668 sims_boxwide=9 last_event_age=0s last_event_epoch=1789993013
[14:17:55] DONE ugD_east_half_133894353 rc=0 800s ugD east/half seed=133894353 rescued=3 dead=0 unreachable=0 never_detected=0 ff_deaths=1 terminal=None completions=3 recycles=3 removals=3 returns=3 wall=799s [valid 130/194]
[14:17:56] LAUNCH ugC_south_half_791464433 running=8 free_kb=3511432 sims_boxwide=9 attempt=1
[14:18:09] DONE ugY_east_half_133894353 rc=0 759s ugY east/half seed=133894353 rescued=3 dead=0 unreachable=0 never_detected=0 ff_deaths=1 terminal=None completions=3 recycles=3 removals=3 returns=3 wall=749s [valid 131/194]
[14:18:09] THROTTLE free_kb=3482596 <= 3500000 running=7
[14:18:29] .. alive runid=20260921-103106-1708 event_age=21s | wave=stock total=194 valid=131 running=7 pending=56 launched=138 failed=0 gaveup=0 forkfail=0 free_kb=3482596 sims_boxwide=9 last_event_age=1s last_event_epoch=1789993088
[14:18:29] DONE ugD_east_half_1788979460 rc=0 665s ugD east/half seed=1788979460 rescued=4 dead=0 unreachable=0 never_detected=0 ff_deaths=0 terminal=209 completions=4 recycles=4 removals=4 returns=4 wall=663s [valid 132/194]
[14:18:30] LAUNCH ugD_south_half_791464433 running=7 free_kb=4394776 sims_boxwide=8 attempt=1
[14:18:43] LAUNCH ugY_south_half_791464433 running=8 free_kb=3535436 sims_boxwide=9 attempt=1
[14:19:01] DONE ugY_east_half_1788979460 rc=0 635s ugY east/half seed=1788979460 rescued=3 dead=0 unreachable=1 never_detected=1 ff_deaths=0 terminal=210 completions=3 recycles=3 removals=3 returns=3 wall=634s [valid 133/194]
[14:19:02] LAUNCH ugC_south_half_706299103 running=8 free_kb=3505140 sims_boxwide=9 attempt=1
[14:19:29] .. alive runid=20260921-103106-1708 event_age=27s | wave=stock total=194 valid=133 running=8 pending=53 launched=141 failed=0 gaveup=0 forkfail=0 free_kb=3505140 sims_boxwide=9 last_event_age=0s last_event_epoch=1789993142
[14:20:05] DONE ugC_south_half_536769381 rc=0 218s ugC south/half seed=536769381 rescued=4 dead=0 unreachable=0 never_detected=0 ff_deaths=0 terminal=114 completions=4 recycles=4 removals=4 returns=4 wall=216s [valid 134/194]
[14:20:05] LAUNCH ugD_south_half_706299103 running=8 free_kb=3585516 sims_boxwide=9 attempt=1
[14:20:18] DONE ugY_south_half_1486866530 rc=0 320s ugY south/half seed=1486866530 rescued=3 dead=1 unreachable=0 never_detected=0 ff_deaths=1 terminal=210 completions=3 recycles=3 removals=3 returns=3 wall=309s [valid 135/194]
[14:20:19] LAUNCH ugY_south_half_706299103 running=8 free_kb=3611968 sims_boxwide=9 attempt=1
[14:20:29] .. alive runid=20260921-103106-1708 event_age=10s | wave=stock total=194 valid=135 running=8 pending=51 launched=143 failed=0 gaveup=0 forkfail=0 free_kb=3611968 sims_boxwide=9 last_event_age=0s last_event_epoch=1789993219
[14:20:31] DONE ugD_south_half_536769381 rc=0 231s ugD south/half seed=536769381 rescued=4 dead=0 unreachable=0 never_detected=0 ff_deaths=0 terminal=118 completions=4 recycles=4 removals=4 returns=4 wall=224s [valid 136/194]
[14:20:32] LAUNCH ugC_south_half_1364948962 running=8 free_kb=3656080 sims_boxwide=9 attempt=1
[14:20:44] DONE ugY_south_half_536769381 rc=0 231s ugY south/half seed=536769381 rescued=4 dead=0 unreachable=0 never_detected=0 ff_deaths=0 terminal=118 completions=4 recycles=4 removals=4 returns=4 wall=222s [valid 137/194]
[14:20:45] LAUNCH ugD_south_half_1364948962 running=8 free_kb=3664636 sims_boxwide=9 attempt=1
[14:21:29] .. alive runid=20260921-103106-1708 event_age=44s | wave=stock total=194 valid=137 running=8 pending=49 launched=145 failed=0 gaveup=0 forkfail=0 free_kb=3664636 sims_boxwide=9 last_event_age=0s last_event_epoch=1789993245
[14:22:29] .. alive runid=20260921-103106-1708 event_age=104s | wave=stock total=194 valid=137 running=8 pending=49 launched=145 failed=0 gaveup=0 forkfail=0 free_kb=3664636 sims_boxwide=9 last_event_age=0s last_event_epoch=1789993245
[14:23:12] DONE ugC_south_half_1364948962 rc=0 160s ugC south/half seed=1364948962 rescued=4 dead=0 unreachable=0 never_detected=0 ff_deaths=0 terminal=142 completions=4 recycles=4 removals=4 returns=4 wall=158s [valid 138/194]
[14:23:13] LAUNCH ugY_south_half_1364948962 running=8 free_kb=3562336 sims_boxwide=9 attempt=1
[14:23:25] DONE ugD_south_half_1364948962 rc=0 160s ugD south/half seed=1364948962 rescued=4 dead=0 unreachable=0 never_detected=0 ff_deaths=0 terminal=140 completions=4 recycles=4 removals=4 returns=4 wall=148s [valid 139/194]
[14:23:25] DONE ugC_south_half_706299103 rc=0 263s ugC south/half seed=706299103 rescued=4 dead=0 unreachable=0 never_detected=0 ff_deaths=0 terminal=194 completions=4 recycles=4 removals=4 returns=4 wall=259s [valid 140/194]
[14:23:26] LAUNCH ugC_south_half_937041678 running=7 free_kb=4477504 sims_boxwide=8 attempt=1
[14:23:29] .. alive runid=20260921-103106-1708 event_age=3s | wave=stock total=194 valid=140 running=7 pending=47 launched=147 failed=0 gaveup=0 forkfail=0 free_kb=4477504 sims_boxwide=8 last_event_age=0s last_event_epoch=1789993406
[14:23:38] DONE ugC_south_half_791464433 rc=0 342s ugC south/half seed=791464433 rescued=4 dead=0 unreachable=0 never_detected=0 ff_deaths=0 terminal=143 completions=4 recycles=4 removals=4 returns=4 wall=335s [valid 141/194]
[14:23:39] LAUNCH ugD_south_half_937041678 running=7 free_kb=4491212 sims_boxwide=8 attempt=1
[14:23:52] LAUNCH ugY_south_half_937041678 running=8 free_kb=3595572 sims_boxwide=9 attempt=1
[14:24:07] DONE ugD_south_half_791464433 rc=0 336s ugD south/half seed=791464433 rescued=4 dead=0 unreachable=0 never_detected=0 ff_deaths=0 terminal=180 completions=4 recycles=4 removals=4 returns=4 wall=335s [valid 142/194]
[14:24:08] LAUNCH ugC_south_half_954838929 running=8 free_kb=3644380 sims_boxwide=9 attempt=1
[14:24:23] DONE ugD_south_half_706299103 rc=0 258s ugD south/half seed=706299103 rescued=3 dead=0 unreachable=1 never_detected=0 ff_deaths=2 terminal=185 completions=3 recycles=3 removals=3 returns=3 wall=256s [valid 143/194]
[14:24:24] LAUNCH ugD_south_half_954838929 running=8 free_kb=3649980 sims_boxwide=9 attempt=1
[14:24:29] .. alive runid=20260921-103106-1708 event_age=5s | wave=stock total=194 valid=143 running=8 pending=43 launched=151 failed=0 gaveup=0 forkfail=0 free_kb=3649980 sims_boxwide=9 last_event_age=0s last_event_epoch=1789993464
[14:24:37] DONE ugY_south_half_706299103 rc=0 257s ugY south/half seed=706299103 rescued=3 dead=0 unreachable=1 never_detected=0 ff_deaths=2 terminal=185 completions=3 recycles=3 removals=3 returns=3 wall=256s [valid 144/194]
[14:24:37] DONE ugY_south_half_791464433 rc=0 354s ugY south/half seed=791464433 rescued=4 dead=0 unreachable=0 never_detected=0 ff_deaths=1 terminal=234 completions=4 recycles=4 removals=4 returns=4 wall=348s [valid 145/194]
[14:24:38] LAUNCH ugY_south_half_954838929 running=7 free_kb=4585336 sims_boxwide=8 attempt=1
[14:24:51] LAUNCH ugC_south_half_139925734 running=8 free_kb=3682336 sims_boxwide=9 attempt=1
[14:25:29] .. alive runid=20260921-103106-1708 event_age=38s | wave=stock total=194 valid=145 running=8 pending=41 launched=153 failed=0 gaveup=0 forkfail=0 free_kb=3682336 sims_boxwide=9 last_event_age=0s last_event_epoch=1789993491
[14:25:43] DONE ugY_south_half_1364948962 rc=0 150s ugY south/half seed=1364948962 rescued=4 dead=0 unreachable=0 never_detected=0 ff_deaths=0 terminal=140 completions=4 recycles=4 removals=4 returns=4 wall=149s [valid 146/194]
[14:25:44] LAUNCH ugD_south_half_139925734 running=8 free_kb=3662984 sims_boxwide=9 attempt=1
[14:26:29] .. alive runid=20260921-103106-1708 event_age=45s | wave=stock total=194 valid=146 running=8 pending=40 launched=154 failed=0 gaveup=0 forkfail=0 free_kb=3662984 sims_boxwide=9 last_event_age=0s last_event_epoch=1789993544
[14:27:29] .. alive runid=20260921-103106-1708 event_age=105s | wave=stock total=194 valid=146 running=8 pending=40 launched=154 failed=0 gaveup=0 forkfail=0 free_kb=3662984 sims_boxwide=9 last_event_age=0s last_event_epoch=1789993544
[14:27:49] DONE ugC_south_half_937041678 rc=0 263s ugC south/half seed=937041678 rescued=4 dead=0 unreachable=0 never_detected=0 ff_deaths=0 terminal=197 completions=4 recycles=4 removals=4 returns=4 wall=261s [valid 147/194]
[14:27:50] LAUNCH ugY_south_half_139925734 running=8 free_kb=3588904 sims_boxwide=9 attempt=1
[14:28:07] DONE ugD_south_half_937041678 rc=0 268s ugD south/half seed=937041678 rescued=4 dead=0 unreachable=0 never_detected=0 ff_deaths=1 terminal=203 completions=4 recycles=4 removals=4 returns=4 wall=266s [valid 148/194]
[14:28:08] LAUNCH ugC_south_half_1624156665 running=8 free_kb=3634200 sims_boxwide=9 attempt=1
[14:28:20] DONE ugY_south_half_937041678 rc=0 268s ugY south/half seed=937041678 rescued=4 dead=0 unreachable=0 never_detected=0 ff_deaths=1 terminal=203 completions=4 recycles=4 removals=4 returns=4 wall=266s [valid 149/194]
[14:28:21] LAUNCH ugD_south_half_1624156665 running=8 free_kb=3635628 sims_boxwide=9 attempt=1
[14:28:29] .. alive runid=20260921-103106-1708 event_age=8s | wave=stock total=194 valid=149 running=8 pending=37 launched=157 failed=0 gaveup=0 forkfail=0 free_kb=3635628 sims_boxwide=9 last_event_age=0s last_event_epoch=1789993701
[14:29:10] DONE ugD_south_half_954838929 rc=0 286s ugD south/half seed=954838929 rescued=3 dead=1 unreachable=0 never_detected=0 ff_deaths=0 terminal=106 completions=3 recycles=3 removals=3 returns=3 wall=284s [valid 150/194]
[14:29:11] LAUNCH ugY_south_half_1624156665 running=8 free_kb=3584736 sims_boxwide=9 attempt=1
[14:29:30] .. alive runid=20260921-103106-1708 event_age=19s | wave=stock total=194 valid=150 running=8 pending=36 launched=158 failed=0 gaveup=0 forkfail=0 free_kb=3584736 sims_boxwide=9 last_event_age=0s last_event_epoch=1789993751
[14:29:44] DONE ugC_south_half_954838929 rc=0 336s ugC south/half seed=954838929 rescued=3 dead=1 unreachable=0 never_detected=0 ff_deaths=1 terminal=124 completions=3 recycles=3 removals=3 returns=3 wall=335s [valid 151/194]
[14:29:45] LAUNCH ugC_south_half_285242396 running=8 free_kb=3626828 sims_boxwide=9 attempt=1
[14:29:58] DONE ugY_south_half_954838929 rc=0 319s ugY south/half seed=954838929 rescued=3 dead=1 unreachable=0 never_detected=0 ff_deaths=0 terminal=106 completions=3 recycles=3 removals=3 returns=3 wall=306s [valid 152/194]
[14:29:59] LAUNCH ugD_south_half_285242396 running=8 free_kb=3646412 sims_boxwide=9 attempt=1
[14:30:30] .. alive runid=20260921-103106-1708 event_age=31s | wave=stock total=194 valid=152 running=8 pending=34 launched=160 failed=0 gaveup=0 forkfail=0 free_kb=3646412 sims_boxwide=9 last_event_age=0s last_event_epoch=1789993799
[14:30:41] DONE ugD_south_half_139925734 rc=0 297s ugD south/half seed=139925734 rescued=3 dead=1 unreachable=0 never_detected=0 ff_deaths=0 terminal=101 completions=3 recycles=3 removals=3 returns=3 wall=296s [valid 153/194]
[14:30:42] LAUNCH ugY_south_half_285242396 running=8 free_kb=3614816 sims_boxwide=9 attempt=1
[14:31:30] .. alive runid=20260921-103106-1708 event_age=48s | wave=stock total=194 valid=153 running=8 pending=33 launched=161 failed=0 gaveup=0 forkfail=0 free_kb=3614816 sims_boxwide=9 last_event_age=0s last_event_epoch=1789993842
[14:31:35] DONE ugC_south_half_139925734 rc=0 404s ugC south/half seed=139925734 rescued=2 dead=1 unreachable=0 never_detected=0 ff_deaths=1 terminal=None completions=2 recycles=2 removals=2 returns=2 wall=403s [valid 154/194]
[14:31:36] LAUNCH ugC_south_half_573250932 running=8 free_kb=3619108 sims_boxwide=9 attempt=1
[14:32:10] DONE ugC_south_half_1624156665 rc=0 242s ugC south/half seed=1624156665 rescued=4 dead=0 unreachable=0 never_detected=0 ff_deaths=0 terminal=226 completions=4 recycles=4 removals=4 returns=4 wall=240s [valid 155/194]
[14:32:11] LAUNCH ugD_south_half_573250932 running=8 free_kb=3618084 sims_boxwide=9 attempt=1
[14:32:23] DONE ugD_south_half_1624156665 rc=0 242s ugD south/half seed=1624156665 rescued=4 dead=0 unreachable=0 never_detected=0 ff_deaths=0 terminal=192 completions=4 recycles=4 removals=4 returns=4 wall=232s [valid 156/194]
[14:32:24] LAUNCH ugY_south_half_573250932 running=8 free_kb=3632212 sims_boxwide=9 attempt=1
[14:32:30] .. alive runid=20260921-103106-1708 event_age=6s | wave=stock total=194 valid=156 running=8 pending=30 launched=164 failed=0 gaveup=0 forkfail=0 free_kb=3632212 sims_boxwide=9 last_event_age=0s last_event_epoch=1789993944
[14:33:00] DONE ugY_south_half_139925734 rc=0 309s ugY south/half seed=139925734 rescued=3 dead=1 unreachable=0 never_detected=0 ff_deaths=1 terminal=101 completions=3 recycles=3 removals=3 returns=3 wall=308s [valid 157/194]
[14:33:00] LAUNCH ugC_south_half_1048395951 running=8 free_kb=3634908 sims_boxwide=9 attempt=1
[14:33:15] DONE ugY_south_half_1624156665 rc=0 244s ugY south/half seed=1624156665 rescued=4 dead=0 unreachable=0 never_detected=0 ff_deaths=0 terminal=202 completions=4 recycles=4 removals=4 returns=4 wall=243s [valid 158/194]
[14:33:16] LAUNCH ugD_south_half_1048395951 running=8 free_kb=3656468 sims_boxwide=9 attempt=1
[14:33:30] .. alive runid=20260921-103106-1708 event_age=14s | wave=stock total=194 valid=158 running=8 pending=28 launched=166 failed=0 gaveup=0 forkfail=0 free_kb=3656468 sims_boxwide=9 last_event_age=0s last_event_epoch=1789993996
[14:33:30] DONE ugC_south_half_285242396 rc=0 225s ugC south/half seed=285242396 rescued=4 dead=0 unreachable=0 never_detected=0 ff_deaths=0 terminal=130 completions=4 recycles=4 removals=4 returns=4 wall=223s [valid 159/194]
[14:33:31] LAUNCH ugY_south_half_1048395951 running=8 free_kb=3715960 sims_boxwide=9 attempt=1
[14:33:46] DONE ugD_south_half_285242396 rc=0 227s ugD south/half seed=285242396 rescued=4 dead=0 unreachable=0 never_detected=0 ff_deaths=0 terminal=177 completions=4 recycles=4 removals=4 returns=4 wall=226s [valid 160/194]
[14:33:47] LAUNCH ugC_south_half_903347495 running=8 free_kb=3680852 sims_boxwide=9 attempt=1
[14:34:30] .. alive runid=20260921-103106-1708 event_age=43s | wave=stock total=194 valid=160 running=8 pending=26 launched=168 failed=0 gaveup=0 forkfail=0 free_kb=3680852 sims_boxwide=9 last_event_age=0s last_event_epoch=1789994027
[14:34:37] DONE ugY_south_half_285242396 rc=0 235s ugY south/half seed=285242396 rescued=4 dead=0 unreachable=0 never_detected=0 ff_deaths=0 terminal=188 completions=4 recycles=4 removals=4 returns=4 wall=234s [valid 161/194]
[14:34:38] LAUNCH ugD_south_half_903347495 running=8 free_kb=3666104 sims_boxwide=9 attempt=1
[14:35:30] DONE ugC_south_half_573250932 rc=0 234s ugC south/half seed=573250932 rescued=3 dead=0 unreachable=1 never_detected=1 ff_deaths=0 terminal=210 completions=3 recycles=3 removals=3 returns=3 wall=232s [valid 162/194]
[14:35:30] .. alive runid=20260921-103106-1708 event_age=0s | wave=stock total=194 valid=162 running=7 pending=25 launched=169 failed=0 gaveup=0 forkfail=0 free_kb=3666104 sims_boxwide=9 last_event_age=0s last_event_epoch=1789994130
[14:35:31] LAUNCH ugY_south_half_903347495 running=8 free_kb=3604364 sims_boxwide=9 attempt=1
[14:36:05] DONE ugD_south_half_573250932 rc=0 234s ugD south/half seed=573250932 rescued=3 dead=0 unreachable=1 never_detected=1 ff_deaths=0 terminal=210 completions=3 recycles=3 removals=3 returns=3 wall=233s [valid 163/194]
[14:36:06] LAUNCH ugC_east_def_2038269169 running=8 free_kb=3634700 sims_boxwide=9 attempt=1
[14:36:18] DONE ugY_south_half_573250932 rc=0 234s ugY south/half seed=573250932 rescued=3 dead=0 unreachable=1 never_detected=1 ff_deaths=0 terminal=210 completions=3 recycles=3 removals=3 returns=3 wall=232s [valid 164/194]
[14:36:19] LAUNCH ugD_east_def_2038269169 running=8 free_kb=3639128 sims_boxwide=9 attempt=1
[14:36:30] .. alive runid=20260921-103106-1708 event_age=11s | wave=stock total=194 valid=164 running=8 pending=22 launched=172 failed=0 gaveup=0 forkfail=0 free_kb=3639128 sims_boxwide=9 last_event_age=0s last_event_epoch=1789994179
[14:37:30] .. alive runid=20260921-103106-1708 event_age=71s | wave=stock total=194 valid=164 running=8 pending=22 launched=172 failed=0 gaveup=0 forkfail=0 free_kb=3639128 sims_boxwide=9 last_event_age=0s last_event_epoch=1789994179
[14:38:16] DONE ugC_south_half_1048395951 rc=0 316s ugC south/half seed=1048395951 rescued=3 dead=0 unreachable=0 never_detected=0 ff_deaths=1 terminal=None completions=3 recycles=3 removals=3 returns=3 wall=314s [valid 165/194]
[14:38:17] LAUNCH ugY_east_def_2038269169 running=8 free_kb=3570844 sims_boxwide=9 attempt=1
[14:38:29] DONE ugD_south_half_1048395951 rc=0 313s ugD south/half seed=1048395951 rescued=3 dead=0 unreachable=0 never_detected=0 ff_deaths=0 terminal=None completions=3 recycles=3 removals=3 returns=3 wall=308s [valid 166/194]
[14:38:30] LAUNCH ugC_east_def_1749069988 running=8 free_kb=3591216 sims_boxwide=9 attempt=1
[14:38:30] .. alive runid=20260921-103106-1708 event_age=0s | wave=stock total=194 valid=166 running=8 pending=20 launched=174 failed=0 gaveup=0 forkfail=0 free_kb=3591216 sims_boxwide=9 last_event_age=0s last_event_epoch=1789994310
[14:38:49] DONE ugY_south_half_1048395951 rc=0 317s ugY south/half seed=1048395951 rescued=3 dead=0 unreachable=0 never_detected=0 ff_deaths=0 terminal=None completions=3 recycles=3 removals=3 returns=3 wall=316s [valid 167/194]
[14:38:49] LAUNCH ugD_east_def_1749069988 running=8 free_kb=3611816 sims_boxwide=9 attempt=1
[14:39:30] .. alive runid=20260921-103106-1708 event_age=41s | wave=stock total=194 valid=167 running=8 pending=19 launched=175 failed=0 gaveup=0 forkfail=0 free_kb=3611816 sims_boxwide=9 last_event_age=0s last_event_epoch=1789994329
[14:39:59] DONE ugC_south_half_903347495 rc=0 372s ugC south/half seed=903347495 rescued=3 dead=0 unreachable=0 never_detected=0 ff_deaths=0 terminal=None completions=3 recycles=3 removals=3 returns=3 wall=370s [valid 168/194]
[14:40:00] LAUNCH ugY_east_def_1749069988 running=8 free_kb=3600132 sims_boxwide=9 attempt=1
[14:40:30] .. alive runid=20260921-103106-1708 event_age=30s | wave=stock total=194 valid=168 running=8 pending=18 launched=176 failed=0 gaveup=0 forkfail=0 free_kb=3600132 sims_boxwide=9 last_event_age=0s last_event_epoch=1789994400
[14:40:51] DONE ugC_east_def_2038269169 rc=0 284s ugC east/default seed=2038269169 rescued=3 dead=1 unreachable=0 never_detected=0 ff_deaths=0 terminal=233 completions=3 recycles=3 removals=3 returns=3 wall=283s [valid 169/194]
[14:40:52] LAUNCH ugC_east_def_1420331661 running=8 free_kb=3617500 sims_boxwide=9 attempt=1
[14:41:04] DONE ugD_south_half_903347495 rc=0 386s ugD south/half seed=903347495 rescued=2 dead=0 unreachable=0 never_detected=0 ff_deaths=0 terminal=None completions=2 recycles=2 removals=2 returns=2 wall=380s [valid 170/194]
[14:41:04] DONE ugD_east_def_2038269169 rc=0 285s ugD east/default seed=2038269169 rescued=2 dead=0 unreachable=1 never_detected=1 ff_deaths=0 terminal=None completions=2 recycles=2 removals=2 returns=2 wall=273s [valid 171/194]
[14:41:05] LAUNCH ugD_east_def_1420331661 running=7 free_kb=4541412 sims_boxwide=8 attempt=1
[14:41:18] LAUNCH ugY_east_def_1420331661 running=8 free_kb=3630284 sims_boxwide=9 attempt=1
[14:41:31] .. alive runid=20260921-103106-1708 event_age=13s | wave=stock total=194 valid=171 running=8 pending=15 launched=179 failed=0 gaveup=0 forkfail=0 free_kb=3630284 sims_boxwide=9 last_event_age=0s last_event_epoch=1789994478
[14:41:41] DONE ugY_south_half_903347495 rc=0 370s ugY south/half seed=903347495 rescued=2 dead=0 unreachable=0 never_detected=0 ff_deaths=0 terminal=None completions=2 recycles=2 removals=2 returns=2 wall=369s [valid 172/194]
[14:41:42] LAUNCH ugC_east_def_1480870832 running=8 free_kb=3659652 sims_boxwide=9 attempt=1
[14:42:31] .. alive runid=20260921-103106-1708 event_age=49s | wave=stock total=194 valid=172 running=8 pending=14 launched=180 failed=0 gaveup=0 forkfail=0 free_kb=3659652 sims_boxwide=9 last_event_age=0s last_event_epoch=1789994502
[14:43:09] DONE ugY_east_def_2038269169 rc=0 292s ugY east/default seed=2038269169 rescued=2 dead=1 unreachable=0 never_detected=0 ff_deaths=1 terminal=None completions=2 recycles=2 removals=2 returns=2 wall=291s [valid 173/194]
[14:43:10] THROTTLE free_kb=3495516 <= 3500000 running=7
[14:43:22] DONE ugD_east_def_1749069988 rc=0 273s ugD east/default seed=1749069988 rescued=3 dead=1 unreachable=0 never_detected=0 ff_deaths=0 terminal=199 completions=3 recycles=3 removals=3 returns=3 wall=271s [valid 174/194]
[14:43:23] LAUNCH ugD_east_def_1480870832 running=7 free_kb=4368428 sims_boxwide=8 attempt=1
[14:43:31] .. alive runid=20260921-103106-1708 event_age=8s | wave=stock total=194 valid=174 running=7 pending=13 launched=181 failed=0 gaveup=0 forkfail=0 free_kb=4368428 sims_boxwide=8 last_event_age=0s last_event_epoch=1789994603
[14:43:36] LAUNCH ugY_east_def_1480870832 running=8 free_kb=3513564 sims_boxwide=9 attempt=1
[14:43:48] DONE ugC_east_def_1749069988 rc=0 318s ugC east/default seed=1749069988 rescued=3 dead=1 unreachable=0 never_detected=0 ff_deaths=1 terminal=200 completions=3 recycles=3 removals=3 returns=3 wall=311s [valid 175/194]
[14:43:49] THROTTLE free_kb=3461960 <= 3500000 running=7
[14:44:31] .. alive runid=20260921-103106-1708 event_age=43s | wave=stock total=194 valid=175 running=7 pending=12 launched=182 failed=0 gaveup=0 forkfail=0 free_kb=3461960 sims_boxwide=9 last_event_age=1s last_event_epoch=1789994628
[14:45:09] DONE ugY_east_def_1749069988 rc=0 309s ugY east/default seed=1749069988 rescued=3 dead=1 unreachable=0 never_detected=0 ff_deaths=0 terminal=184 completions=3 recycles=3 removals=3 returns=3 wall=307s [valid 176/194]
[14:45:10] LAUNCH ugC_east_half_111 running=7 free_kb=4312908 sims_boxwide=8 attempt=1
[14:45:23] THROTTLE free_kb=3453564 <= 3500000 running=7
[14:45:25] DONE ugC_east_def_1420331661 rc=0 272s ugC east/default seed=1420331661 rescued=4 dead=0 unreachable=0 never_detected=0 ff_deaths=1 terminal=157 completions=4 recycles=4 removals=4 returns=4 wall=271s [valid 177/194]
[14:45:25] LAUNCH ugD_east_half_111 running=7 free_kb=4358360 sims_boxwide=8 attempt=1
[14:45:31] .. alive runid=20260921-103106-1708 event_age=6s | wave=stock total=194 valid=177 running=7 pending=10 launched=184 failed=0 gaveup=0 forkfail=0 free_kb=4358360 sims_boxwide=8 last_event_age=0s last_event_epoch=1789994725
[14:45:38] DONE ugD_east_def_1420331661 rc=0 273s ugD east/default seed=1420331661 rescued=3 dead=1 unreachable=0 never_detected=0 ff_deaths=0 terminal=171 completions=3 recycles=3 removals=3 returns=3 wall=267s [valid 178/194]
[14:45:39] LAUNCH ugC_east_half_222 running=7 free_kb=4370020 sims_boxwide=8 attempt=1
[14:45:51] DONE ugY_east_def_1420331661 rc=0 273s ugY east/default seed=1420331661 rescued=3 dead=1 unreachable=0 never_detected=0 ff_deaths=0 terminal=174 completions=3 recycles=3 removals=3 returns=3 wall=263s [valid 179/194]
[14:45:52] LAUNCH ugD_east_half_222 running=7 free_kb=4358848 sims_boxwide=8 attempt=1
[14:46:05] THROTTLE free_kb=3495904 <= 3500000 running=7
[14:46:27] DONE ugC_east_def_1480870832 rc=0 285s ugC east/default seed=1480870832 rescued=2 dead=2 unreachable=0 never_detected=0 ff_deaths=0 terminal=156 completions=2 recycles=2 removals=2 returns=2 wall=283s [valid 180/194]
[14:46:28] LAUNCH ugC_east_half_333 running=7 free_kb=4396980 sims_boxwide=8 attempt=1
[14:46:31] .. alive runid=20260921-103106-1708 event_age=3s | wave=stock total=194 valid=180 running=7 pending=7 launched=187 failed=0 gaveup=0 forkfail=0 free_kb=4396980 sims_boxwide=8 last_event_age=0s last_event_epoch=1789994788
[14:46:41] LAUNCH ugD_east_half_333 running=8 free_kb=3524492 sims_boxwide=9 attempt=1
[14:47:31] .. alive runid=20260921-103106-1708 event_age=50s | wave=stock total=194 valid=180 running=8 pending=6 launched=188 failed=0 gaveup=0 forkfail=0 free_kb=3524492 sims_boxwide=9 last_event_age=0s last_event_epoch=1789994801
[14:48:10] DONE ugD_east_def_1480870832 rc=0 287s ugD east/default seed=1480870832 rescued=2 dead=1 unreachable=1 never_detected=1 ff_deaths=0 terminal=210 completions=2 recycles=2 removals=2 returns=2 wall=285s [valid 181/194]
[14:48:11] THROTTLE free_kb=3491056 <= 3500000 running=7
[14:48:23] DONE ugY_east_def_1480870832 rc=0 287s ugY east/default seed=1480870832 rescued=2 dead=2 unreachable=0 never_detected=0 ff_deaths=0 terminal=156 completions=2 recycles=2 removals=2 returns=2 wall=286s [valid 182/194]
[14:48:24] LAUNCH ugC_east_half_444 running=7 free_kb=4373888 sims_boxwide=8 attempt=1
[14:48:31] .. alive runid=20260921-103106-1708 event_age=7s | wave=stock total=194 valid=182 running=7 pending=5 launched=189 failed=0 gaveup=0 forkfail=0 free_kb=4373888 sims_boxwide=8 last_event_age=0s last_event_epoch=1789994904
[14:48:37] LAUNCH ugD_east_half_444 running=8 free_kb=3506484 sims_boxwide=9 attempt=1
[14:49:31] .. alive runid=20260921-103106-1708 event_age=54s | wave=stock total=194 valid=182 running=8 pending=4 launched=190 failed=0 gaveup=0 forkfail=0 free_kb=3506484 sims_boxwide=9 last_event_age=0s last_event_epoch=1789994917
[14:50:31] .. alive runid=20260921-103106-1708 event_age=114s | wave=stock total=194 valid=182 running=8 pending=4 launched=190 failed=0 gaveup=0 forkfail=0 free_kb=3506484 sims_boxwide=9 last_event_age=0s last_event_epoch=1789994917
[14:51:31] .. alive runid=20260921-103106-1708 event_age=174s | wave=stock total=194 valid=182 running=8 pending=4 launched=190 failed=0 gaveup=0 forkfail=0 free_kb=3506484 sims_boxwide=9 last_event_age=0s last_event_epoch=1789994917
[14:52:25] DONE ugC_east_half_444 rc=0 240s ugC east/half seed=444 rescued=4 dead=0 unreachable=0 never_detected=0 ff_deaths=0 terminal=226 completions=4 recycles=4 removals=4 returns=4 wall=239s [valid 183/194]
[14:52:26] ADOPTED ugGDa_D_east (already VALID - finished by an orphan) [valid 184/194]
[14:52:27] ADOPTED ugGDb_D_east (already VALID - finished by an orphan) [valid 185/194]
[14:52:27] ADOPTED ugGDc_D_east (already VALID - finished by an orphan) [valid 186/194]
[14:52:28] DEFERRED 1 pending job(s) are live in orphaned processes: outputs/_ffr_ugC_east_half_111.json outputs/_ffr_ugC_east_half_333.json outputs/_ffr_ugD_east_half_444.json outputs/_ffr_ugD_east_half_222.json outputs/_ffr_ugD_east_half_111.json outputs/_ffr_ugD_east_half_333.json outputs/_rblatch_camp2_ugGDs_D_south.json outputs/_ffr_ugC_east_half_222.json
[14:52:31] .. alive runid=20260921-103106-1708 event_age=4s | wave=stock total=194 valid=186 running=7 pending=1 launched=190 failed=0 gaveup=0 forkfail=0 free_kb=3952620 sims_boxwide=8 last_event_age=1s last_event_epoch=1789995147
[14:52:40] DONE ugD_east_half_444 rc=0 243s ugD east/half seed=444 rescued=4 dead=0 unreachable=0 never_detected=0 ff_deaths=0 terminal=226 completions=4 recycles=4 removals=4 returns=4 wall=242s [valid 187/194]
[14:52:59] DONE ugD_east_half_111 rc=0 454s ugD east/half seed=111 rescued=4 dead=0 unreachable=0 never_detected=0 ff_deaths=0 terminal=130 completions=4 recycles=4 removals=4 returns=4 wall=452s [valid 188/194]
[14:53:19] DONE ugC_east_half_111 rc=0 489s ugC east/half seed=111 rescued=4 dead=0 unreachable=0 never_detected=0 ff_deaths=0 terminal=142 completions=4 recycles=4 removals=4 returns=4 wall=488s [valid 189/194]
[14:53:29] DONE ugC_east_half_333 rc=0 420s ugC east/half seed=333 rescued=3 dead=1 unreachable=0 never_detected=0 ff_deaths=1 terminal=98 completions=3 recycles=3 removals=3 returns=3 wall=419s [valid 190/194]
[14:53:30] DONE ugD_east_half_333 rc=0 409s ugD east/half seed=333 rescued=3 dead=1 unreachable=0 never_detected=0 ff_deaths=0 terminal=104 completions=3 recycles=3 removals=3 returns=3 wall=407s [valid 191/194]
[14:53:32] .. alive runid=20260921-103106-1708 event_age=2s | wave=stock total=194 valid=191 running=2 pending=1 launched=190 failed=0 gaveup=0 forkfail=0 free_kb=8700180 sims_boxwide=3 last_event_age=0s last_event_epoch=1789995210
[14:53:47] DONE ugD_east_half_222 rc=0 474s ugD east/half seed=222 rescued=4 dead=0 unreachable=0 never_detected=0 ff_deaths=0 terminal=130 completions=4 recycles=4 removals=4 returns=4 wall=473s [valid 192/194]
[14:53:51] DONE ugC_east_half_222 rc=0 491s ugC east/half seed=222 rescued=4 dead=0 unreachable=0 never_detected=0 ff_deaths=0 terminal=134 completions=4 recycles=4 removals=4 returns=4 wall=490s [valid 193/194]
[14:54:32] .. alive runid=20260921-103106-1708 event_age=42s | wave=stock total=194 valid=193 running=0 pending=1 launched=190 failed=0 gaveup=0 forkfail=0 free_kb=10580888 sims_boxwide=1 last_event_age=33s last_event_epoch=1789995230
[14:54:53] ADOPTED ugGDs_D_south (orphan finished, VALID) [valid 194/194]
[14:54:53] MAIN LOOP LEFT pending=0 running=0
[14:54:55] FINAL SUMMARY total=194 valid=194 invalid=0 missing=0
[14:54:55] FINAL wave=stock SUMMARY total=194 valid=194 invalid=0 missing=0 live_this_wave=0 sims_boxwide=0
[14:54:55] ALL_DCD4RB_COMPLETE wave=stock runid=20260921-103106-1708 valid=194/194 launched=190 failed=0 forkfail=0
[14:55:32] HEARTBEAT EXIT wave=stock runid=20260921-103106-1708 (sentinel)
